ADM2_EN,date,temperature_2m,temperature_2m_max,temperature_2m_min,total_precipitation_sum
Aba North,2024-05-01,301.1159889,306.0408614,299.2497744,0.0044424
Aba North,2024-05-02,300.3721098,304.9884556,298.7831911,0.0094157
Aba North,2024-05-03,299.8959159,302.4662149,297.9173094,0.0053014
Aba North,2024-05-04,300.80456,304.6846913,298.0758672,0.0015064
Aba North,2024-05-05,301.1237308,305.5803823,298.0229252,0.0071091
Aba North,2024-05-06,300.9703336,304.1234501,298.39905,0.0033211
Aba South,2024-05-01,301.1133906,306.0009283,299.2522103,0.0045858
Aba South,2024-05-02,300.3790927,304.9933274,298.785627,0.0094059
Aba South,2024-05-03,299.9122971,302.4691379,297.9353349,0.0050264
Aba South,2024-05-04,300.8095333,304.7066142,298.0535219,0.0015548
Aba South,2024-05-05,301.1322158,305.615946,298.0141561,0.0067885
Aba South,2024-05-06,300.9705771,304.1215014,298.3893065,0.0036946
Abadam,2024-05-01,310.2099375,317.9721364,302.2762023,8.5234632e-07
Abadam,2024-05-02,309.8392085,317.6137071,300.781673,8.5234632e-07
Abadam,2024-05-03,310.188162,317.8150827,302.2570849,0
Abadam,2024-05-04,309.5407877,317.3449674,300.7749687,1.2814998e-06
Abadam,2024-05-05,309.4859613,317.474776,300.3596184,8.7022784e-07
Abadam,2024-05-06,309.4464003,317.5981933,299.9569282,0
Abaji,2024-05-01,306.2119926,310.6339722,302.0532482,7.87e-05
Abaji,2024-05-02,305.48846,310.7043387,301.0715523,0.0009803
Abaji,2024-05-03,305.2069838,310.2129676,301.1789777,3.35e-05
Abaji,2024-05-04,305.8956041,310.9948323,301.1413787,0.0002201
Abaji,2024-05-05,305.90608,311.0971278,301.2620008,0.000186
Abaji,2024-05-06,305.8128476,311.2847508,301.1124254,0.00068
Abak,2024-05-01,301.1890353,305.9549601,299.0818038,0.0065846
Abak,2024-05-02,300.2936654,304.4731401,298.7711901,0.0077423
Abak,2024-05-03,299.7006425,302.4756416,297.6130731,0.006831
Abak,2024-05-04,300.8845167,304.5566198,298.0863735,0.0011499
Abak,2024-05-05,301.2184318,305.2473181,298.3381637,0.0098197
Abak,2024-05-06,301.0622881,304.1888021,298.5160165,0.0041644
Abakaliki,2024-05-01,304.0814672,310.1765511,301.0546155,0.0011463
Abakaliki,2024-05-02,303.0881115,307.3551407,300.5166686,0.0005944
Abakaliki,2024-05-03,302.7372585,307.9332561,300.1217744,0.0068447
Abakaliki,2024-05-04,302.9278199,306.5479556,299.8037154,0.0002003
Abakaliki,2024-05-05,303.6031925,308.9727171,299.8601496,0.0017755
Abakaliki,2024-05-06,303.7542158,309.0917088,300.5994206,0.0033584
Abeokuta North,2024-05-01,302.9928155,307.2382467,300.4968028,0.0001207
Abeokuta North,2024-05-02,302.5720613,307.3317771,299.8426706,0.0013075
Abeokuta North,2024-05-03,302.5192083,308.7557109,299.5243167,0.0016556
Abeokuta North,2024-05-04,302.6543348,308.1812532,298.8657168,0.0002736
Abeokuta North,2024-05-05,302.7095527,307.0330811,299.0025624,0.0009093
Abeokuta North,2024-05-06,302.7581804,307.8281543,299.3305953,0.0001705
Abeokuta South,2024-05-01,302.8695906,307.1142682,300.4377006,0.0002247
Abeokuta South,2024-05-02,302.4006394,306.9519587,299.8058967,0.0025746
Abeokuta South,2024-05-03,302.159822,308.0261166,299.3596069,0.0025461
Abeokuta South,2024-05-04,302.3350362,307.8340664,298.4925753,0.0002228
Abeokuta South,2024-05-05,302.4921046,306.416052,298.9028092,0.0014217
Abeokuta South,2024-05-06,302.6830294,307.7697403,299.4087175,0.000144
Abi,2024-05-01,303.2662993,309.3162399,300.5680868,0.0012016
Abi,2024-05-02,301.9732101,306.1266629,299.9719424,0.0025847
Abi,2024-05-03,301.676758,306.0957423,299.5306957,0.0068525
Abi,2024-05-04,302.0554279,305.7671934,299.2049405,0.0009095
Abi,2024-05-05,302.765463,307.8798079,299.1785247,0.0024355
Abi,2024-05-06,302.9215219,307.6331773,299.9388827,0.0027605
Aboh-Mbaise,2024-05-01,301.341901,307.2176716,299.228174,0.0047882
Aboh-Mbaise,2024-05-02,300.3368187,305.3226838,298.5759942,0.0138173
Aboh-Mbaise,2024-05-03,299.8048813,303.0272595,298.1993501,0.0087356
Aboh-Mbaise,2024-05-04,300.5851319,305.260706,297.4713291,0.0047246
Aboh-Mbaise,2024-05-05,301.1524535,306.7116342,297.5374031,0.0058706
Aboh-Mbaise,2024-05-06,301.2061048,304.688986,298.2499748,0.001361
Abua/Odual,2024-05-01,301.3597487,305.042896,299.9659321,0.0130759
Abua/Odual,2024-05-02,300.6555726,304.2268924,298.8513912,0.0188768
Abua/Odual,2024-05-03,300.3341085,302.3345823,298.85581,0.0043431
Abua/Odual,2024-05-04,301.4149194,305.1270584,299.2125992,0.0048421
Abua/Odual,2024-05-05,301.6654162,305.4077186,298.5902612,0.003263
Abua/Odual,2024-05-06,301.026991,303.8621027,299.1622896,0.0063885
Abuja Municipal,2024-05-01,304.2854513,308.6862902,300.6124653,0.000726
Abuja Municipal,2024-05-02,303.2038634,307.7972008,299.6320006,0.0015223
Abuja Municipal,2024-05-03,302.7431012,306.6689419,299.4776464,2.22e-05
Abuja Municipal,2024-05-04,303.7165689,308.3149936,299.6488613,0.0002405
Abuja Municipal,2024-05-05,303.756343,307.7543915,299.7215055,0.0001671
Abuja Municipal,2024-05-06,303.7802274,308.7240213,299.5252902,0.0010733
Adavi,2024-05-01,304.0525387,310.4541063,300.6641348,0.0011255
Adavi,2024-05-02,303.5840559,309.3279672,299.8411914,0.000244
Adavi,2024-05-03,303.5357,309.067398,299.7787803,0.0004987
Adavi,2024-05-04,303.9449334,310.0979539,299.3394805,0.0004982
Adavi,2024-05-05,304.0371779,310.6637199,299.6772772,0.0008556
Adavi,2024-05-06,304.4280113,310.2443681,299.8817683,7.62e-05
Ado,2024-05-01,304.6757366,311.0030025,301.2712335,0.0003011
Ado,2024-05-02,303.688859,308.6837832,300.3670663,0.0005463
Ado,2024-05-03,303.2212366,308.9407737,300.0728581,0.0044657
Ado,2024-05-04,303.5763936,308.4387801,299.6628323,0.0002629
Ado,2024-05-05,304.2964717,310.4685624,300.0775413,0.0004929
Ado,2024-05-06,304.3109075,310.1954299,300.6702364,0.002359
Ado-Odo/Ota,2024-05-01,302.4821436,305.4374675,300.6689468,0.0009281
Ado-Odo/Ota,2024-05-02,302.2425562,305.52269,300.1130572,0.001071
Ado-Odo/Ota,2024-05-03,301.9748359,306.5619691,299.6324934,0.0021476
Ado-Odo/Ota,2024-05-04,302.0581409,305.6713436,299.3928229,0.0007188
Ado-Odo/Ota,2024-05-05,302.5227414,305.6015343,299.9718236,0.0006251
Ado-Odo/Ota,2024-05-06,302.2261562,305.9997308,299.6903176,0.0007523
Ado Ekiti,2024-05-01,300.665366,306.5267191,298.4550657,0.0035199
Ado Ekiti,2024-05-02,300.521445,305.8077247,297.5394463,0.0006816
Ado Ekiti,2024-05-03,300.2278098,305.9078207,297.7333779,0.0026695
Ado Ekiti,2024-05-04,300.5769856,306.6728095,296.8665681,0.0002198
Ado Ekiti,2024-05-05,301.0278149,306.5787765,297.5899519,0.0007752
Ado Ekiti,2024-05-06,300.566503,305.6286713,297.6621154,0.0003092
Afijio,2024-05-01,302.2118186,308.2668315,299.6158694,0.0016828
Afijio,2024-05-02,301.9696462,307.6698352,298.8214323,0.0007131
Afijio,2024-05-03,302.0747059,308.9714749,298.9893315,0.0041969
Afijio,2024-05-04,302.182133,308.3974613,297.7796382,0.0002376
Afijio,2024-05-05,302.43829,307.6987635,298.2908984,0.0003685
Afijio,2024-05-06,302.0017803,306.9464642,298.7548557,5.68e-05
Afikpo North,2024-05-01,303.2494413,309.4446394,300.5556899,0.0011006
Afikpo North,2024-05-02,301.9158994,305.957149,299.89608,0.0031318
Afikpo North,2024-05-03,301.5535957,305.980044,299.5065946,0.0080774
Afikpo North,2024-05-04,302.0318598,305.9926322,299.1228015,0.0007826
Afikpo North,2024-05-05,302.6634678,307.9706794,299.1563741,0.0036303
Afikpo North,2024-05-06,302.8469045,307.4745175,299.8547068,0.0022184
Afikpo South,2024-05-01,302.9165052,309.1599036,300.3461304,0.0016505
Afikpo South,2024-05-02,301.6038301,305.7116575,299.633222,0.0035169
Afikpo South,2024-05-03,301.2270077,305.5421172,299.3111032,0.0070093
Afikpo South,2024-05-04,301.7949255,305.9556164,298.8517859,0.0009301
Afikpo South,2024-05-05,302.3287106,307.7204043,298.9168604,0.0042801
Afikpo South,2024-05-06,302.5336338,306.9757108,299.5615651,0.0018694
Agaie,2024-05-01,306.7694376,311.0698051,302.4063232,9.83e-05
Agaie,2024-05-02,305.8802529,311.5426547,301.6421777,0.0018737
Agaie,2024-05-03,305.812281,310.9696435,301.5329449,1.48e-05
Agaie,2024-05-04,306.5552414,311.7406596,301.5476722,9.94e-05
Agaie,2024-05-05,306.5907221,312.031768,301.6585893,8.84e-05
Agaie,2024-05-06,306.5141189,312.2429837,301.5765365,0.0001982
Agatu,2024-05-01,306.2337927,313.190269,300.6538985,0.0121013
Agatu,2024-05-02,304.8279102,309.6404524,300.9429302,3.98e-05
Agatu,2024-05-03,304.2653969,309.0795683,300.8824982,0.0003316
Agatu,2024-05-04,305.0621442,310.2186824,300.9309362,0.0003801
Agatu,2024-05-05,305.0632538,309.8407114,301.11022,9.72e-05
Agatu,2024-05-06,305.0539368,310.8200869,300.7537516,0.0050395
Agege,2024-05-01,302.5647717,305.6005859,300.7718048,0.0006404
Agege,2024-05-02,302.3823808,305.5342865,300.3085632,0.0009781
Agege,2024-05-03,301.8908831,306.105957,299.6659851,0.0063788
Agege,2024-05-04,302.2082386,305.614563,299.983017,0.0005038
Agege,2024-05-05,302.6305548,305.4595795,300.0673828,0.0005132
Agege,2024-05-06,302.3170261,306.0914459,300.0173645,0.0011133
Aguata,2024-05-01,301.6049537,308.0249914,299.213226,0.0061663
Aguata,2024-05-02,300.4924089,305.791316,298.6462263,0.0077958
Aguata,2024-05-03,300.3967613,304.9926407,298.4545852,0.0085333
Aguata,2024-05-04,301.0695848,306.3842075,298.0190638,0.0037014
Aguata,2024-05-05,301.4863808,307.5587106,297.7894357,0.0066632
Aguata,2024-05-06,301.4594413,305.7202371,298.6311552,0.0008253
Agwara,2024-05-01,307.6186259,312.8892861,303.1361061,6.91e-05
Agwara,2024-05-02,306.7850679,311.7614084,302.7190435,0.0001382
Agwara,2024-05-03,306.8404348,311.5227154,302.7396316,1.9301426e-08
Agwara,2024-05-04,307.3684558,312.6744156,302.340211,1.7227263e-06
Agwara,2024-05-05,307.6722563,312.7590072,302.5373403,2.5987538e-06
Agwara,2024-05-06,307.5919602,312.4251175,303.1937393,7.61e-05
Ahiazu-Mbaise,2024-05-01,301.4147302,307.5510038,299.2687625,0.0046977
Ahiazu-Mbaise,2024-05-02,300.3092059,305.4141778,298.5099254,0.0138034
Ahiazu-Mbaise,2024-05-03,299.7926637,303.5240678,298.1983192,0.0104186
Ahiazu-Mbaise,2024-05-04,300.5822062,305.4917571,297.3238529,0.0045033
Ahiazu-Mbaise,2024-05-05,301.1908065,307.0165241,297.619094,0.0064394
Ahiazu-Mbaise,2024-05-06,301.2587547,305.0214357,298.3153567,0.0009847
Ahoada East,2024-05-01,301.2822331,305.9230309,299.7280212,0.0125386
Ahoada East,2024-05-02,300.6592676,304.7784312,298.873632,0.0187891
Ahoada East,2024-05-03,300.2660788,302.3832007,298.6269578,0.0030642
Ahoada East,2024-05-04,301.0863999,305.3313347,298.6829259,0.0060182
Ahoada East,2024-05-05,301.5176719,306.2076333,298.2678071,0.005385
Ahoada East,2024-05-06,301.1434561,304.6955376,298.9558812,0.0048731
Ahoada West,2024-05-01,301.3277975,305.7919112,299.8248683,0.0137365
Ahoada West,2024-05-02,300.6963202,304.6400636,298.8038504,0.0207276
Ahoada West,2024-05-03,300.3323339,302.370779,298.8056547,0.0039277
Ahoada West,2024-05-04,301.0877901,305.3505647,298.7972796,0.0068076
Ahoada West,2024-05-05,301.5233923,306.0957515,298.2330182,0.0048215
Ahoada West,2024-05-06,301.0848482,304.6408868,299.0213747,0.0043376
Aiyedade,2024-05-01,301.3508912,306.4070758,299.5709096,0.0039364
Aiyedade,2024-05-02,301.1849142,305.6294215,298.6943733,0.0016473
Aiyedade,2024-05-03,301.0467284,306.5429522,298.248168,0.00401
Aiyedade,2024-05-04,300.9641101,306.5278792,297.1533803,0.0008823
Aiyedade,2024-05-05,301.3996479,305.5657568,298.0438338,0.0013147
Aiyedade,2024-05-06,300.8533247,304.739555,298.906962,0.0006999
Aiyedire,2024-05-01,301.6064915,307.1819094,299.5368681,0.0015551
Aiyedire,2024-05-02,301.4018276,306.3690191,298.7274305,0.0009512
Aiyedire,2024-05-03,301.4091361,307.3284016,298.7688103,0.0030496
Aiyedire,2024-05-04,301.3558847,307.3121586,297.4981177,0.0004336
Aiyedire,2024-05-05,301.7918752,306.4432866,298.1114957,0.0003623
Aiyedire,2024-05-06,301.1432319,305.0533222,299.0093227,0.0002692
Aiyekire (Gbonyin),2024-05-01,300.7584617,306.6952605,298.5165391,0.0034234
Aiyekire (Gbonyin),2024-05-02,300.7062001,306.5507915,297.559343,0.0005623
Aiyekire (Gbonyin),2024-05-03,300.4810154,306.3031278,297.9818389,0.0016629
Aiyekire (Gbonyin),2024-05-04,300.9058095,307.0601568,297.0501186,0.0001909
Aiyekire (Gbonyin),2024-05-05,301.2436188,306.9634838,297.8095817,0.0009736
Aiyekire (Gbonyin),2024-05-06,301.0765519,306.796954,297.8424368,0.0004786
Ajaokuta,2024-05-01,304.264444,310.8825339,300.8768682,0.0008976
Ajaokuta,2024-05-02,303.6681709,309.3834057,300.110479,0.0001884
Ajaokuta,2024-05-03,303.6569703,309.0979722,300.0308408,0.0005584
Ajaokuta,2024-05-04,304.0310825,310.245117,299.5223756,0.0023959
Ajaokuta,2024-05-05,304.1546426,310.7258282,299.8289101,0.000512
Ajaokuta,2024-05-06,304.4275905,310.0589334,300.0765164,5.27e-05
Ajeromi-Ifelodun,2024-05-01,302.6247111,305.1362065,301.1295196,0.000798
Ajeromi-Ifelodun,2024-05-02,302.5454955,304.9936903,300.3641201,0.0016441
Ajeromi-Ifelodun,2024-05-03,302.0674386,305.3264214,300.0597145,0.0049008
Ajeromi-Ifelodun,2024-05-04,302.5099697,305.2628944,299.9080129,0.0003689
Ajeromi-Ifelodun,2024-05-05,302.9832874,305.3068204,301.0969888,0.0004244
Ajeromi-Ifelodun,2024-05-06,302.4236914,305.3338273,300.4821744,0.0028615
Ajingi,2024-05-01,307.5909738,314.5990825,299.3541571,1.2709442e-06
Ajingi,2024-05-02,307.3124278,314.5963783,300.6584596,8.0737189e-06
Ajingi,2024-05-03,306.7736614,313.0235129,300.5619637,0
Ajingi,2024-05-04,307.1929424,314.0123335,300.4124789,1.9181772e-06
Ajingi,2024-05-05,307.9354774,315.3395731,300.6299576,8.7022784e-07
Ajingi,2024-05-06,307.3053205,313.9009313,300.5091521,0
Akamkpa,2024-05-01,300.8529995,305.7479427,298.6108369,0.0052913
Akamkpa,2024-05-02,300.0662418,304.3987732,298.4834443,0.0085526
Akamkpa,2024-05-03,299.762434,302.6664335,298.0031392,0.0019136
Akamkpa,2024-05-04,300.3847455,303.5525622,297.8623598,0.0009375
Akamkpa,2024-05-05,300.6167126,304.9318112,297.640576,0.0075816
Akamkpa,2024-05-06,300.6293581,304.8812974,297.9642743,0.0082922
Akinyele,2024-05-01,301.9720268,307.639819,299.6353726,0.0022306
Akinyele,2024-05-02,301.6256541,307.0185011,298.8461458,0.0009843
Akinyele,2024-05-03,301.6982168,308.1505674,298.9088931,0.0049016
Akinyele,2024-05-04,301.7994887,308.0075237,297.6660455,0.0002821
Akinyele,2024-05-05,302.025197,306.7653566,298.1924994,0.000624
Akinyele,2024-05-06,301.6675338,306.4901617,298.7328532,0.0001275
Akko,2024-05-01,308.2330499,313.647287,303.1933037,1.9619174e-06
Akko,2024-05-02,306.8868811,311.9855321,301.4338518,1.77e-05
Akko,2024-05-03,306.6532574,311.4067229,302.381986,4.2e-05
Akko,2024-05-04,306.0125914,311.8579725,300.0033511,3.51e-05
Akko,2024-05-05,306.5597045,311.9103808,301.8083955,8.71e-05
Akko,2024-05-06,305.8053117,311.8278195,301.3117325,0.001502
Akoko-Edo,2024-05-01,301.8050959,307.9184492,298.9351297,0.00182
Akoko-Edo,2024-05-02,301.4844662,307.1367919,298.3491894,0.0007417
Akoko-Edo,2024-05-03,301.4154384,307.1322039,298.4610311,0.0014261
Akoko-Edo,2024-05-04,301.8779453,308.0657053,297.6323576,0.0005853
Akoko-Edo,2024-05-05,302.074373,308.5720914,298.3810529,0.0019437
Akoko-Edo,2024-05-06,302.3145721,308.3165236,298.4647358,0.0001756
Akoko North East,2024-05-01,301.1621541,307.0641093,298.5236014,0.0029531
Akoko North East,2024-05-02,301.0381733,307.2735674,297.6888092,0.0007672
Akoko North East,2024-05-03,300.8415424,306.8240756,298.0463936,0.0024692
Akoko North East,2024-05-04,301.3456354,307.6392285,297.2292244,0.0001263
Akoko North East,2024-05-05,301.5246779,307.9609781,297.9788393,0.0010851
Akoko North East,2024-05-06,301.7407044,308.2985083,297.9896712,0.000411
Akoko North West,2024-05-01,300.8573892,306.8159339,298.2833137,0.0036796
Akoko North West,2024-05-02,300.7975772,307.0298406,297.2954904,0.0005121
Akoko North West,2024-05-03,300.5170818,306.4960896,297.7146172,0.0026626
Akoko North West,2024-05-04,301.0667813,307.3388311,296.9743192,0.0001415
Akoko North West,2024-05-05,301.2170307,307.4160629,297.6068444,0.0006936
Akoko North West,2024-05-06,301.397002,308.0777713,297.6598405,0.0005335
Akoko South East,2024-05-01,301.3011211,307.1557068,298.5959494,0.0030523
Akoko South East,2024-05-02,301.1124756,307.3419806,297.8864902,0.0010612
Akoko South East,2024-05-03,300.9638396,306.8668352,298.1795818,0.0027388
Akoko South East,2024-05-04,301.4500845,307.6955802,297.2842306,0.0001083
Akoko South East,2024-05-05,301.6408769,308.2872005,298.1135829,0.001506
Akoko South East,2024-05-06,301.8704874,308.2487887,298.0835886,0.000439
Akoko South West,2024-05-01,301.0961606,307.0165429,298.5931738,0.0026076
Akoko South West,2024-05-02,300.9612546,306.9662973,297.9721925,0.0008243
Akoko South West,2024-05-03,300.8131986,306.7300418,298.3118413,0.0019249
Akoko South West,2024-05-04,301.2585341,307.4876265,297.3061924,0.0002214
Akoko South West,2024-05-05,301.5635549,307.7687088,298.2472618,0.0014341
Akoko South West,2024-05-06,301.614847,307.7720592,298.2167549,0.0002854
Akpabuyo,2024-05-01,300.8154617,304.7995502,298.1566027,0.0193636
Akpabuyo,2024-05-02,300.1949076,303.7672002,298.5541961,0.013645
Akpabuyo,2024-05-03,299.7374436,301.8379361,298.0328314,0.0142564
Akpabuyo,2024-05-04,301.0185086,303.468318,298.8718098,0.0011432
Akpabuyo,2024-05-05,301.1880083,304.4135681,298.2394109,0.0055745
Akpabuyo,2024-05-06,301.054686,303.9849205,298.7695965,0.0085223
Akuku Toru,2024-05-01,301.5404129,304.2254363,300.3067045,0.0118585
Akuku Toru,2024-05-02,300.8064588,303.3801512,299.3468143,0.0134555
Akuku Toru,2024-05-03,300.5577525,302.4558568,299.0669166,0.0080815
Akuku Toru,2024-05-04,301.8887148,304.3037843,300.0524857,0.0017177
Akuku Toru,2024-05-05,301.8625099,304.5174907,299.4688967,0.0015261
Akuku Toru,2024-05-06,301.2373441,303.0651668,299.8165153,0.0074981
Akure North,2024-05-01,300.6258269,306.2389163,298.7092344,0.0041899
Akure North,2024-05-02,300.4493844,305.4776134,298.14747,0.0010756
Akure North,2024-05-03,300.1747529,305.2754713,297.8745565,0.004986
Akure North,2024-05-04,300.4741628,306.2886963,297.1460205,0.000527
Akure North,2024-05-05,301.0789788,306.2399234,298.0371888,0.0014155
Akure North,2024-05-06,300.6244013,305.2915068,298.0951518,0.0004159
Akure South,2024-05-01,300.414445,305.6926663,298.5770232,0.0059848
Akure South,2024-05-02,300.2601308,304.8252192,298.1322997,0.0010957
Akure South,2024-05-03,299.9508106,304.8177359,297.6646651,0.0064208
Akure South,2024-05-04,300.1872556,305.751448,297.0087177,0.0007197
Akure South,2024-05-05,300.8431186,305.7315077,297.8734346,0.0014152
Akure South,2024-05-06,300.3270969,304.6180255,298.0859787,0.000364
Akwanga,2024-05-01,304.4432068,309.6914273,299.2556553,0.0029931
Akwanga,2024-05-02,302.8665551,307.8429576,299.0751448,0.0004694
Akwanga,2024-05-03,302.8978307,307.4954476,299.4761295,0.0002247
Akwanga,2024-05-04,303.2616497,308.2446829,299.2526429,0.0006035
Akwanga,2024-05-05,303.3250376,307.2065543,299.8516683,0.0001099
Akwanga,2024-05-06,303.4897653,308.834313,299.1159689,0.0044965
Albasu,2024-05-01,307.072716,313.8209456,300.4446323,1.7942656e-06
Albasu,2024-05-02,306.6530626,313.5759859,300.9419156,2.52e-05
Albasu,2024-05-03,306.3544291,312.4071282,300.6549915,0
Albasu,2024-05-04,306.815445,313.4105907,300.4854016,1.635119e-06
Albasu,2024-05-05,307.4823169,314.3902814,300.5897747,8.7022784e-07
Albasu,2024-05-06,306.5900997,313.1351449,300.1552832,7.3603208e-07
Aleiro,2024-05-01,308.6201952,315.1525319,301.734717,8.5234632e-07
Aleiro,2024-05-02,307.714439,313.7409819,303.3551485,0.0004628
Aleiro,2024-05-03,308.3856693,313.4957455,303.0818142,1.1e-05
Aleiro,2024-05-04,308.9722766,314.7892704,303.3427851,1.2814998e-06
Aleiro,2024-05-05,309.2234278,314.8944232,303.4425001,8.7022784e-07
Aleiro,2024-05-06,307.7986351,314.2045433,301.8378561,0.0036982
Alimosho,2024-05-01,302.5315646,305.3368602,300.835734,0.0007966
Alimosho,2024-05-02,302.3661441,305.3128504,300.2696582,0.0011879
Alimosho,2024-05-03,301.9271388,305.9306315,299.7628917,0.0047992
Alimosho,2024-05-04,302.2315224,305.460952,299.7928284,0.0004917
Alimosho,2024-05-05,302.6750665,305.3644134,300.3287785,0.000527
Alimosho,2024-05-06,302.2991092,305.8018179,300.1039913,0.0015364
Alkaleri,2024-05-01,308.6905945,314.0459288,303.4651935,6.2691125e-06
Alkaleri,2024-05-02,306.9800968,312.176126,301.4805437,5.98e-05
Alkaleri,2024-05-03,306.7316305,312.0735528,302.4478252,3.42e-05
Alkaleri,2024-05-04,306.095769,312.160975,300.1415375,8.33e-05
Alkaleri,2024-05-05,306.4944501,311.9345777,301.7137052,0.0001078
Alkaleri,2024-05-06,305.8568436,311.9781244,301.3375353,0.0007843
Amuwo-Odofin,2024-05-01,302.5698433,304.7311938,301.2406409,0.0009508
Amuwo-Odofin,2024-05-02,302.5183984,304.5930762,300.3645016,0.0019492
Amuwo-Odofin,2024-05-03,302.1058782,304.8894745,300.307129,0.0036507
Amuwo-Odofin,2024-05-04,302.4068881,304.8786215,299.9316101,0.0003471
Amuwo-Odofin,2024-05-05,303.0167615,305.0500912,301.3548571,0.0003992
Amuwo-Odofin,2024-05-06,302.3795917,304.8570734,300.4660669,0.0033512
Anambra East,2024-05-01,302.8600877,309.6585065,300.0636939,0.0014473
Anambra East,2024-05-02,301.8988081,307.3418928,299.6328191,0.0018676
Anambra East,2024-05-03,301.9993912,307.2819226,299.5541343,0.0033889
Anambra East,2024-05-04,302.5634153,308.3092653,299.4497671,0.0021562
Anambra East,2024-05-05,303.136964,309.0972333,299.1075255,0.0011036
Anambra East,2024-05-06,302.8740002,307.3190124,299.9450701,0.0003447
Anambra West,2024-05-01,303.4051921,310.342919,300.4729965,0.0014572
Anambra West,2024-05-02,302.4079189,307.7189776,300.0466622,0.0009602
Anambra West,2024-05-03,302.5925362,307.8903418,300.0139424,0.0031676
Anambra West,2024-05-04,303.0437547,308.925551,299.8376357,0.0033915
Anambra West,2024-05-05,303.6121321,309.497948,299.5998518,0.0004551
Anambra West,2024-05-06,303.3849861,308.1827501,300.4113085,0.0002726
Anaocha,2024-05-01,301.6740889,308.072928,299.1467299,0.0057024
Anaocha,2024-05-02,300.6086575,305.8478569,298.6653608,0.0051221
Anaocha,2024-05-03,300.6516032,305.417908,298.5388361,0.006948
Anaocha,2024-05-04,301.2546526,306.731062,298.1982229,0.003672
Anaocha,2024-05-05,301.6022166,307.5326801,297.9227675,0.0053859
Anaocha,2024-05-06,301.5471362,305.8108153,298.7115959,0.0007452
Andoni,2024-05-01,301.2353288,303.6832814,299.7514764,0.0141586
Andoni,2024-05-02,300.6370755,302.7121503,299.393955,0.013962
Andoni,2024-05-03,300.4687628,302.2524616,298.8813141,0.0146846
Andoni,2024-05-04,301.943111,303.8089907,299.9152368,0.0007056
Andoni,2024-05-05,301.7762823,303.7649057,299.9474015,0.0031463
Andoni,2024-05-06,301.3173873,302.8350205,299.8780225,0.006859
Aninri,2024-05-01,303.2809856,309.853064,300.6541273,0.0017376
Aninri,2024-05-02,302.0087416,306.605763,299.8019178,0.0009578
Aninri,2024-05-03,301.7088708,306.6973362,299.5653436,0.0051981
Aninri,2024-05-04,302.3629369,307.1153387,299.0400738,0.0008668
Aninri,2024-05-05,302.8328059,308.960597,299.3567539,0.0031566
Aninri,2024-05-06,303.0115818,307.604753,299.9106508,0.0008126
Aniocha North,2024-05-01,301.3721803,307.8232934,298.6541231,0.0053862
Aniocha North,2024-05-02,300.5728256,305.6843573,298.6222494,0.0023094
Aniocha North,2024-05-03,300.9359327,306.0500614,298.6678803,0.0020455
Aniocha North,2024-05-04,301.3852868,307.362142,298.565024,0.0043045
Aniocha North,2024-05-05,301.9825059,308.11671,298.0547768,0.0015968
Aniocha North,2024-05-06,301.6109751,306.2992776,298.8567485,0.000462
Aniocha South,2024-05-01,301.4884995,307.8357805,299.0194058,0.0066157
Aniocha South,2024-05-02,300.755236,305.8540765,298.7477427,0.0026492
Aniocha South,2024-05-03,300.9483477,306.1178582,298.6313118,0.0020482
Aniocha South,2024-05-04,301.4680198,307.3445744,298.90849,0.0057148
Aniocha South,2024-05-05,302.0999844,308.0579901,298.1005518,0.0013293
Aniocha South,2024-05-06,301.6488412,305.8756716,298.8922796,0.0003916
Anka,2024-05-01,306.9587461,313.5117728,300.7337492,9.6724413e-06
Anka,2024-05-02,306.8517789,312.5104341,302.3295838,7.12e-05
Anka,2024-05-03,306.6146719,312.002269,302.1764838,0
Anka,2024-05-04,306.9723203,312.9694913,301.6294467,2.4012593e-06
Anka,2024-05-05,307.237599,313.0994497,301.7443865,4.9362679e-06
Anka,2024-05-06,305.9016519,312.9802143,301.7309046,0.0025951
Ankpa,2024-05-01,303.78568,310.6483967,299.6395095,0.0057555
Ankpa,2024-05-02,302.5740173,307.9007497,298.8667341,0.0003501
Ankpa,2024-05-03,302.3794498,307.411064,298.7515794,0.0012977
Ankpa,2024-05-04,303.0388354,308.5933192,298.8751785,0.0010758
Ankpa,2024-05-05,303.1125212,308.6780476,298.8317438,0.0002798
Ankpa,2024-05-06,302.9087667,308.8692852,299.1012099,0.0025889
Apa,2024-05-01,305.6821684,312.8137902,300.3282449,0.0116514
Apa,2024-05-02,304.1954218,309.1219597,300.36292,0.0001251
Apa,2024-05-03,303.6771734,308.7122898,300.1998026,0.0005514
Apa,2024-05-04,304.4304713,309.8350453,300.1923937,0.0002454
Apa,2024-05-05,304.5972927,309.6388482,300.4450856,9.58e-05
Apa,2024-05-06,304.5196505,310.4983449,300.4640891,0.004244
Apapa,2024-05-01,302.6224796,304.9274671,301.3282832,0.0007558
Apapa,2024-05-02,302.576723,304.5658553,300.3800529,0.0022688
Apapa,2024-05-03,302.0571156,304.5539097,300.223693,0.0053883
Apapa,2024-05-04,302.485031,304.8620715,300.1899244,0.0002536
Apapa,2024-05-05,303.1307312,305.0833162,301.5014364,0.0003774
Apapa,2024-05-06,302.41605,304.7867098,300.549744,0.0039259
Ardo-Kola,2024-05-01,308.4718258,313.5642525,304.0310246,0.0001045
Ardo-Kola,2024-05-02,307.1357869,311.6538764,302.8272036,0.0001821
Ardo-Kola,2024-05-03,306.0176989,311.3527275,302.0600496,0.0002066
Ardo-Kola,2024-05-04,306.4517315,311.9854032,301.5418429,9.17e-05
Ardo-Kola,2024-05-05,306.7084767,311.8379636,302.943987,0.0003543
Ardo-Kola,2024-05-06,306.9577141,312.4045534,302.3036929,0.0002795
Arewa-Dandi,2024-05-01,309.0482285,316.0839766,300.109085,8.5234632e-07
Arewa-Dandi,2024-05-02,308.432708,314.361892,303.2415687,0.0002586
Arewa-Dandi,2024-05-03,308.7347113,314.2330877,303.2592947,4e-05
Arewa-Dandi,2024-05-04,309.3194764,315.4271109,303.6330007,1.2814998e-06
Arewa-Dandi,2024-05-05,309.4367311,315.4473242,303.3922629,8.7022784e-07
Arewa-Dandi,2024-05-06,308.2181674,314.9266798,301.8422072,0.0047118
Argungu,2024-05-01,309.2975092,315.9162445,301.4994859,8.5234632e-07
Argungu,2024-05-02,308.5176304,314.7280078,303.7346853,0.0001027
Argungu,2024-05-03,308.8219726,313.867033,303.6206267,4.7331802e-06
Argungu,2024-05-04,309.3858926,315.1952525,303.9765984,1.2814998e-06
Argungu,2024-05-05,309.6147652,315.3789633,303.9215537,8.7022784e-07
Argungu,2024-05-06,308.0859423,314.7252998,301.6778388,0.0058417
Arochukwu,2024-05-01,302.0822079,308.102569,299.7621245,0.0029821
Arochukwu,2024-05-02,300.868909,305.1220399,299.1486405,0.0057611
Arochukwu,2024-05-03,300.3050271,303.8609689,298.6071106,0.0053805
Arochukwu,2024-05-04,301.0558095,305.3101262,298.1368365,0.0024518
Arochukwu,2024-05-05,301.5303507,306.4491376,298.1409603,0.0068143
Arochukwu,2024-05-06,301.8876749,305.7759464,298.8565155,0.0032144
Asa,2024-05-01,303.0841327,309.823706,299.424462,0.0005024
Asa,2024-05-02,302.9507804,309.4591227,298.7167405,0.0003691
Asa,2024-05-03,302.942393,309.950908,298.7524175,0.0006956
Asa,2024-05-04,303.232444,310.0447971,298.107359,7.81e-05
Asa,2024-05-05,303.4730506,310.2828246,298.2787952,0.0001845
Asa,2024-05-06,302.6925205,308.4392815,299.1292141,0.0002014
Asari-Toru,2024-05-01,301.3747373,305.1221639,300.0015338,0.011407
Asari-Toru,2024-05-02,300.7175819,304.0373289,299.2227964,0.0122381
Asari-Toru,2024-05-03,300.3151113,302.5704735,298.784932,0.0095949
Asari-Toru,2024-05-04,301.6215478,304.7107935,299.3898699,0.0024434
Asari-Toru,2024-05-05,301.7155607,305.2615113,298.8331643,0.0036677
Asari-Toru,2024-05-06,301.1676438,303.6336249,299.4532219,0.008451
Askira/Uba,2024-05-01,307.9835661,314.1514351,301.3276574,8.5837155e-07
Askira/Uba,2024-05-02,307.5443112,313.5663701,300.9193957,8.5234632e-07
Askira/Uba,2024-05-03,307.557415,312.9129106,302.7350881,2.9244838e-06
Askira/Uba,2024-05-04,307.2619365,312.9846922,301.0992368,1.04e-05
Askira/Uba,2024-05-05,307.1896561,312.653072,302.0754081,4.34e-05
Askira/Uba,2024-05-06,306.8368773,312.2985494,301.657478,0.0011487
Atakumosa East,2024-05-01,300.7176682,306.0602112,298.9280707,0.0056797
Atakumosa East,2024-05-02,300.5491543,305.1668696,298.0569471,0.0008143
Atakumosa East,2024-05-03,300.4563126,306.0580882,297.619425,0.0059135
Atakumosa East,2024-05-04,300.3930799,306.1690916,296.8026688,0.0003288
Atakumosa East,2024-05-05,300.891957,305.9451724,297.6080204,0.0006976
Atakumosa East,2024-05-06,300.2195606,304.167016,298.2330125,0.0002316
Atakumosa West,2024-05-01,300.7910081,306.3164274,298.8414654,0.003183
Atakumosa West,2024-05-02,300.6185961,305.472145,297.9587741,0.0008529
Atakumosa West,2024-05-03,300.4352039,306.2746204,297.6536063,0.0045528
Atakumosa West,2024-05-04,300.4415917,306.5555435,296.797408,0.0003684
Atakumosa West,2024-05-05,300.9482324,306.087381,297.4316648,0.0004981
Atakumosa West,2024-05-06,300.2654986,304.188853,298.2054106,0.0002463
Atiba,2024-05-01,302.7990315,309.4724648,299.2931791,0.0007516
Atiba,2024-05-02,302.4831576,308.9821128,298.632016,0.0007187
Atiba,2024-05-03,302.5494921,310.1425071,298.6985942,0.0028696
Atiba,2024-05-04,302.7828129,309.2928497,297.7841774,8.32e-05
Atiba,2024-05-05,303.0030678,309.2700514,298.1538927,0.0001501
Atiba,2024-05-06,302.299572,307.7612227,298.7623641,0.0002605
Atigbo,2024-05-01,302.9894281,309.5662833,299.4311868,0.0006771
Atigbo,2024-05-02,302.7691999,309.0277957,298.8555859,0.0010071
Atigbo,2024-05-03,302.606245,309.8275873,298.8585056,0.0047244
Atigbo,2024-05-04,302.9180028,309.4127098,298.0566725,0.0001031
Atigbo,2024-05-05,303.254681,309.5106234,298.3659672,0.0001901
Atigbo,2024-05-06,302.4753387,308.2316442,298.4663644,0.0002077
Augie,2024-05-01,309.3163319,316.2474378,300.7415533,8.5234632e-07
Augie,2024-05-02,308.918857,314.8140036,303.756353,1.33e-05
Augie,2024-05-03,308.8902817,314.0046916,303.6420964,9.0988445e-07
Augie,2024-05-04,309.3903023,315.1652213,303.7577224,1.2814998e-06
Augie,2024-05-05,309.6174598,315.5004493,303.7667044,8.7022784e-07
Augie,2024-05-06,308.1638236,314.9631343,301.8146742,0.003972
Auyo,2024-05-01,308.2015927,315.1354155,300.012596,8.5234632e-07
Auyo,2024-05-02,307.4116791,314.6492524,299.9487156,8.5234632e-07
Auyo,2024-05-03,307.1040666,314.4761255,299.9932665,0
Auyo,2024-05-04,307.2254763,314.4035306,300.1827652,1.2814998e-06
Auyo,2024-05-05,307.54536,314.9402267,299.9177247,8.7022784e-07
Auyo,2024-05-06,307.7265785,314.1900447,301.1700502,0
Awe,2024-05-01,307.8734923,314.0571419,303.3548478,0.0005609
Awe,2024-05-02,306.3976061,311.0200621,302.04877,3.89e-05
Awe,2024-05-03,305.7648014,310.4892929,302.1773506,5.33e-05
Awe,2024-05-04,305.5959067,310.2953719,301.3088425,5.308783e-06
Awe,2024-05-05,306.4880714,311.1195593,301.9777855,6.41e-05
Awe,2024-05-06,306.5437829,312.6981911,302.3213425,0.0020621
Awgu,2024-05-01,302.4732875,309.0460543,299.8704507,0.0020073
Awgu,2024-05-02,301.2471381,306.14492,299.0674454,0.0017629
Awgu,2024-05-03,301.2343469,306.2843453,298.9336187,0.0061714
Awgu,2024-05-04,301.7201586,306.6592405,298.3620084,0.0013942
Awgu,2024-05-05,302.0981444,308.3965058,298.5662063,0.0032744
Awgu,2024-05-06,302.2367269,306.8119355,299.1955635,0.0009058
Awka North,2024-05-01,303.0399806,309.560986,300.2600055,0.001167
Awka North,2024-05-02,301.9184976,307.634466,299.73276,0.0024813
Awka North,2024-05-03,302.0683537,307.2757686,299.558636,0.0034262
Awka North,2024-05-04,302.7276611,308.2207651,299.4824673,0.0011549
Awka North,2024-05-05,303.1872513,309.2354539,299.4342436,0.001753
Awka North,2024-05-06,303.0506984,307.5863102,300.1209486,0.0005579
Awka South,2024-05-01,302.41105,308.7475398,299.806061,0.0036692
Awka South,2024-05-02,301.2613038,306.3912194,299.2414768,0.0039202
Awka South,2024-05-03,301.3349427,306.2304948,299.0811979,0.0058336
Awka South,2024-05-04,301.9839661,307.3544066,298.8416545,0.0024305
Awka South,2024-05-05,302.4440112,308.4386519,298.8763479,0.0039476
Awka South,2024-05-06,302.3554144,306.5882724,299.4994687,0.0007864
Ayamelum,2024-05-01,303.4473125,310.2614565,300.4492929,0.0006957
Ayamelum,2024-05-02,302.3899872,307.8829001,299.9205666,0.0012545
Ayamelum,2024-05-03,302.6274011,307.9437689,299.8416354,0.0024488
Ayamelum,2024-05-04,303.1659628,309.0194152,299.7849552,0.0020045
Ayamelum,2024-05-05,303.5440164,309.6710852,299.6257585,0.0006374
Ayamelum,2024-05-06,303.4566017,308.6143922,300.3867252,0.0003147
Babura,2024-05-01,307.5224978,315.0633185,298.8362788,8.5234632e-07
Babura,2024-05-02,307.4316655,314.9522772,299.9183966,8.5234632e-07
Babura,2024-05-03,306.9734041,313.7634457,300.1809592,0
Babura,2024-05-04,306.9976857,314.3162017,299.9372154,1.2814998e-06
Babura,2024-05-05,307.460086,315.2843357,299.1759961,8.7022784e-07
Babura,2024-05-06,307.8840016,314.3867972,300.8677716,3.0638779e-09
Badagry,2024-05-01,302.5134159,304.521824,301.1178566,0.00098
Badagry,2024-05-02,302.4238292,304.5804832,300.4721035,0.0014249
Badagry,2024-05-03,302.2821512,305.3984981,300.7294995,0.0011257
Badagry,2024-05-04,302.194194,304.6694822,299.9192766,0.0009013
Badagry,2024-05-05,302.866449,305.1219219,301.1620607,0.0003697
Badagry,2024-05-06,302.3663891,304.6485948,300.5366547,0.0016739
Bade,2024-05-01,308.5851219,316.119637,300.0394545,8.5234632e-07
Bade,2024-05-02,307.9291402,316.1585329,298.271675,8.5234632e-07
Bade,2024-05-03,307.385841,315.9371701,297.1618199,0
Bade,2024-05-04,307.036634,315.3391717,298.0138435,1.2814998e-06
Bade,2024-05-05,307.4935878,315.4189356,297.8340138,8.7022784e-07
Bade,2024-05-06,308.1678662,314.9660064,301.2465871,0
Bagudo,2024-05-01,308.8145141,314.5147245,303.2705739,1.39e-05
Bagudo,2024-05-02,307.4541249,311.6242579,303.2864741,0.0010612
Bagudo,2024-05-03,308.0187486,313.6271475,302.8608835,1.5236488e-06
Bagudo,2024-05-04,308.5513533,314.3680747,302.8232265,1.2836034e-06
Bagudo,2024-05-05,309.0037966,314.8079957,303.1292614,2.23497e-06
Bagudo,2024-05-06,308.2036567,313.9252921,303.049037,0.0010576
Bagwai,2024-05-01,305.3151646,312.9612483,296.2900344,1.4640014e-06
Bagwai,2024-05-02,306.0545704,312.4673427,300.3952422,6.7338697e-06
Bagwai,2024-05-03,305.8185724,312.1426798,299.9667758,0
Bagwai,2024-05-04,306.2371379,312.689225,299.756047,1.2814998e-06
Bagwai,2024-05-05,306.6315625,313.8336693,299.7770734,8.7022784e-07
Bagwai,2024-05-06,306.1015243,312.4804815,299.6563334,1.82e-05
Bakassi,2024-05-01,300.8779227,304.1643982,298.4487152,0.0223761
Bakassi,2024-05-02,300.3189856,303.1628418,298.9711761,0.0133547
Bakassi,2024-05-03,300.0110003,301.6206665,298.7191162,0.0106185
Bakassi,2024-05-04,301.0821807,303.116272,299.3614807,0.0014074
Bakassi,2024-05-05,301.2642625,304.1685638,298.3583984,0.0042553
Bakassi,2024-05-06,301.0132338,303.5450439,298.8308258,0.008987
Bakori,2024-05-01,304.056263,311.0345517,298.2775683,5.54e-05
Bakori,2024-05-02,304.4333197,310.2157367,299.8506135,2.58e-05
Bakori,2024-05-03,304.2820079,309.8338351,299.452303,0
Bakori,2024-05-04,304.7016928,310.8253905,298.9433289,1.2814998e-06
Bakori,2024-05-05,305.0383938,311.4852406,299.291597,8.7022784e-07
Bakori,2024-05-06,304.301279,310.7271372,298.8500508,5.95e-05
Bakura,2024-05-01,308.0428053,315.0083982,299.9136931,8.5234632e-07
Bakura,2024-05-02,308.2715434,313.9886961,303.3377967,2.5647589e-06
Bakura,2024-05-03,308.073081,313.3238157,303.4888183,0
Bakura,2024-05-04,308.3632544,314.3215431,302.6124629,1.2814998e-06
Bakura,2024-05-05,308.5862446,314.6970893,302.6507262,8.7022784e-07
Bakura,2024-05-06,307.3632777,314.3442738,302.8839056,0.0010886
Balanga,2024-05-01,308.1999279,313.3791664,303.7351265,9.2605324e-07
Balanga,2024-05-02,307.2972633,312.4936283,302.1996194,8.5234632e-07
Balanga,2024-05-03,306.8587702,311.4254862,302.1482546,1.12e-05
Balanga,2024-05-04,306.4036445,311.8244766,300.7206108,2.74e-05
Balanga,2024-05-05,306.7739596,311.8014823,302.7124372,9e-05
Balanga,2024-05-06,306.7119371,312.2126151,301.9074424,0.0004934
Bali,2024-05-01,307.2018369,312.413176,302.3215579,5.75e-05
Bali,2024-05-02,305.4979263,310.5882132,300.7243615,0.0015188
Bali,2024-05-03,303.9047945,309.323067,300.2403357,0.0006314
Bali,2024-05-04,304.9079872,310.5502802,300.1319763,0.000251
Bali,2024-05-05,305.0995119,310.966414,301.4263178,0.0024173
Bali,2024-05-06,305.5881847,311.2629339,300.625859,0.0006988
Bama,2024-05-01,309.3723837,316.6465717,301.3988344,8.5234632e-07
Bama,2024-05-02,308.9794549,316.6209949,299.0587342,8.5234632e-07
Bama,2024-05-03,308.8320576,315.5473825,301.4209463,0
Bama,2024-05-04,309.3654574,315.385144,303.0087675,1.2814998e-06
Bama,2024-05-05,309.498421,315.2538123,303.5145848,8.5207038e-06
Bama,2024-05-06,308.9365579,314.4028809,302.3985771,4.2984975e-06
Barikin Ladi,2024-05-01,300.1068271,305.1038081,295.291837,0.0032295
Barikin Ladi,2024-05-02,298.1680149,303.3111855,294.8081403,0.0032941
Barikin Ladi,2024-05-03,297.9487066,303.008985,294.5525588,0.0015225
Barikin Ladi,2024-05-04,298.1097322,303.6900584,293.8760652,0.0017427
Barikin Ladi,2024-05-05,297.9763996,303.9711754,294.3091259,0.0067436
Barikin Ladi,2024-05-06,298.5356488,304.0940881,293.4159929,0.0020465
Baruten,2024-05-01,303.8117925,311.1528054,299.8665494,0.0025214
Baruten,2024-05-02,303.500706,310.6593264,299.2744975,0.002978
Baruten,2024-05-03,303.6340366,310.0606494,299.3208477,0.0007049
Baruten,2024-05-04,304.0265523,310.4281197,298.6930776,5.57e-05
Baruten,2024-05-05,304.5983195,311.1420225,299.0997959,6.84e-05
Baruten,2024-05-06,303.8727604,309.5382474,299.6302399,0.000177
Bassa,2024-05-01,,,,
Bassa,2024-05-02,,,,
Bassa,2024-05-03,,,,
Bassa,2024-05-04,,,,
Bassa,2024-05-05,,,,
Bassa,2024-05-06,,,,
Batagarawa,2024-05-01,306.6158363,314.3625355,297.7062117,8.5234632e-07
Batagarawa,2024-05-02,306.5887468,313.0999914,300.652729,8.5234632e-07
Batagarawa,2024-05-03,306.5873609,312.7438978,300.817312,0
Batagarawa,2024-05-04,306.8758579,312.9960636,301.0038593,1.2814998e-06
Batagarawa,2024-05-05,306.6841404,313.1440101,299.7395778,8.7022784e-07
Batagarawa,2024-05-06,306.2689199,312.4239314,300.2062286,2.85e-05
Batsari,2024-05-01,306.4745418,314.1521536,297.3022089,8.5234632e-07
Batsari,2024-05-02,306.7614751,313.0140918,301.0630456,8.5234632e-07
Batsari,2024-05-03,306.7697671,312.6830924,301.1331674,0
Batsari,2024-05-04,307.069373,313.0428024,301.0642831,1.2828436e-06
Batsari,2024-05-05,306.8649631,313.4219792,300.0524921,8.7022784e-07
Batsari,2024-05-06,306.3073114,312.6135911,300.4108043,0.0006584
Bauchi,2024-05-01,307.3696359,313.3119656,301.250915,1.4130203e-06
Bauchi,2024-05-02,305.8958977,311.5033894,300.0023744,3.11e-05
Bauchi,2024-05-03,305.7420804,311.6821936,300.4954936,3.3405478e-07
Bauchi,2024-05-04,305.3571976,311.4879697,298.8663994,2.01e-05
Bauchi,2024-05-05,305.5062774,311.8265205,299.3251632,5.39e-05
Bauchi,2024-05-06,305.0648293,311.3607029,299.9288349,0.0005432
Baure,2024-05-01,307.4446732,315.2187432,298.8480032,8.5234632e-07
Baure,2024-05-02,307.4367582,314.8781891,299.814021,8.5234632e-07
Baure,2024-05-03,306.9819883,313.7658618,300.0675691,0
Baure,2024-05-04,307.0168711,314.3472695,299.9353547,1.2814998e-06
Baure,2024-05-05,307.1664863,315.0079134,298.1237448,8.7022784e-07
Baure,2024-05-06,307.9507421,314.4684089,300.9424936,6.809524e-07
Bayo,2024-05-01,308.9060895,314.2428755,303.5809412,8.8317106e-07
Bayo,2024-05-02,307.9573818,313.301931,302.5157697,8.5234632e-07
Bayo,2024-05-03,308.0556902,312.5955302,303.6146323,5.9604523e-06
Bayo,2024-05-04,307.4167843,312.8422619,301.6637269,1.99e-05
Bayo,2024-05-05,307.7943634,313.1302735,303.006313,0.000144
Bayo,2024-05-06,307.2211149,312.8265042,302.7073074,0.0005849
Bebeji,2024-05-01,305.0843961,312.2898289,299.1781438,3.83e-05
Bebeji,2024-05-02,305.1612287,311.2188724,300.831248,6.05e-05
Bebeji,2024-05-03,305.0665084,311.2024103,300.0934773,0
Bebeji,2024-05-04,305.5327389,311.7706207,299.7618462,1.2814998e-06
Bebeji,2024-05-05,306.2031644,312.7846255,300.2657092,1.4996799e-06
Bebeji,2024-05-06,305.2673544,311.8492788,299.8628618,2.34e-05
Bekwara,2024-05-01,304.6620946,310.6419213,300.7322953,0.0042447
Bekwara,2024-05-02,303.1202746,308.0916824,300.190782,0.0036389
Bekwara,2024-05-03,302.3064746,306.9134062,299.8137659,0.0017636
Bekwara,2024-05-04,302.9076552,306.9451509,299.1886838,1.96e-05
Bekwara,2024-05-05,303.3827825,309.1545306,299.6093952,0.0005717
Bekwara,2024-05-06,303.5440917,308.9956224,300.1682195,0.0012614
Bende,2024-05-01,302.1903785,308.5253137,299.8141199,0.0034489
Bende,2024-05-02,300.9818931,305.4740085,299.0863215,0.0040181
Bende,2024-05-03,300.402054,304.4797156,298.7566479,0.0071899
Bende,2024-05-04,301.2072386,305.8368295,298.1562456,0.0013193
Bende,2024-05-05,301.6896143,307.1904741,298.3445947,0.0067152
Bende,2024-05-06,301.9350595,306.1326831,298.8957259,0.0013399
Biase,2024-05-01,301.9856263,307.7403606,299.5936344,0.0029102
Biase,2024-05-02,300.8666382,305.0600807,299.2554978,0.0070841
Biase,2024-05-03,300.4957598,303.8379321,298.6594347,0.0034339
Biase,2024-05-04,301.0629394,304.6471367,298.4653232,0.0017469
Biase,2024-05-05,301.5290642,306.1152283,298.3139114,0.0054677
Biase,2024-05-06,301.7522986,305.7313701,298.5443246,0.0048483
Bichi,2024-05-01,306.5925616,313.7364806,297.7241884,8.6873642e-07
Bichi,2024-05-02,306.6102812,313.3509363,300.3451728,1.3586133e-06
Bichi,2024-05-03,306.3155213,312.6630141,300.1087114,0
Bichi,2024-05-04,306.7738452,313.3328914,300.0953767,1.2814998e-06
Bichi,2024-05-05,307.212907,314.4015934,299.9379046,8.7022784e-07
Bichi,2024-05-06,306.657818,313.1532196,299.974673,1.44e-05
Bida,2024-05-01,306.9023023,311.6487565,301.9937214,1.19e-05
Bida,2024-05-02,306.2278678,311.4274538,301.6523721,0.0005012
Bida,2024-05-03,306.284066,311.548413,301.6673203,7.39e-05
Bida,2024-05-04,306.6213025,312.2036965,301.2185818,4.18e-05
Bida,2024-05-05,306.6120701,312.4027031,301.3966732,5.1e-05
Bida,2024-05-06,306.2582626,312.3215621,301.3133297,0.000231
Billiri,2024-05-01,308.4662473,313.7849543,303.7392155,7.7336019e-06
Billiri,2024-05-02,307.1343132,311.9880589,301.874877,8.5234632e-07
Billiri,2024-05-03,306.7937557,311.4373999,302.5403532,7.5e-05
Billiri,2024-05-04,306.0984483,311.700708,300.3520434,4.21e-05
Billiri,2024-05-05,306.6117379,311.6603427,302.4292664,0.0001354
Billiri,2024-05-06,306.2009334,312.0436081,301.7885251,0.0009665
Bindawa,2024-05-01,306.4907053,314.4186279,296.7015954,8.5234632e-07
Bindawa,2024-05-02,306.7487425,313.2975741,300.4294654,8.5234632e-07
Bindawa,2024-05-03,306.4466165,312.5570935,300.544782,0
Bindawa,2024-05-04,306.857507,313.2089461,300.735166,1.2814998e-06
Bindawa,2024-05-05,306.769734,313.6574409,299.2517464,8.7022784e-07
Bindawa,2024-05-06,306.6850992,312.7823786,300.2478229,6.3505636e-06
Binji,2024-05-01,309.1952355,316.4625443,300.7373151,8.5234632e-07
Binji,2024-05-02,309.2055362,315.1217892,303.7059116,1.8921324e-06
Binji,2024-05-03,308.9582566,314.1660877,303.5867971,1.7143437e-08
Binji,2024-05-04,309.2659062,315.0300503,303.412583,1.2814998e-06
Binji,2024-05-05,309.4769553,315.4315827,303.2595268,8.7022784e-07
Binji,2024-05-06,308.6595897,315.0402658,303.1023515,0.0005259
Biriniwa,2024-05-01,308.5087399,315.4665707,300.9003778,8.5234632e-07
Biriniwa,2024-05-02,307.8961807,315.287705,299.7534679,8.5234632e-07
Biriniwa,2024-05-03,307.6193036,315.9861438,299.1292675,0
Biriniwa,2024-05-04,307.1684768,315.5036103,298.5130863,1.2814998e-06
Biriniwa,2024-05-05,307.6730123,315.6290458,298.1176339,8.7022784e-07
Biriniwa,2024-05-06,308.3864182,315.2968255,301.4256582,0
Birni Kudu,2024-05-01,307.8251926,314.3265785,301.2458056,9.4931166e-07
Birni Kudu,2024-05-02,306.7897452,313.6144742,300.8130164,1.8e-05
Birni Kudu,2024-05-03,306.4387899,312.6008533,300.6092043,0
Birni Kudu,2024-05-04,306.7808933,313.4063707,300.3984971,2.7857941e-06
Birni Kudu,2024-05-05,307.2259557,314.1393294,300.1133001,8.6965788e-07
Birni Kudu,2024-05-06,306.4101526,313.0170903,300.1486523,3.18e-05
Birnin-Gwari,2024-05-01,304.4429087,310.1804181,300.0751072,0.0015942
Birnin-Gwari,2024-05-02,303.9283219,308.7428712,300.3003103,0.0003043
Birnin-Gwari,2024-05-03,304.1697097,309.1386971,299.8610781,5.3925379e-06
Birnin-Gwari,2024-05-04,304.568367,310.120768,299.7125627,3.56e-05
Birnin-Gwari,2024-05-05,304.6020663,310.0396705,299.8523435,5.91e-05
Birnin-Gwari,2024-05-06,304.1964009,310.2611146,299.7657755,0.0005779
Birnin Kebbi,2024-05-01,309.0407981,315.6641165,301.8912299,8.5234632e-07
Birnin Kebbi,2024-05-02,308.1538861,314.2496295,303.6523795,0.0003806
Birnin Kebbi,2024-05-03,308.6811048,313.8499251,303.5407119,8.5484993e-06
Birnin Kebbi,2024-05-04,309.3345899,315.1737127,304.039847,1.2814998e-06
Birnin Kebbi,2024-05-05,309.5162922,315.20259,303.9957123,8.7022784e-07
Birnin Kebbi,2024-05-06,308.2690874,314.4940326,302.4033588,0.0027013
Birnin Magaji,2024-05-01,306.1750403,313.731762,296.8068913,8.5234632e-07
Birnin Magaji,2024-05-02,306.751427,312.5954119,301.547442,8.5234632e-07
Birnin Magaji,2024-05-03,306.373656,311.4574309,301.5401366,0
Birnin Magaji,2024-05-04,306.8273907,312.8897598,300.5803324,1.2814998e-06
Birnin Magaji,2024-05-05,306.9742219,313.3608913,300.3721784,8.7022784e-07
Birnin Magaji,2024-05-06,306.1282718,312.781599,300.489035,0.0010061
Biu,2024-05-01,308.2611958,314.318926,302.6490745,1.1404465e-06
Biu,2024-05-02,307.3971606,312.3934996,302.2568153,8.5234632e-07
Biu,2024-05-03,307.3020656,312.247503,302.5663514,1.0962165e-06
Biu,2024-05-04,306.6679805,312.0399629,300.807173,4.73e-05
Biu,2024-05-05,307.1932685,312.6238151,301.9341091,8.04e-05
Biu,2024-05-06,306.3301401,312.2280293,301.8230083,0.0012832
Bodinga,2024-05-01,309.1143187,315.687442,301.9432203,8.5234632e-07
Bodinga,2024-05-02,308.9410868,314.7206333,303.9250038,7.7291069e-06
Bodinga,2024-05-03,308.9170091,314.0915889,304.0559519,5.4554411e-07
Bodinga,2024-05-04,309.1835201,314.9195631,303.5233579,1.2814998e-06
Bodinga,2024-05-05,309.4078508,315.360068,303.5956733,8.7022784e-07
Bodinga,2024-05-06,308.2522918,314.801329,303.058061,0.0008162
Bogoro,2024-05-01,305.7056198,311.057412,299.9861563,8.2248885e-06
Bogoro,2024-05-02,304.2258506,309.6288111,299.0049482,0.0004421
Bogoro,2024-05-03,303.9407079,309.3912861,299.5027951,2.3e-05
Bogoro,2024-05-04,303.5831955,309.8660063,297.6094445,0.0001287
Bogoro,2024-05-05,303.3988403,309.3472104,298.3139879,0.0003171
Bogoro,2024-05-06,303.198067,309.2809961,297.69676,0.0003546
Boki,2024-05-01,302.4659627,308.2057668,299.1830503,0.0053407
Boki,2024-05-02,301.4131232,306.3719955,298.9760095,0.0093777
Boki,2024-05-03,300.5423958,305.0725497,298.2471209,0.0070421
Boki,2024-05-04,301.0586865,304.8439954,297.7476572,0.000312
Boki,2024-05-05,301.6252819,306.7209566,298.2930839,0.0017873
Boki,2024-05-06,301.6956199,307.3375105,298.624733,0.004607
Bokkos,2024-05-01,299.9892657,304.6887317,295.8741041,0.0034727
Bokkos,2024-05-02,298.7743466,303.3096383,295.3993987,0.0018372
Bokkos,2024-05-03,298.3171054,303.2588067,295.324812,0.0048158
Bokkos,2024-05-04,298.3679158,302.9783497,294.566583,0.0015149
Bokkos,2024-05-05,298.3540545,302.9516115,295.0856601,0.0070068
Bokkos,2024-05-06,298.6957829,303.7328159,294.5629107,0.0064285
Boluwaduro,2024-05-01,300.6653848,306.5819998,298.1222392,0.0022593
Boluwaduro,2024-05-02,300.6327197,306.2348291,297.4673845,0.0005865
Boluwaduro,2024-05-03,300.2489914,306.1439627,297.3543995,0.0021105
Boluwaduro,2024-05-04,300.4604014,307.0940245,296.4510688,0.0004376
Boluwaduro,2024-05-05,300.9877658,306.840817,297.0463688,0.000214
Boluwaduro,2024-05-06,300.1383272,304.7814469,297.6574215,0.0004148
Bomadi,2024-05-01,301.2184008,304.6406564,300.0779818,0.0154959
Bomadi,2024-05-02,300.7781646,303.8389304,298.6068647,0.0089304
Bomadi,2024-05-03,300.3586821,302.3600865,298.6828085,0.0059089
Bomadi,2024-05-04,300.7515189,305.2896406,298.5284499,0.008901
Bomadi,2024-05-05,301.397647,305.8694331,298.3494331,0.0033676
Bomadi,2024-05-06,301.0757793,304.3454442,298.9446349,0.0062262
Bonny,2024-05-01,301.3140584,303.6810838,300.1199033,0.0134399
Bonny,2024-05-02,300.7430926,302.6626169,299.6127415,0.0141401
Bonny,2024-05-03,300.5328707,302.3180778,299.0916843,0.0185877
Bonny,2024-05-04,301.9383959,303.8121375,299.9574704,0.0009288
Bonny,2024-05-05,301.8155096,303.835531,299.8825457,0.0025637
Bonny,2024-05-06,301.3519444,302.8093846,299.8519954,0.0068547
Borgu,2024-05-01,307.2126806,312.6454373,302.3235116,0.000394
Borgu,2024-05-02,306.5907687,312.5610672,301.9286767,0.0006466
Borgu,2024-05-03,306.7259416,312.124727,301.889304,5.3000982e-06
Borgu,2024-05-04,307.2594803,313.3072304,301.4239602,1.9582202e-06
Borgu,2024-05-05,307.7334994,313.6402166,301.7419641,8.5225648e-06
Borgu,2024-05-06,307.3408766,312.9334659,302.3868148,9.76e-05
Boripe,2024-05-01,300.9031401,306.6976175,298.5343283,0.0023044
Boripe,2024-05-02,300.782054,306.0880746,297.8179982,0.0006514
Boripe,2024-05-03,300.4956201,306.4077006,297.6828101,0.0023895
Boripe,2024-05-04,300.6459499,307.029644,296.7357535,0.0002443
Boripe,2024-05-05,301.174299,306.8251353,297.3359146,0.0002296
Boripe,2024-05-06,300.3561484,304.4899867,298.0359122,0.000197
Bosso,2024-05-01,306.5382963,310.7274209,302.1381111,9.5885209e-06
Bosso,2024-05-02,305.4697168,309.697998,301.7674333,0.000373
Bosso,2024-05-03,305.3013841,309.920179,301.4732658,2.2568121e-06
Bosso,2024-05-04,305.9793439,310.7177553,301.3876482,3.83e-05
Bosso,2024-05-05,305.9559249,310.9650398,301.4918417,0.0001486
Bosso,2024-05-06,305.821934,310.8068573,301.4061708,7.05e-05
Brass,2024-05-01,301.5820858,303.2542886,300.3975627,0.0119499
Brass,2024-05-02,300.916094,302.8115423,299.6584537,0.0106845
Brass,2024-05-03,300.6931155,301.9292836,299.4673907,0.009524
Brass,2024-05-04,301.6114549,303.7016479,299.8686919,0.0033131
Brass,2024-05-05,301.7807967,303.9545071,299.5182281,0.0012703
Brass,2024-05-06,301.1908649,302.4717584,300.0773038,0.0081218
Buji,2024-05-01,308.3515956,314.9547387,301.605605,8.5234632e-07
Buji,2024-05-02,307.2423152,314.3355613,300.4903423,9.3785574e-06
Buji,2024-05-03,306.7514185,313.1341357,300.3858866,0
Buji,2024-05-04,306.9369751,313.7711337,300.2068891,1.2814998e-06
Buji,2024-05-05,307.3366099,314.5073564,299.8415299,8.7022784e-07
Buji,2024-05-06,306.9017231,313.5568186,300.4202895,4.31e-05
Bukkuyum,2024-05-01,307.5511622,313.9498895,301.711801,1.15e-05
Bukkuyum,2024-05-02,307.3307639,312.9674606,302.6233392,9.79e-05
Bukkuyum,2024-05-03,307.2782409,312.6825256,302.5664798,0
Bukkuyum,2024-05-04,307.5251427,313.5480305,302.2523232,6.91673e-06
Bukkuyum,2024-05-05,307.7447547,313.5124596,302.1401949,3.1838406e-06
Bukkuyum,2024-05-06,306.2676666,313.3455963,301.873133,0.0031435
Bungudu,2024-05-01,306.01202,312.9102416,298.9223264,5.8430889e-06
Bungudu,2024-05-02,306.2261168,311.8650717,301.804164,1.87e-05
Bungudu,2024-05-03,305.7189176,310.7444404,301.5809714,0
Bungudu,2024-05-04,306.1602632,312.1627315,300.6498436,1.6266087e-06
Bungudu,2024-05-05,306.4538788,312.5209132,300.8905945,1.1140254e-06
Bungudu,2024-05-06,305.7221185,312.2984492,300.8726503,0.0006497
Bunkure,2024-05-01,305.3485331,313.1639211,297.7140627,1.83e-05
Bunkure,2024-05-02,306.010038,312.4199292,301.0369371,3.5e-05
Bunkure,2024-05-03,305.8533195,312.2879278,300.4188721,0
Bunkure,2024-05-04,306.2722154,312.7300072,300.063148,1.2814998e-06
Bunkure,2024-05-05,307.1042405,313.944181,300.5079532,8.7022784e-07
Bunkure,2024-05-06,306.3149242,312.9339611,300.0980907,0
Bunza,2024-05-01,308.8910798,315.3526604,302.1594783,8.5234632e-07
Bunza,2024-05-02,307.6373586,312.6888034,303.4165902,0.0011466
Bunza,2024-05-03,308.269575,313.8200475,303.1369955,9.5329005e-06
Bunza,2024-05-04,309.0443776,314.9234092,303.7681003,1.2814998e-06
Bunza,2024-05-05,309.2857491,315.0141859,303.7533572,8.7022784e-07
Bunza,2024-05-06,308.0935231,314.3210424,301.3970123,0.0057441
Bursari,2024-05-01,308.5538829,316.0456778,300.8218822,8.5234632e-07
Bursari,2024-05-02,307.830466,316.0612417,298.6947962,8.5234632e-07
Bursari,2024-05-03,307.1138108,315.5234281,297.9576942,0
Bursari,2024-05-04,307.1260334,315.0778561,299.2002982,1.2814998e-06
Bursari,2024-05-05,307.4651046,315.0741633,298.8964571,8.7022784e-07
Bursari,2024-05-06,308.1233778,314.7909036,301.575516,0
Buruku,2024-05-01,306.2426258,312.5120788,301.7525807,0.0008813
Buruku,2024-05-02,304.6950588,309.4448742,300.9598222,0.0003029
Buruku,2024-05-03,303.9953463,309.1301378,300.6627523,0.0002267
Buruku,2024-05-04,304.6063665,309.6614387,300.1073014,2.61e-05
Buruku,2024-05-05,305.200748,311.132256,300.581101,0.0006919
Buruku,2024-05-06,305.0805553,311.3885212,301.3455291,0.0026668
Burutu,2024-05-01,301.3447738,303.9870502,300.4252406,0.0151866
Burutu,2024-05-02,300.782671,302.971944,298.9796809,0.0102057
Burutu,2024-05-03,300.4586278,302.0981327,298.9925526,0.0052199
Burutu,2024-05-04,300.9369881,304.5143186,299.0570136,0.0076313
Burutu,2024-05-05,301.6220624,305.0128347,299.2117238,0.0032406
Burutu,2024-05-06,301.2482925,304.0402989,299.7101838,0.0075148
Bwari,2024-05-01,303.0498156,307.1990481,299.5687082,0.0011589
Bwari,2024-05-02,301.7399622,306.3358735,298.5648484,0.0026077
Bwari,2024-05-03,301.1845238,304.6578585,298.3153198,1.28e-05
Bwari,2024-05-04,302.3917235,307.0040192,298.4984414,0.0003464
Bwari,2024-05-05,302.4842427,307.0340472,298.6778083,0.0004236
Bwari,2024-05-06,302.5974011,307.5451691,298.3682133,0.0001923
Calabar-Municipal,2024-05-01,300.9108495,305.4630353,298.1829241,0.0130245
Calabar-Municipal,2024-05-02,300.2468135,304.2029947,298.735536,0.0114311
Calabar-Municipal,2024-05-03,299.6241158,302.0846008,298.1515783,0.010205
Calabar-Municipal,2024-05-04,300.953142,303.7441208,298.596604,0.0008802
Calabar-Municipal,2024-05-05,301.150444,304.7516223,298.3055461,0.0075228
Calabar-Municipal,2024-05-06,301.0817545,304.251998,298.7345394,0.0084412
Calabar South,2024-05-01,300.9573977,305.0618891,298.2247865,0.0194163
Calabar South,2024-05-02,300.3273294,303.6939111,298.5186088,0.0120577
Calabar South,2024-05-03,299.7646587,301.9486899,298.0887617,0.0153765
Calabar South,2024-05-04,301.2750101,303.7194988,299.0459083,0.0008707
Calabar South,2024-05-05,301.4560568,304.2902814,298.8402221,0.0059438
Calabar South,2024-05-06,301.2450548,303.9210155,299.0541736,0.0070998
Chanchaga,2024-05-01,306.3136558,310.3944682,302.0971961,6.9687907e-06
Chanchaga,2024-05-02,305.199693,309.4061098,301.606761,0.0003015
Chanchaga,2024-05-03,304.9736471,309.3814256,301.3314108,8.228563e-07
Chanchaga,2024-05-04,305.7777253,310.3627972,301.3264582,4.75e-05
Chanchaga,2024-05-05,305.742508,310.6252507,301.4070926,0.0001615
Chanchaga,2024-05-06,305.6294111,310.5007162,301.3109782,6.5e-05
Charanchi,2024-05-01,306.7233349,313.8279791,297.5433261,8.5234632e-07
Charanchi,2024-05-02,306.4842696,312.7167787,300.5432459,8.5234632e-07
Charanchi,2024-05-03,306.3145296,312.3648344,300.5587607,0
Charanchi,2024-05-04,306.7041586,312.8483782,300.5636821,1.2814998e-06
Charanchi,2024-05-05,306.7100753,313.3834645,299.8782185,8.7022784e-07
Charanchi,2024-05-06,306.1460451,312.236398,300.0993151,2.16e-05
Chibok,2024-05-01,308.7733401,315.1025849,301.9001788,8.5234632e-07
Chibok,2024-05-02,308.1895545,314.3134299,301.0876499,8.5234632e-07
Chibok,2024-05-03,308.262099,313.6490226,303.3394425,8.8763289e-07
Chibok,2024-05-04,307.8667814,313.6525864,301.6007184,4.889199e-06
Chibok,2024-05-05,307.9370205,313.6456832,302.576387,2.26e-05
Chibok,2024-05-06,307.5356572,313.0062699,302.4965014,0.0013431
Chikun,2024-05-01,303.7437724,308.5822328,299.8554362,0.0012165
Chikun,2024-05-02,302.5729026,307.5133992,299.4534925,0.0021108
Chikun,2024-05-03,302.6081219,307.1666768,298.8630309,1.5022575e-06
Chikun,2024-05-04,303.3802098,308.5756891,298.9439485,0.000171
Chikun,2024-05-05,303.4206317,308.725736,299.2949797,0.0002466
Chikun,2024-05-06,302.4591563,308.8055287,298.8981901,0.005599
Dala,2024-05-01,305.3365327,313.2587918,295.7417797,8.5234632e-07
Dala,2024-05-02,306.2603255,312.9331741,300.3631368,1.75e-05
Dala,2024-05-03,306.0838619,312.8773059,299.8952066,0
Dala,2024-05-04,306.3995375,313.1005114,299.6147669,1.2814998e-06
Dala,2024-05-05,307.1511646,314.5919681,300.0059416,8.7022784e-07
Dala,2024-05-06,306.6115137,313.3084869,299.8225561,0
Damaturu,2024-05-01,308.670082,315.0496304,301.6903664,8.5234632e-07
Damaturu,2024-05-02,307.7232659,314.4938502,299.5780679,8.5234632e-07
Damaturu,2024-05-03,307.0438774,313.8226644,300.4158984,0
Damaturu,2024-05-04,307.6158256,313.7294821,301.5915389,1.2814998e-06
Damaturu,2024-05-05,307.8974794,313.7203159,301.5331117,1.2e-05
Damaturu,2024-05-06,307.7303901,313.1467834,302.2384457,3.01e-05
Damban,2024-05-01,308.5433457,314.3995079,302.7103389,8.570252e-07
Damban,2024-05-02,307.192152,314.3590996,300.573559,8.5234632e-07
Damban,2024-05-03,306.4558918,313.008882,300.0477512,0
Damban,2024-05-04,306.7319067,313.1150966,300.410395,1.2814998e-06
Damban,2024-05-05,307.2106872,313.4222143,300.6444039,1.0780473e-06
Damban,2024-05-06,306.9640694,313.0240373,301.3282001,1.27e-05
Dambatta,2024-05-01,307.3618447,314.6902962,298.0952283,8.5234632e-07
Dambatta,2024-05-02,307.1988857,314.611319,300.0123366,8.5234632e-07
Dambatta,2024-05-03,306.7311697,313.3352407,300.1128226,0
Dambatta,2024-05-04,307.0611801,314.097701,300.0852598,1.2814998e-06
Dambatta,2024-05-05,307.6675824,315.1675777,299.7242926,8.7022784e-07
Dambatta,2024-05-06,307.5063999,314.135301,300.4603382,1.6695619e-08
Damboa,2024-05-01,309.2757416,315.662813,302.4448001,8.5234632e-07
Damboa,2024-05-02,308.6628254,314.8310836,301.8209312,8.5234632e-07
Damboa,2024-05-03,308.5661621,314.1302401,303.4245471,6.8533418e-07
Damboa,2024-05-04,308.2707795,313.9867716,302.2382136,1.06e-05
Damboa,2024-05-05,308.4573978,314.0854128,302.8882104,1.61e-05
Damboa,2024-05-06,308.0219959,313.3051642,302.8585019,0.0001716
Dan Musa,2024-05-01,304.9425565,312.5297541,296.0096752,8.6533961e-06
Dan Musa,2024-05-02,305.8387932,311.587431,300.5703546,1.5422458e-06
Dan Musa,2024-05-03,305.6261104,311.175756,300.3875846,0
Dan Musa,2024-05-04,305.970852,311.9503042,299.7134944,1.2814998e-06
Dan Musa,2024-05-05,306.1181841,312.6937163,299.5689798,8.7022784e-07
Dan Musa,2024-05-06,305.2630202,311.7432727,299.6263058,0.0002265
Dandi,2024-05-01,308.8849607,315.3509036,302.1723619,8.5234632e-07
Dandi,2024-05-02,307.5590701,312.0417922,303.3916715,0.0012271
Dandi,2024-05-03,308.2748216,313.9128214,302.9054043,8.0171601e-06
Dandi,2024-05-04,309.0379531,314.9700065,303.4355613,1.2814998e-06
Dandi,2024-05-05,309.3773096,315.2711839,303.5585938,9.0914972e-07
Dandi,2024-05-06,308.2102431,314.4888021,301.5047573,0.0047244
Dandume,2024-05-01,303.933893,310.4630747,298.7308454,8.25e-05
Dandume,2024-05-02,303.9417684,309.7138671,299.5854564,8.81e-05
Dandume,2024-05-03,303.9431288,309.4227832,299.1280461,0
Dandume,2024-05-04,304.295209,310.3642124,298.7932348,1.6299846e-06
Dandume,2024-05-05,304.530942,310.6503625,299.1250777,8.7022784e-07
Dandume,2024-05-06,303.7009066,310.2226569,298.6870705,0.0005645
Dange-Shuni,2024-05-01,308.7372237,315.4566985,300.4240026,8.5234632e-07
Dange-Shuni,2024-05-02,308.6967587,314.517873,303.6699244,2.7375744e-06
Dange-Shuni,2024-05-03,308.7406425,314.1059353,303.8875342,8.4924452e-09
Dange-Shuni,2024-05-04,308.9200229,314.8252588,303.1551728,1.2814998e-06
Dange-Shuni,2024-05-05,309.1283514,315.1970139,303.1199117,8.7022784e-07
Dange-Shuni,2024-05-06,308.0382196,314.6439085,303.2053229,0.0007399
Danja,2024-05-01,303.7831247,310.420639,298.5429356,8.21e-05
Danja,2024-05-02,303.7920833,309.7366048,299.5418946,0.0001124
Danja,2024-05-03,303.9240505,309.8558882,298.9392638,0
Danja,2024-05-04,304.3222997,310.6180968,298.6441581,1.4083891e-06
Danja,2024-05-05,304.6078774,311.0433727,299.0905289,8.7022784e-07
Danja,2024-05-06,303.6693701,310.4381122,298.5635951,0.0002432
Darazo,2024-05-01,308.0651014,313.7085001,302.5212701,1.21e-05
Darazo,2024-05-02,306.9401207,313.6649511,300.0726056,2.1848186e-06
Darazo,2024-05-03,306.6179012,312.6372456,300.6713149,0
Darazo,2024-05-04,306.5747954,312.7909456,300.2929237,3.4397816e-06
Darazo,2024-05-05,306.9077605,313.1362008,300.4617896,5.3020361e-06
Darazo,2024-05-06,306.2156908,312.2726774,301.2524995,0.0004234
Dass,2024-05-01,305.4522056,311.4357921,298.86115,8.842473e-07
Dass,2024-05-02,304.3514985,309.8301412,298.7804542,4.85e-05
Dass,2024-05-03,304.1552437,310.0483412,299.3839278,1.2e-05
Dass,2024-05-04,304.0432397,310.5619348,297.1093799,2.49e-05
Dass,2024-05-05,303.9746926,310.2715957,297.5844475,2.19e-05
Dass,2024-05-06,303.7788618,310.0299206,297.665912,0.0003016
Daura,2024-05-01,306.4149273,314.8840691,297.1520361,8.5234632e-07
Daura,2024-05-02,306.7228359,313.9974124,299.0963604,8.5234632e-07
Daura,2024-05-03,306.4956394,312.8257162,299.504694,0
Daura,2024-05-04,306.8722317,313.6175423,300.0285987,1.2814998e-06
Daura,2024-05-05,306.3225079,313.8403641,296.6770484,8.7022784e-07
Daura,2024-05-06,307.1757369,313.564292,299.8676637,4.6927474e-06
Dawakin Kudu,2024-05-01,305.7795925,313.4140209,298.3547029,5.2051234e-06
Dawakin Kudu,2024-05-02,306.3465132,312.8550495,300.9769785,2.99e-05
Dawakin Kudu,2024-05-03,306.1711531,312.6976345,300.4767973,0
Dawakin Kudu,2024-05-04,306.537032,313.0910019,300.1765821,1.2814998e-06
Dawakin Kudu,2024-05-05,307.3987645,314.4575883,300.6152976,8.7022784e-07
Dawakin Kudu,2024-05-06,306.6936195,313.2907884,300.2514271,0
Dawakin Tofa,2024-05-01,306.3111478,313.6351386,297.5503945,8.5234632e-07
Dawakin Tofa,2024-05-02,306.5309523,313.3344413,300.3441583,6.3797008e-06
Dawakin Tofa,2024-05-03,306.2903026,312.8583658,299.9779097,0
Dawakin Tofa,2024-05-04,306.6621611,313.3295848,299.8491604,1.2814998e-06
Dawakin Tofa,2024-05-05,307.2831542,314.6311401,299.9822045,8.7022784e-07
Dawakin Tofa,2024-05-06,306.7007735,313.3794402,299.8845376,5.8122194e-06
Degema,2024-05-01,301.3999454,304.1930865,300.2630158,0.0119168
Degema,2024-05-02,300.7900457,303.2324828,299.4831431,0.0125521
Degema,2024-05-03,300.4746193,302.4357855,299.1426314,0.0180365
Degema,2024-05-04,301.8197385,304.1130637,299.8310253,0.0014918
Degema,2024-05-05,301.819439,304.3651871,299.4748072,0.0019691
Degema,2024-05-06,301.27619,303.0315927,299.7765638,0.0076033
Dekina,2024-05-01,303.7805093,310.2195991,300.0766213,0.0013059
Dekina,2024-05-02,302.8662986,308.7504454,299.0145367,0.0002038
Dekina,2024-05-03,302.8154815,307.9925769,299.2518774,0.0004869
Dekina,2024-05-04,303.2293891,309.3040956,298.7180175,0.0020973
Dekina,2024-05-05,303.2352528,309.2769129,298.8414756,0.0001818
Dekina,2024-05-06,303.2741583,308.9692276,299.1073799,0.0007274
Demsa,2024-05-01,309.0524894,314.4939613,304.4633807,8.5234632e-07
Demsa,2024-05-02,308.2639236,313.3335822,303.3790375,2.52e-05
Demsa,2024-05-03,307.5171066,311.988849,303.0243844,6.35e-05
Demsa,2024-05-04,307.4793313,312.8333085,302.3017703,0.0001482
Demsa,2024-05-05,307.9226629,313.1006382,303.8078386,4.91e-05
Demsa,2024-05-06,308.0479238,313.7688586,302.8669056,4.88e-05
Dikwa,2024-05-01,309.9966529,317.0832127,302.6267185,8.5234632e-07
Dikwa,2024-05-02,309.2277081,316.8552938,299.3627127,8.5234632e-07
Dikwa,2024-05-03,308.8055266,316.017671,300.0136963,0
Dikwa,2024-05-04,309.3237497,315.6612167,302.9542612,1.2814998e-06
Dikwa,2024-05-05,309.8675149,315.5457573,304.0071112,2.4120972e-06
Dikwa,2024-05-06,309.3502641,315.0506841,302.4846112,2.7522494e-06
Doguwa,2024-05-01,304.0409048,310.3903815,299.1900184,4.26e-05
Doguwa,2024-05-02,303.045078,308.8990869,299.1506702,0.0004566
Doguwa,2024-05-03,302.9386902,308.1086896,298.6661789,8.3879254e-08
Doguwa,2024-05-04,303.7997418,309.8727099,298.4211678,4.68e-05
Doguwa,2024-05-05,304.071288,310.1876759,298.9008023,1.38e-05
Doguwa,2024-05-06,302.4210993,309.5754554,298.0267365,0.0012641
Doma,2024-05-01,306.2459902,312.8549814,300.7512447,0.010082
Doma,2024-05-02,304.9731158,309.519882,301.0798794,8.17e-05
Doma,2024-05-03,304.4722177,308.847805,301.1740411,4.6e-05
Doma,2024-05-04,305.1221633,309.9166972,300.8950232,7.43e-05
Doma,2024-05-05,305.2983759,309.6754088,301.4733807,3.67e-05
Doma,2024-05-06,305.3255759,310.8116865,300.429116,0.0074405
Donga,2024-05-01,307.1493876,312.8199978,302.3511036,0.0001016
Donga,2024-05-02,305.4719059,310.6054767,301.2793752,0.0009014
Donga,2024-05-03,304.1571799,309.3755834,301.0076251,0.0005948
Donga,2024-05-04,304.6386247,310.0043296,300.3255643,0.0001821
Donga,2024-05-05,305.0338497,311.2068893,300.9727731,0.0021878
Donga,2024-05-06,305.1708119,311.4035735,300.7941696,0.0020533
Dukku,2024-05-01,308.0855655,313.4831995,302.7351191,1.62e-05
Dukku,2024-05-02,306.8211409,312.9799599,299.991508,2.3872741e-06
Dukku,2024-05-03,306.656516,312.3284624,301.0520391,1.0689523e-06
Dukku,2024-05-04,306.4080385,312.4241831,300.209324,3.83e-05
Dukku,2024-05-05,306.895596,312.9270287,300.8447418,2.67e-05
Dukku,2024-05-06,306.0252741,312.3229439,301.2412173,0.0016209
Dunukofia,2024-05-01,302.4911294,308.8999108,299.8091273,0.0023054
Dunukofia,2024-05-02,301.4634223,306.9113327,299.3589762,0.0030458
Dunukofia,2024-05-03,301.569798,306.6072221,299.2482667,0.0039945
Dunukofia,2024-05-04,302.1679287,307.6615862,299.0889885,0.0020021
Dunukofia,2024-05-05,302.6251445,308.4758013,298.9219086,0.0024644
Dunukofia,2024-05-06,302.4322963,306.6653239,299.6020836,0.0005032
Dutse,2024-05-01,307.9699425,314.6994236,300.6247724,1.4022616e-06
Dutse,2024-05-02,307.2505864,314.4612346,300.7248924,1.25e-05
Dutse,2024-05-03,306.7455245,312.8353479,300.6175301,0
Dutse,2024-05-04,307.2240375,313.9797865,300.5456641,1.7789068e-06
Dutse,2024-05-05,307.7541943,314.9704412,300.4329744,8.7022784e-07
Dutse,2024-05-06,307.0642465,313.68632,300.333639,2.139527e-06
Dutsi,2024-05-01,306.1850093,314.7858178,296.5920817,8.5234632e-07
Dutsi,2024-05-02,306.6826762,313.8346751,299.4874684,8.5234632e-07
Dutsi,2024-05-03,306.4423182,312.7116429,299.886308,0
Dutsi,2024-05-04,306.8694018,313.489062,300.3467226,1.2814998e-06
Dutsi,2024-05-05,306.3480945,313.7555975,297.2075767,8.7022784e-07
Dutsi,2024-05-06,306.9831345,313.1953339,299.8832712,1.7471417e-06
Dutsin-Ma,2024-05-01,305.6837385,313.1707318,296.363889,8.5234632e-07
Dutsin-Ma,2024-05-02,306.0690201,312.0158211,300.3158328,8.5234632e-07
Dutsin-Ma,2024-05-03,305.939744,311.8996017,300.2165061,0
Dutsin-Ma,2024-05-04,306.3262607,312.4403117,299.9323564,1.2814998e-06
Dutsin-Ma,2024-05-05,306.3350921,313.1578798,299.4432342,8.7022784e-07
Dutsin-Ma,2024-05-06,305.5728419,311.8854611,299.6281175,0.0001291
Eastern Obolo,2024-05-01,301.1122554,303.861067,299.0546311,0.0123958
Eastern Obolo,2024-05-02,300.4690562,302.831001,299.3416175,0.0108623
Eastern Obolo,2024-05-03,300.2799419,302.1019469,298.6719702,0.0144086
Eastern Obolo,2024-05-04,301.7905991,303.7892623,299.83008,0.0005646
Eastern Obolo,2024-05-05,301.7516629,303.6999309,299.81864,0.0037168
Eastern Obolo,2024-05-06,301.2843652,303.1033719,300.0280945,0.0070651
Ebonyi,2024-05-01,304.4313284,310.5504413,301.222881,0.0003384
Ebonyi,2024-05-02,303.5192742,308.1674469,300.5437131,0.0006032
Ebonyi,2024-05-03,303.0429882,308.6389541,300.1987621,0.0052123
Ebonyi,2024-05-04,303.2903506,307.3520058,299.7843051,0.0002063
Ebonyi,2024-05-05,303.9526047,309.9273766,300.0601248,0.0011512
Ebonyi,2024-05-06,304.0198837,309.6135818,300.720905,0.0034747
Edati,2024-05-01,306.844206,312.2712987,301.9147045,6.4e-05
Edati,2024-05-02,306.4082059,311.6540654,301.6177137,0.0001832
Edati,2024-05-03,306.3828801,312.0107201,301.5706811,0.0001218
Edati,2024-05-04,306.7303345,312.7435676,301.2948359,2.15e-05
Edati,2024-05-05,306.4711119,312.727096,301.2844417,0.0002414
Edati,2024-05-06,306.0787469,312.3161389,301.5921293,0.0002444
Ede North,2024-05-01,301.3708949,307.2342127,299.1463917,0.0016562
Ede North,2024-05-02,301.193903,306.3723962,298.3450401,0.0007174
Ede North,2024-05-03,301.0083766,307.0908222,298.177395,0.0026592
Ede North,2024-05-04,301.05858,307.3124089,297.0336785,0.0001805
Ede North,2024-05-05,301.6407408,306.7947143,297.7156852,0.0001903
Ede North,2024-05-06,300.8773521,304.8290074,298.752503,0.0001856
Ede South,2024-05-01,301.3037931,307.0055911,299.1936956,0.0017589
Ede South,2024-05-02,301.1391004,306.1902037,298.3752672,0.0007769
Ede South,2024-05-03,300.9825151,306.9877473,298.2082823,0.003233
Ede South,2024-05-04,300.9999863,307.1638737,297.0968029,0.0002746
Ede South,2024-05-05,301.5651635,306.5647061,297.7630112,0.0002729
Ede South,2024-05-06,300.8306064,304.7022011,298.7672171,0.0002337
Edu,2024-05-01,305.8278001,312.0924948,301.2553799,0.0001905
Edu,2024-05-02,305.4898965,311.4367474,300.8604601,0.0003608
Edu,2024-05-03,305.5025421,311.6132641,300.8680072,0.0001144
Edu,2024-05-04,305.9681315,312.7349544,300.6046742,9.6365728e-06
Edu,2024-05-05,305.964777,312.7939981,300.5572689,9.42e-05
Edu,2024-05-06,305.1550341,311.964753,301.1559364,0.0002459
Efon,2024-05-01,300.3661093,306.1318418,298.1611857,0.0036501
Efon,2024-05-02,300.1926816,305.2255114,297.3304773,0.0008637
Efon,2024-05-03,299.8219603,305.6194753,297.0262233,0.0036288
Efon,2024-05-04,300.0396652,306.3717336,296.2689393,0.0003161
Efon,2024-05-05,300.5168767,306.1394246,297.0458206,0.0003799
Efon,2024-05-06,299.8683133,304.3052613,297.3494418,0.0001883
Egbado North,2024-05-01,302.9677543,306.8748174,300.6110406,0.0001195
Egbado North,2024-05-02,302.6362427,307.3033474,299.9343225,0.0008987
Egbado North,2024-05-03,302.670281,308.8490429,299.5866036,0.0009737
Egbado North,2024-05-04,302.6087481,307.9580783,299.1417995,0.0005597
Egbado North,2024-05-05,302.8121191,307.0742675,299.2107536,0.0006484
Egbado North,2024-05-06,302.5431423,307.4634252,299.0715931,0.0003517
Egbado South,2024-05-01,302.6812225,306.3145766,300.5781088,0.0004353
Egbado South,2024-05-02,302.3222079,306.4841912,299.8243914,0.0008621
Egbado South,2024-05-03,302.2107448,307.9491063,299.3322937,0.0012928
Egbado South,2024-05-04,302.133573,306.7323702,298.994929,0.0006504
Egbado South,2024-05-05,302.5183249,306.3847374,299.2508714,0.0006264
Egbado South,2024-05-06,302.2639978,306.8443052,299.1286478,0.0004657
Egbeda,2024-05-01,301.8439259,307.074341,299.7493672,0.0028283
Egbeda,2024-05-02,301.5013045,306.4371575,298.9559449,0.0014021
Egbeda,2024-05-03,301.4890823,307.4763859,298.5968385,0.0044948
Egbeda,2024-05-04,301.4719997,307.4343322,297.3427875,0.0004015
Egbeda,2024-05-05,301.7557716,306.1347832,298.0465248,0.0010172
Egbeda,2024-05-06,301.3295463,305.7337532,298.9985277,0.0003321
Egbedore,2024-05-01,301.4618211,307.4631536,299.105824,0.0014376
Egbedore,2024-05-02,301.2941628,306.6969008,298.3482593,0.0005995
Egbedore,2024-05-03,301.1438433,307.2041002,298.3773333,0.0021571
Egbedore,2024-05-04,301.2157405,307.4770157,297.1714552,0.0001163
Egbedore,2024-05-05,301.7651776,307.0503805,297.7458899,0.0001288
Egbedore,2024-05-06,300.9943623,305.0197358,298.7268447,0.0001558
Egor,2024-05-01,300.9081207,305.5525391,298.9292012,0.0198266
Egor,2024-05-02,300.6567601,304.6679513,298.838886,0.0069445
Egor,2024-05-03,300.3415988,303.6991838,298.7226123,0.0026378
Egor,2024-05-04,300.4656388,305.3609743,297.974311,0.0025031
Egor,2024-05-05,301.3292605,306.3378068,297.7637227,0.0013968
Egor,2024-05-06,300.9084669,304.223242,298.7078166,0.0003536
Ehime-Mbano,2024-05-01,301.58458,308.083233,299.3494754,0.0046052
Ehime-Mbano,2024-05-02,300.3978104,305.7864844,298.5640342,0.0130791
Ehime-Mbano,2024-05-03,299.9353743,304.1600038,298.2949058,0.0110422
Ehime-Mbano,2024-05-04,300.7336159,305.8753216,297.479459,0.002906
Ehime-Mbano,2024-05-05,301.3319244,307.4493897,297.696391,0.0071511
Ehime-Mbano,2024-05-06,301.3786965,305.3368378,298.3944076,0.0007962
Ejigbo,2024-05-01,301.7381046,307.6780872,299.2638536,0.0011012
Ejigbo,2024-05-02,301.5627898,307.1511886,298.5285199,0.0005398
Ejigbo,2024-05-03,301.5671326,307.6881072,298.6924025,0.0021906
Ejigbo,2024-05-04,301.5907601,307.7152335,297.4816572,0.0002004
Ejigbo,2024-05-05,302.0506201,307.2385284,297.9575888,0.0001495
Ejigbo,2024-05-06,301.3349269,305.4961367,298.8493125,0.0001577
Ekeremor,2024-05-01,301.4406534,304.1203259,300.3694048,0.0140084
Ekeremor,2024-05-02,300.8320809,302.8445836,298.9708064,0.009821
Ekeremor,2024-05-03,300.4185718,301.9161719,298.7498659,0.0060945
Ekeremor,2024-05-04,301.1251836,304.449703,298.9496795,0.0081129
Ekeremor,2024-05-05,301.6057458,304.8686294,298.9186735,0.0024684
Ekeremor,2024-05-06,301.2507167,303.3772631,299.6034423,0.0066426
Eket,2024-05-01,300.9638256,304.4878419,298.4943837,0.0195113
Eket,2024-05-02,300.2638145,303.0633088,298.8387809,0.0129267
Eket,2024-05-03,300.0018349,301.9368227,298.4408778,0.0077306
Eket,2024-05-04,301.360046,303.7968418,299.0177202,0.0010708
Eket,2024-05-05,301.5253643,304.289426,299.1891133,0.0089638
Eket,2024-05-06,301.0905958,303.7065733,299.5009124,0.0075278
Ekiti,2024-05-01,301.9482669,308.0090802,298.8440724,0.0016254
Ekiti,2024-05-02,302.0819266,308.0730118,297.991415,0.0001697
Ekiti,2024-05-03,301.5222177,307.2643605,298.2536865,0.0006728
Ekiti,2024-05-04,302.1795106,308.815111,297.6720009,7.3e-05
Ekiti,2024-05-05,302.2675971,308.6177909,297.9514429,0.0004804
Ekiti,2024-05-06,301.8942282,308.533608,298.4216577,0.001214
Ekiti East,2024-05-01,300.5184552,306.6700124,298.0896391,0.005162
Ekiti East,2024-05-02,300.5475401,306.71771,296.9513319,0.0004567
Ekiti East,2024-05-03,300.2226895,306.099797,297.455369,0.0023002
Ekiti East,2024-05-04,300.78388,306.9531599,296.6945813,0.0001854
Ekiti East,2024-05-05,300.9089653,306.8150935,297.2844025,0.0008708
Ekiti East,2024-05-06,300.9873211,307.537742,297.3786038,0.0010266
Ekiti South West,2024-05-01,300.4998205,306.0193817,298.465547,0.0040987
Ekiti South West,2024-05-02,300.249074,305.3600133,297.5228582,0.0008823
Ekiti South West,2024-05-03,299.9381494,305.7307009,297.1982825,0.0045646
Ekiti South West,2024-05-04,300.1325198,306.2166069,296.3740944,0.0003821
Ekiti South West,2024-05-05,300.6619188,306.3257153,297.2993561,0.0006811
Ekiti South West,2024-05-06,300.0520846,304.6386307,297.5334721,0.0001905
Ekiti West,2024-05-01,300.2837364,306.1017865,298.0387334,0.0035109
Ekiti West,2024-05-02,300.1067095,305.1856375,297.1961965,0.0008672
Ekiti West,2024-05-03,299.7209734,305.5270837,296.9705989,0.003601
Ekiti West,2024-05-04,299.9664454,306.2465461,296.1735721,0.0003355
Ekiti West,2024-05-05,300.4386864,306.0828003,296.9575241,0.0003766
Ekiti West,2024-05-06,299.8291722,304.4387939,297.2301931,0.0002058
Ekwusigo,2024-05-01,302.0510081,308.7366206,299.569316,0.0048552
Ekwusigo,2024-05-02,301.0685128,306.5161274,298.9438501,0.0042797
Ekwusigo,2024-05-03,300.9213255,305.8414831,298.7062895,0.0051291
Ekwusigo,2024-05-04,301.5336767,307.0853932,298.6972763,0.0038437
Ekwusigo,2024-05-05,302.0778546,308.1315314,297.9554383,0.0026556
Ekwusigo,2024-05-06,301.908645,305.9805418,298.8229235,0.0005096
Eleme,2024-05-01,301.2025227,304.9928551,299.8213419,0.0102804
Eleme,2024-05-02,300.5238767,303.7105504,299.2104984,0.0120481
Eleme,2024-05-03,300.1198406,302.4627966,298.3825884,0.0120426
Eleme,2024-05-04,301.3997907,304.4402142,299.0385167,0.0012644
Eleme,2024-05-05,301.5590653,305.3212424,298.6871446,0.0051483
Eleme,2024-05-06,301.1222489,303.7477077,299.3405179,0.0082481
Emohua,2024-05-01,301.2532058,305.9288473,299.685855,0.011036
Emohua,2024-05-02,300.632385,304.6938595,299.0010417,0.0146062
Emohua,2024-05-03,300.1906799,302.4492224,298.4888667,0.003844
Emohua,2024-05-04,301.1705058,305.1519671,298.6963123,0.0051535
Emohua,2024-05-05,301.5347203,306.1145316,298.4123253,0.0058985
Emohua,2024-05-06,301.1655416,304.4967641,298.9772327,0.0065432
Emure,2024-05-01,300.9157623,306.7872836,298.6520073,0.0025611
Emure,2024-05-02,300.7938205,306.4490204,297.9167604,0.0007325
Emure,2024-05-03,300.6281348,306.432356,298.1804495,0.0018766
Emure,2024-05-04,300.9940014,307.1600695,297.2155371,0.0002776
Emure,2024-05-05,301.3987796,307.2299569,298.150075,0.0012909
Emure,2024-05-06,301.2412494,306.9735131,298.0692738,0.0003416
Enugu East,2024-05-01,303.2020217,309.99968,300.0873471,0.0006908
Enugu East,2024-05-02,302.0410748,307.2627808,299.1670856,0.0007569
Enugu East,2024-05-03,302.0638906,307.6343095,299.0082163,0.005913
Enugu East,2024-05-04,302.401232,307.82727,298.737703,0.0017165
Enugu East,2024-05-05,303.0365707,309.4192875,298.9975051,0.0007833
Enugu East,2024-05-06,303.0425535,308.4601851,299.6831839,0.0008158
Enugu North,2024-05-01,303.1402824,310.0236917,300.1165287,0.0010094
Enugu North,2024-05-02,301.9396329,307.1250399,299.2313398,0.0008145
Enugu North,2024-05-03,301.9473235,307.5160012,299.0648903,0.0070448
Enugu North,2024-05-04,302.3013528,307.5998231,298.6799891,0.0011125
Enugu North,2024-05-05,302.8932587,309.4046639,298.9133228,0.0017889
Enugu North,2024-05-06,302.9288965,308.1507488,299.6398594,0.0007329
Enugu South,2024-05-01,302.9834233,309.9080275,299.9857962,0.0011527
Enugu South,2024-05-02,301.7687803,306.9815571,299.1032026,0.0009256
Enugu South,2024-05-03,301.8217954,307.4032587,298.9537651,0.0072552
Enugu South,2024-05-04,302.155828,307.442831,298.5375007,0.0011159
Enugu South,2024-05-05,302.6935626,309.2371867,298.7205398,0.00204
Enugu South,2024-05-06,302.736355,307.86535,299.4638888,0.0007682
Epe,2024-05-01,302.3807701,305.2650518,301.1599406,0.002443
Epe,2024-05-02,301.9670662,304.5997155,299.8738456,0.0069175
Epe,2024-05-03,301.3636272,304.1210396,299.66591,0.0047384
Epe,2024-05-04,301.9216794,304.8510842,299.12326,0.0005992
Epe,2024-05-05,302.541147,304.8589091,300.4437056,0.0010051
Epe,2024-05-06,302.0551488,304.8102217,299.9610128,0.0040533
Esan Central,2024-05-01,301.2860019,307.8895969,298.032303,0.0042388
Esan Central,2024-05-02,300.462563,305.3405066,298.1871485,0.0014271
Esan Central,2024-05-03,300.8399002,305.8883016,298.5691048,0.0029067
Esan Central,2024-05-04,301.1617578,307.0497133,297.6392206,0.0023873
Esan Central,2024-05-05,301.6454136,307.9191445,297.7856931,0.0018199
Esan Central,2024-05-06,301.3762336,306.4534914,298.2945433,0.0004166
Esan North East,2024-05-01,302.0759645,308.9134275,298.6948581,0.0022724
Esan North East,2024-05-02,301.1358679,306.2164156,298.7695144,0.0016295
Esan North East,2024-05-03,301.5877195,306.7731738,299.102245,0.0029179
Esan North East,2024-05-04,301.8981254,308.0469686,298.2748367,0.0047869
Esan North East,2024-05-05,302.3227325,308.6782895,298.3978873,0.0013593
Esan North East,2024-05-06,302.1233134,307.4251566,298.9156156,0.0004851
Esan South East,2024-05-01,302.120535,308.6684139,298.9720001,0.0032894
Esan South East,2024-05-02,301.0805826,306.0718668,299.0148687,0.0027369
Esan South East,2024-05-03,301.5474849,306.6811465,299.1781218,0.0042419
Esan South East,2024-05-04,301.9079963,307.9728326,298.7264422,0.0050361
Esan South East,2024-05-05,302.4545326,308.7934919,298.5247965,0.001816
Esan South East,2024-05-06,302.2283813,307.2093363,299.2290254,0.0004505
Esan West,2024-05-01,301.02591,306.9839844,298.0738079,0.0076706
Esan West,2024-05-02,300.2456467,304.8728618,298.2169756,0.0016446
Esan West,2024-05-03,300.5398962,305.2421481,298.4874829,0.0028407
Esan West,2024-05-04,300.8910538,306.6108376,297.6697762,0.0014637
Esan West,2024-05-05,301.5608907,307.6342033,297.8280892,0.0023287
Esan West,2024-05-06,301.2068259,305.8248031,298.3374019,0.0003944
Ese-Odo,2024-05-01,301.6164019,304.7901981,300.2181778,0.0143756
Ese-Odo,2024-05-02,301.2543117,303.7606508,298.978889,0.0082051
Ese-Odo,2024-05-03,300.6117555,302.8870277,299.3421731,0.0059841
Ese-Odo,2024-05-04,301.1751488,304.2129125,298.9292085,0.0074122
Ese-Odo,2024-05-05,301.8498369,304.7337207,299.452993,0.0031208
Ese-Odo,2024-05-06,301.3161649,304.2392924,299.4630595,0.0046653
Esit - Eket,2024-05-01,300.9569612,304.2108268,298.5316261,0.0208877
Esit - Eket,2024-05-02,300.3527008,302.7597824,298.9014563,0.011263
Esit - Eket,2024-05-03,300.0532457,301.8625511,298.6401909,0.0089509
Esit - Eket,2024-05-04,301.4912502,303.6455068,299.2084424,0.0008579
Esit - Eket,2024-05-05,301.6088667,303.9993388,299.4354095,0.0047956
Esit - Eket,2024-05-06,301.1843476,303.4138103,299.5985875,0.006691
Essien Udim,2024-05-01,301.2383475,306.3387126,299.3009808,0.004172
Essien Udim,2024-05-02,300.3690774,304.6981328,298.7669583,0.0083365
Essien Udim,2024-05-03,299.7614539,302.5323443,297.663019,0.0065256
Essien Udim,2024-05-04,300.831964,304.8616232,297.9509649,0.0013747
Essien Udim,2024-05-05,301.1166207,305.6607753,298.12076,0.0100632
Essien Udim,2024-05-06,301.1055175,304.3495156,298.3957052,0.0035558
Etche,2024-05-01,301.197275,306.0865386,299.4400627,0.0065305
Etche,2024-05-02,300.4960826,305.2023842,298.9327025,0.0113221
Etche,2024-05-03,300.0813155,302.4258738,298.1450574,0.0037605
Etche,2024-05-04,300.8986665,304.738498,298.1570382,0.0036824
Etche,2024-05-05,301.3791869,306.1072257,298.107167,0.0055121
Etche,2024-05-06,301.1304154,304.399392,298.8272331,0.0059824
Ethiope East,2024-05-01,300.9961564,305.8241284,299.5742978,0.0124109
Ethiope East,2024-05-02,300.5889984,304.9873263,298.420149,0.0070383
Ethiope East,2024-05-03,300.193416,303.6267705,298.1992236,0.0106123
Ethiope East,2024-05-04,300.7133929,305.4172934,298.5555519,0.0070197
Ethiope East,2024-05-05,301.2847813,306.481195,297.8453424,0.0028954
Ethiope East,2024-05-06,300.783639,304.1160211,298.514311,0.0050584
Ethiope West,2024-05-01,300.9936603,305.6746933,299.3967446,0.0140508
Ethiope West,2024-05-02,300.5791738,304.7613679,298.167287,0.0099427
Ethiope West,2024-05-03,300.2858122,304.2563224,298.469115,0.0092811
Ethiope West,2024-05-04,300.5609975,305.4806464,298.2799962,0.0079201
Ethiope West,2024-05-05,301.4171717,306.3312116,298.1252955,0.001337
Ethiope West,2024-05-06,300.8136934,303.7833485,298.7936753,0.0023544
Eti-Osa,2024-05-01,302.4717012,304.748536,301.3255402,0.0008809
Eti-Osa,2024-05-02,302.2917952,304.3306276,300.3693842,0.0044957
Eti-Osa,2024-05-03,301.7111055,304.0797267,300.0716198,0.0054139
Eti-Osa,2024-05-04,302.1428862,304.5695925,299.4161947,0.0003745
Eti-Osa,2024-05-05,302.9013814,304.7980047,301.4283502,0.0004715
Eti-Osa,2024-05-06,302.2416814,304.4100905,300.4488943,0.0040845
Etim Ekpo,2024-05-01,301.1890191,305.8575943,299.3365268,0.0051184
Etim Ekpo,2024-05-02,300.3442617,304.7364425,298.8078866,0.0078135
Etim Ekpo,2024-05-03,299.7419941,302.5300355,297.5871922,0.0087935
Etim Ekpo,2024-05-04,300.9453757,304.6816484,298.0461027,0.0011052
Etim Ekpo,2024-05-05,301.2460706,305.479583,298.3007021,0.0105123
Etim Ekpo,2024-05-06,301.0426001,304.1913221,298.4510837,0.0037311
Etinan,2024-05-01,301.0249466,305.1841375,298.4300943,0.0130169
Etinan,2024-05-02,300.2114601,303.8246983,298.6444916,0.010433
Etinan,2024-05-03,299.7779212,302.2043636,297.9251337,0.0071117
Etinan,2024-05-04,301.0574115,304.1525497,298.4101289,0.0010946
Etinan,2024-05-05,301.3330633,304.6648785,298.5457083,0.0094653
Etinan,2024-05-06,300.9916427,303.8826337,298.8067611,0.0053114
Etsako Central,2024-05-01,303.4171211,310.49636,300.0958081,0.0010769
Etsako Central,2024-05-02,302.4802294,307.7549717,299.7832826,0.0004924
Etsako Central,2024-05-03,302.8245673,308.2546409,299.918617,0.0008542
Etsako Central,2024-05-04,303.1854915,309.6228242,299.1424072,0.0058356
Etsako Central,2024-05-05,303.568873,309.9240579,299.5244187,0.0004945
Etsako Central,2024-05-06,303.4817402,309.0000092,299.9423798,0.000271
Etsako East,2024-05-01,303.207512,310.003099,299.9511999,0.0009423
Etsako East,2024-05-02,302.5055409,307.9971192,299.471761,0.0003145
Etsako East,2024-05-03,302.6253689,308.1101475,299.4794401,0.0006658
Etsako East,2024-05-04,302.9843698,309.2949994,298.7756566,0.0047356
Etsako East,2024-05-05,303.270969,309.6793251,299.2356344,0.0006042
Etsako East,2024-05-06,303.3331212,308.8833398,299.5369591,4.16e-05
Etsako West,2024-05-01,302.5432802,309.2921863,299.2518,0.0014583
Etsako West,2024-05-02,301.7367363,306.9894162,299.1182451,0.0005417
Etsako West,2024-05-03,302.0295138,307.4332137,299.3508801,0.0011723
Etsako West,2024-05-04,302.4144381,308.597466,298.3222065,0.0033288
Etsako West,2024-05-05,302.8738202,309.1756658,298.9125244,0.0009978
Etsako West,2024-05-06,302.7613418,308.2716117,299.2481559,0.0002202
Etung,2024-05-01,302.3119539,308.153649,299.4665082,0.0052795
Etung,2024-05-02,301.3595458,306.3924736,299.3467487,0.0064744
Etung,2024-05-03,300.9953493,305.3158579,298.9021848,0.003527
Etung,2024-05-04,301.3700423,305.2354954,298.3848431,8.14e-05
Etung,2024-05-05,301.7906919,306.9333457,298.5554925,0.0025449
Etung,2024-05-06,301.913085,307.6344581,299.0323306,0.0034411
Ewekoro,2024-05-01,302.8607575,306.9447859,300.6483571,0.000253
Ewekoro,2024-05-02,302.4416665,306.7734251,299.9192168,0.0012022
Ewekoro,2024-05-03,302.2757647,308.1106352,299.4016157,0.0025209
Ewekoro,2024-05-04,302.2921682,307.5552361,298.7685847,0.0003465
Ewekoro,2024-05-05,302.5601837,306.2824803,299.0529159,0.0010866
Ewekoro,2024-05-06,302.5613704,307.5684326,299.280105,0.0002369
Ezeagu,2024-05-01,302.786448,309.3006922,299.9734047,0.00151
Ezeagu,2024-05-02,301.5744342,307.0039501,299.2705217,0.0018346
Ezeagu,2024-05-03,301.8123674,306.9817924,299.1318824,0.0054399
Ezeagu,2024-05-04,302.34411,307.6873681,298.9780532,0.002037
Ezeagu,2024-05-05,302.7396458,309.0309561,299.0522254,0.0018551
Ezeagu,2024-05-06,302.7468885,307.5943575,299.7472153,0.0010292
Ezinihitte,2024-05-01,301.4103567,307.364647,299.2446795,0.0040328
Ezinihitte,2024-05-02,300.3435791,305.2419272,298.5562636,0.0125558
Ezinihitte,2024-05-03,299.788797,303.1482386,298.24381,0.0099908
Ezinihitte,2024-05-04,300.5810937,305.3754661,297.4102386,0.0050212
Ezinihitte,2024-05-05,301.1563074,306.7334849,297.6299447,0.0063789
Ezinihitte,2024-05-06,301.2805317,304.8789514,298.3356675,0.0011159
Ezza North,2024-05-01,304.019959,310.4222817,301.0177803,0.0006428
Ezza North,2024-05-02,302.8915544,307.3712152,300.3077193,0.0007095
Ezza North,2024-05-03,302.4718103,307.9223291,299.9631859,0.0081523
Ezza North,2024-05-04,302.8427812,307.0242923,299.5442667,0.0004757
Ezza North,2024-05-05,303.5936914,309.2569246,299.7485355,0.0015311
Ezza North,2024-05-06,303.727573,308.9536156,300.4907994,0.0017766
Ezza South,2024-05-01,303.8591807,310.0572327,300.9251443,0.0004233
Ezza South,2024-05-02,302.6451401,306.975318,300.2521603,0.0008417
Ezza South,2024-05-03,302.2968809,307.4763084,299.8739619,0.0087511
Ezza South,2024-05-04,302.6330325,306.7158243,299.5205572,0.0004663
Ezza South,2024-05-05,303.3905197,308.8663831,299.5995375,0.0019213
Ezza South,2024-05-06,303.5094905,308.5068708,300.3547298,0.0019205
Fagge,2024-05-01,305.5693365,313.3490002,295.9573007,8.5234632e-07
Fagge,2024-05-02,306.3178363,313.0590233,300.3323117,1.58e-05
Fagge,2024-05-03,306.121793,312.8978554,299.887987,0
Fagge,2024-05-04,306.440778,313.1714571,299.6265348,1.2814998e-06
Fagge,2024-05-05,307.181519,314.6354974,299.9939453,8.7022784e-07
Fagge,2024-05-06,306.6509159,313.3581343,299.8268853,0
Fakai,2024-05-01,307.8721042,313.7009271,302.4780953,6.85e-05
Fakai,2024-05-02,307.0380627,312.2981158,302.8599833,0.0007726
Fakai,2024-05-03,307.3026832,312.57144,302.7002735,5.8780711e-10
Fakai,2024-05-04,307.597204,313.4200688,302.3194351,1.8198336e-06
Fakai,2024-05-05,307.8455325,313.1776793,302.4858093,9.8820524e-06
Fakai,2024-05-06,307.1742183,313.0712872,302.8029001,0.0006388
Faskari,2024-05-01,304.48624,311.0931039,298.9281736,2.62e-05
Faskari,2024-05-02,304.653647,310.1666408,300.1072352,4.57e-05
Faskari,2024-05-03,304.4579994,309.6604056,299.8095411,0
Faskari,2024-05-04,304.839132,310.7689239,299.3505031,1.5239709e-06
Faskari,2024-05-05,305.0911893,311.2066614,299.592016,8.6814994e-07
Faskari,2024-05-06,304.2471384,310.5252555,299.2048712,0.000227
Fika,2024-05-01,308.3897806,313.8293382,302.5829577,8.081804e-06
Fika,2024-05-02,307.0687859,313.7792721,300.5063349,8.5234632e-07
Fika,2024-05-03,306.8155126,313.1241689,300.5124404,0
Fika,2024-05-04,306.9880062,313.0423847,300.5600696,1.8262316e-06
Fika,2024-05-05,307.4299594,313.5555178,300.8134187,3.5241081e-06
Fika,2024-05-06,307.0433712,312.9458224,301.6324076,0.0005894
Fufore,2024-05-01,308.8415138,315.1618732,302.1252875,8.5234632e-07
Fufore,2024-05-02,308.2976187,313.9458796,302.4202009,1.29e-05
Fufore,2024-05-03,307.7804545,312.1939521,303.3716836,6.56e-05
Fufore,2024-05-04,307.8343433,312.9923815,302.5603161,2.22e-05
Fufore,2024-05-05,308.1372909,313.1422656,303.1301903,3.8e-05
Fufore,2024-05-06,308.29123,313.7702846,302.4591309,2.13e-05
Funakaye,2024-05-01,308.5610761,313.5241307,303.4802001,8.8877893e-06
Funakaye,2024-05-02,307.7306082,313.5268123,301.3969669,1.1211655e-06
Funakaye,2024-05-03,307.686941,312.8344826,302.5225435,1.52e-05
Funakaye,2024-05-04,307.2746198,312.8092138,301.3709319,3.56e-05
Funakaye,2024-05-05,307.7012332,313.3841656,302.2305339,1.52e-05
Funakaye,2024-05-06,306.8900432,312.6314817,302.3212794,0.0014951
Fune,2024-05-01,308.6975989,314.6358874,302.6982863,8.7034705e-07
Fune,2024-05-02,307.3608689,314.2181078,299.7090747,8.5234632e-07
Fune,2024-05-03,306.6169785,313.5647766,299.9043652,0
Fune,2024-05-04,307.1638425,313.5646145,300.8774676,1.2814998e-06
Fune,2024-05-05,307.5009516,313.6369665,301.0056109,1.4063033e-06
Fune,2024-05-06,307.3609343,313.1043531,301.8290645,7.4e-05
Funtua,2024-05-01,303.8803479,310.556405,298.3866482,0.0001039
Funtua,2024-05-02,304.0177078,309.8543433,299.5755742,6.39e-05
Funtua,2024-05-03,303.9978712,309.5724111,299.1122622,0
Funtua,2024-05-04,304.3743646,310.5182753,298.7245172,1.4071006e-06
Funtua,2024-05-05,304.632006,310.8945602,299.074941,8.7022784e-07
Funtua,2024-05-06,303.8220451,310.3893574,298.6088926,0.0002611
Gabasawa,2024-05-01,307.2965947,314.5242306,298.2494921,8.5234632e-07
Gabasawa,2024-05-02,307.3636084,314.7640947,300.3724582,3.6398404e-06
Gabasawa,2024-05-03,306.841213,313.3462085,300.3054574,0
Gabasawa,2024-05-04,307.2394396,314.1911455,300.1768468,1.4495593e-06
Gabasawa,2024-05-05,308.0185746,315.5975092,300.4727596,8.7022784e-07
Gabasawa,2024-05-06,307.4653997,314.1288289,300.5131803,0
Gada,2024-05-01,308.9913231,316.5641099,298.1318914,8.5234632e-07
Gada,2024-05-02,309.1316773,315.8767443,302.9069902,8.5234632e-07
Gada,2024-05-03,308.9857766,315.1618738,302.8897835,0
Gada,2024-05-04,309.0678456,316.0329566,301.7959894,1.2814998e-06
Gada,2024-05-05,308.8910637,315.9481245,301.3421868,8.7022784e-07
Gada,2024-05-06,308.8003002,315.3216373,303.140216,4.2702589e-06
Gagarawa,2024-05-01,307.5302645,314.7577295,298.8725828,8.5234632e-07
Gagarawa,2024-05-02,307.0731145,314.3454577,299.4936353,8.5234632e-07
Gagarawa,2024-05-03,306.7793249,314.0302035,299.669047,0
Gagarawa,2024-05-04,306.7730803,314.0893733,299.4672194,1.2814998e-06
Gagarawa,2024-05-05,307.2195336,314.9206834,299.1776713,8.7022784e-07
Gagarawa,2024-05-06,307.6067889,314.1665373,300.7043287,0
Gamawa,2024-05-01,308.6730836,315.0781864,302.352545,8.5234632e-07
Gamawa,2024-05-02,307.4101389,314.7439766,300.1197237,8.5234632e-07
Gamawa,2024-05-03,306.6371577,314.1433672,299.5454387,0
Gamawa,2024-05-04,306.8199513,313.7785236,300.3978537,1.2814998e-06
Gamawa,2024-05-05,307.4383451,314.1318451,300.5274137,8.7022784e-07
Gamawa,2024-05-06,307.4602223,313.726479,301.2156515,0
Ganjuwa,2024-05-01,307.6932782,313.7809795,301.5324533,2.5829742e-06
Ganjuwa,2024-05-02,306.5293786,312.6574726,300.5339169,9.3762272e-06
Ganjuwa,2024-05-03,306.2866154,312.1914175,300.818684,0
Ganjuwa,2024-05-04,306.0878175,312.2483188,299.6778585,2.15e-05
Ganjuwa,2024-05-05,306.4226005,312.9162603,299.9877868,1.21e-05
Ganjuwa,2024-05-06,305.7189929,312.2735994,300.7325477,0.0005177
Ganye,2024-05-01,305.5683975,311.7379935,299.8817775,5.5717615e-06
Ganye,2024-05-02,304.2223539,309.067147,299.613672,0.0003359
Ganye,2024-05-03,302.8164822,307.6873595,299.2124116,0.0010589
Ganye,2024-05-04,303.7136804,308.890165,298.78402,0.0002916
Ganye,2024-05-05,303.9941951,309.2859488,299.7684959,0.0011875
Ganye,2024-05-06,304.5639686,310.0240982,299.0428077,8.36e-05
Garki,2024-05-01,307.3448838,314.8561274,298.0762598,8.5234632e-07
Garki,2024-05-02,307.2818683,314.8630366,299.6909529,8.6067824e-07
Garki,2024-05-03,306.805166,313.5913334,299.9864557,0
Garki,2024-05-04,306.929135,314.2337767,299.7783293,1.2814998e-06
Garki,2024-05-05,307.5327408,315.4236154,299.6028313,8.7022784e-07
Garki,2024-05-06,307.6485332,314.1904307,300.6310523,0
Garko,2024-05-01,305.8810935,312.9132648,299.2747165,7.0891802e-06
Garko,2024-05-02,305.907018,312.2707803,300.9756368,3.42e-05
Garko,2024-05-03,305.7234168,311.7565731,300.5143785,0
Garko,2024-05-04,306.1962101,312.5965427,300.2206122,1.4081219e-06
Garko,2024-05-05,306.9723072,313.6128793,300.5914397,8.7022784e-07
Garko,2024-05-06,306.0721373,312.5562358,300.0724452,1.0479068e-07
Garum Mallam,2024-05-01,305.1354936,312.9361286,297.9511509,2.81e-05
Garum Mallam,2024-05-02,305.7548039,312.0634348,300.9738142,4.47e-05
Garum Mallam,2024-05-03,305.6351331,312.0833493,300.2741734,0
Garum Mallam,2024-05-04,306.0424099,312.4259753,299.8577428,1.2814998e-06
Garum Mallam,2024-05-05,306.8300949,313.6293914,300.3235377,8.7022784e-07
Garum Mallam,2024-05-06,306.0584843,312.6364004,299.9898744,0
Gashaka,2024-05-01,303.7487883,309.2933265,298.4208393,6.07e-05
Gashaka,2024-05-02,302.5169038,308.2952579,297.6530051,0.0036842
Gashaka,2024-05-03,300.6089471,306.1306181,297.0450459,0.0041516
Gashaka,2024-05-04,301.5948677,307.6120117,296.6237557,0.003692
Gashaka,2024-05-05,301.625828,307.7807479,297.6056675,0.0061178
Gashaka,2024-05-06,302.545695,308.4166458,296.9762315,0.0005808
Gassol,2024-05-01,308.6445975,313.7228208,304.0436544,9.49e-05
Gassol,2024-05-02,307.0777224,311.7835675,302.607555,0.000387
Gassol,2024-05-03,305.9751747,311.3437299,302.3873802,0.0002006
Gassol,2024-05-04,306.2832318,311.6310956,301.5340307,0.0005124
Gassol,2024-05-05,306.719029,311.8133186,302.6025319,0.0002944
Gassol,2024-05-06,306.7644446,312.4903006,302.360264,0.0008894
Gaya,2024-05-01,307.2143854,314.2367467,299.8766877,1.3262719e-06
Gaya,2024-05-02,306.9879135,314.1402135,300.8258345,1.83e-05
Gaya,2024-05-03,306.5780556,312.8033079,300.5839703,0
Gaya,2024-05-04,306.9836679,313.7475103,300.4070661,1.73246e-06
Gaya,2024-05-05,307.7345209,314.9320389,300.5718611,8.7022784e-07
Gaya,2024-05-06,306.9484733,313.5888446,300.2279929,0
Gbako,2024-05-01,307.2706346,312.0603278,302.2281914,3.68e-05
Gbako,2024-05-02,306.5168754,311.3753094,302.065687,0.0003002
Gbako,2024-05-03,306.580693,311.9018135,301.9321013,3.79e-05
Gbako,2024-05-04,306.8789951,312.3805654,301.4181445,3.48e-05
Gbako,2024-05-05,306.8890811,312.6038981,301.6609488,0.0001065
Gbako,2024-05-06,306.511039,312.3225209,301.5708448,0.0001467
Gboko,2024-05-01,306.0936315,312.5218395,301.7185086,0.0006564
Gboko,2024-05-02,304.7753746,309.8380965,300.9500906,0.0002536
Gboko,2024-05-03,304.1209673,309.3568321,300.6719597,0.0002687
Gboko,2024-05-04,304.6206135,309.7442717,300.1183518,2.17e-05
Gboko,2024-05-05,305.3064911,311.229231,300.555074,0.0008156
Gboko,2024-05-06,305.22635,311.41736,301.3994984,0.0019353
Geidam,2024-05-01,308.7768747,316.0070644,301.9227432,8.5234632e-07
Geidam,2024-05-02,308.1367402,316.324548,299.0920722,8.5234632e-07
Geidam,2024-05-03,306.9676545,315.1834395,297.9613186,0
Geidam,2024-05-04,307.4046641,314.7642962,300.2202567,1.2814998e-06
Geidam,2024-05-05,307.663787,314.8923587,299.9107775,1.1783015e-06
Geidam,2024-05-06,308.2640758,314.8595729,301.646695,0
Gezawa,2024-05-01,306.6183992,313.863093,297.8530824,8.5234632e-07
Gezawa,2024-05-02,306.8514046,313.8541097,300.5372377,1.49e-05
Gezawa,2024-05-03,306.5095311,313.0967669,300.2683139,0
Gezawa,2024-05-04,306.8430361,313.6664675,300.060279,1.2814998e-06
Gezawa,2024-05-05,307.6813041,315.1057708,300.4394964,8.7022784e-07
Gezawa,2024-05-06,307.0938725,313.6875728,300.301145,0
Giade,2024-05-01,308.4312024,314.4876662,302.5166819,1.1354851e-06
Giade,2024-05-02,307.3145866,314.2743149,300.5045094,3.4610074e-06
Giade,2024-05-03,306.688977,312.967668,300.5060145,0
Giade,2024-05-04,306.74465,313.272321,300.2499163,1.2825971e-06
Giade,2024-05-05,307.1278984,313.7259484,300.4212612,1.346822e-06
Giade,2024-05-06,306.5531661,312.8303148,301.1620696,0.0002243
Girei,2024-05-01,309.1578812,314.8697233,303.2764669,8.5234632e-07
Girei,2024-05-02,308.5308578,313.970645,303.3664727,6.76e-05
Girei,2024-05-03,308.0780989,312.4383835,303.6106188,2.86e-05
Girei,2024-05-04,308.0046147,313.2417621,302.6767332,7.19e-05
Girei,2024-05-05,308.4658127,313.477715,303.8639787,2.02e-05
Girei,2024-05-06,308.5669629,314.0609467,303.0829667,3.92e-05
Giwa,2024-05-01,303.7731751,309.9958438,298.9517146,0.0006651
Giwa,2024-05-02,303.3258016,309.2443993,299.4791537,0.0004523
Giwa,2024-05-03,303.6218691,309.3875999,298.8106714,0
Giwa,2024-05-04,304.0348373,310.2362551,298.6911832,3.5427978e-06
Giwa,2024-05-05,304.1714856,310.3278678,299.0799795,0.0001803
Giwa,2024-05-06,303.2190508,310.0401865,298.5864817,0.0007274
Gokana,2024-05-01,301.1270022,304.2609486,299.8597991,0.0135169
Gokana,2024-05-02,300.4264722,303.1220541,299.210713,0.0147462
Gokana,2024-05-03,300.1609756,302.327754,298.5379903,0.0136531
Gokana,2024-05-04,301.5099898,304.0422844,299.3150969,0.0010515
Gokana,2024-05-05,301.5538553,304.6942731,299.1740701,0.0045174
Gokana,2024-05-06,301.0852875,303.5828038,299.4041252,0.007174
Gombe,2024-05-01,308.228209,313.7460613,303.1139896,8.5234632e-07
Gombe,2024-05-02,307.075386,312.4508403,301.4601577,1.65e-05
Gombe,2024-05-03,306.9125542,311.7718426,302.4865257,3.87e-05
Gombe,2024-05-04,306.332506,312.2512205,300.097757,3.05e-05
Gombe,2024-05-05,306.8222116,312.2653412,301.7772214,4.9e-05
Gombe,2024-05-06,306.0753753,311.9850062,301.3392677,0.0005164
Gombi,2024-05-01,307.4738493,313.2061881,301.8250345,2.331581e-06
Gombi,2024-05-02,307.2337377,312.5040154,301.6701261,8.5234632e-07
Gombi,2024-05-03,306.6926814,311.5320407,302.1406255,2.72e-05
Gombi,2024-05-04,306.2253813,311.7981685,300.3745214,0.0001287
Gombi,2024-05-05,306.5366898,311.6067964,301.8921215,0.0001139
Gombi,2024-05-06,306.2574591,311.6532643,301.3501123,0.0014046
Goronyo,2024-05-01,308.8740829,316.2531111,297.8960795,8.5234632e-07
Goronyo,2024-05-02,308.9446858,315.2918891,303.2552444,8.5234632e-07
Goronyo,2024-05-03,308.8635479,314.5523249,303.5896623,0
Goronyo,2024-05-04,309.0415627,315.7464221,302.4276671,1.2814998e-06
Goronyo,2024-05-05,308.9341252,315.6228172,301.9208455,8.7022784e-07
Goronyo,2024-05-06,308.5602494,315.0766076,303.4410462,9.9158034e-06
Gubio,2024-05-01,309.0875535,316.39145,301.5223649,8.5234632e-07
Gubio,2024-05-02,308.9344927,316.8640317,300.3090755,8.5234632e-07
Gubio,2024-05-03,307.9215757,315.9180288,298.613112,0
Gubio,2024-05-04,308.1649953,315.4114214,300.84951,1.2814998e-06
Gubio,2024-05-05,308.3051944,315.208882,300.8024515,1.44e-05
Gubio,2024-05-06,309.0220628,315.9826536,301.363882,0
Gudu,2024-05-01,309.1704136,316.4948098,299.1094628,8.5234632e-07
Gudu,2024-05-02,309.1465849,315.0097817,303.2977619,6.8007921e-06
Gudu,2024-05-03,308.9006084,314.4937952,302.909391,1.44e-05
Gudu,2024-05-04,309.1589119,315.2268287,302.7709297,1.2814998e-06
Gudu,2024-05-05,309.1341437,315.2400744,302.3759639,8.7022784e-07
Gudu,2024-05-06,308.5171756,314.9187176,302.8380044,0.0005991
Gujba,2024-05-01,309.0210701,315.0941523,302.9381825,1.4228532e-06
Gujba,2024-05-02,307.8967204,313.8559953,301.7392341,8.5234632e-07
Gujba,2024-05-03,307.808946,313.5554802,302.4749094,0
Gujba,2024-05-04,307.5765706,313.1139979,301.7910753,9.8360105e-06
Gujba,2024-05-05,307.9864634,313.3921214,302.0990932,8.1605288e-06
Gujba,2024-05-06,307.4153108,312.9422134,302.5531912,0.0006577
Gulani,2024-05-01,308.8735654,314.3666132,303.2822252,5.6607256e-06
Gulani,2024-05-02,307.9854231,313.5540727,302.0554135,8.5234632e-07
Gulani,2024-05-03,308.1476467,313.387539,302.7357193,3.408388e-07
Gulani,2024-05-04,307.6953473,313.0117149,301.957283,6.2691907e-06
Gulani,2024-05-05,308.0274549,313.6068788,302.5552836,5.1e-05
Gulani,2024-05-06,307.0954855,312.8419749,302.7152817,0.0017839
Guma,2024-05-01,306.9542271,313.5398656,302.4393778,0.0014137
Guma,2024-05-02,305.6953929,310.3873164,301.574765,0.0001194
Guma,2024-05-03,305.029485,309.6719498,301.5029326,4.51e-05
Guma,2024-05-04,305.3871988,310.1783125,300.9320175,1.49e-05
Guma,2024-05-05,306.0317296,310.9121745,301.5316982,6.8e-05
Guma,2024-05-06,305.9936037,312.0556732,301.7027994,0.0034539
Gumel,2024-05-01,307.6908034,314.9161056,299.5254412,8.5234632e-07
Gumel,2024-05-02,307.3641919,314.6401928,299.7832645,8.5234632e-07
Gumel,2024-05-03,307.0089524,314.4939064,299.8599538,0
Gumel,2024-05-04,306.8895559,314.4485142,299.5174312,1.2814998e-06
Gumel,2024-05-05,307.2962101,315.2303326,298.9824208,8.7022784e-07
Gumel,2024-05-06,307.9123942,314.5167027,300.9965357,0
Gummi,2024-05-01,308.5931741,314.5449798,302.6069472,9.5668811e-07
Gummi,2024-05-02,308.0722851,314.0535723,303.4465798,0.0001001
Gummi,2024-05-03,308.2755332,313.69369,303.3401509,2.6924408e-06
Gummi,2024-05-04,308.5297756,314.6448173,303.1407867,1.2814998e-06
Gummi,2024-05-05,308.7687214,314.5446961,303.1194498,3.6508226e-06
Gummi,2024-05-06,307.1211693,314.2182995,302.0271433,0.0042663
Gurara,2024-05-01,304.7856461,308.9392627,300.9553773,0.0009073
Gurara,2024-05-02,303.3869772,308.1374478,299.6354081,0.0036372
Gurara,2024-05-03,302.9252121,306.8491706,299.7537324,1.4640283e-08
Gurara,2024-05-04,304.1782883,308.600375,299.9146071,8.35e-05
Gurara,2024-05-05,304.268998,308.900235,300.1318737,0.0001237
Gurara,2024-05-06,304.0669185,308.838595,299.8701114,0.0002229
Guri,2024-05-01,308.2838664,315.5936707,299.9620179,8.5234632e-07
Guri,2024-05-02,307.8198103,315.507855,298.6405983,8.5234632e-07
Guri,2024-05-03,307.2294498,315.8164425,297.8213701,0
Guri,2024-05-04,306.9128505,315.2509663,298.5073985,1.2814998e-06
Guri,2024-05-05,307.3168992,315.293095,297.8754448,8.7022784e-07
Guri,2024-05-06,307.9668262,314.8498733,301.0334519,0
Gusau,2024-05-01,305.1814817,311.9319313,298.9185244,2.93e-05
Gusau,2024-05-02,305.3703484,310.9512175,300.9752037,4.68e-05
Gusau,2024-05-03,305.0794664,310.1352019,300.6950717,0
Gusau,2024-05-04,305.4264418,311.313454,299.9969047,3.359519e-06
Gusau,2024-05-05,305.6739151,311.690542,300.1995072,1.9386396e-06
Gusau,2024-05-06,304.9023746,311.3653136,300.0505383,0.0002981
Guyuk,2024-05-01,308.7441238,313.7419553,304.1221061,8.5234632e-07
Guyuk,2024-05-02,308.0357191,313.2834722,302.8433463,8.5234632e-07
Guyuk,2024-05-03,307.5299831,312.0893184,302.8251143,4.25e-05
Guyuk,2024-05-04,307.0908117,312.4294163,301.4804261,5.01e-05
Guyuk,2024-05-05,307.4616231,312.481003,303.379938,0.0001081
Guyuk,2024-05-06,307.4530368,312.8928584,302.5336807,0.0007221
Guzamala,2024-05-01,309.8597093,317.1448273,302.0275848,8.5234632e-07
Guzamala,2024-05-02,309.6458325,317.259752,301.0170724,8.5234632e-07
Guzamala,2024-05-03,309.1721573,316.6931419,301.3164026,0
Guzamala,2024-05-04,308.4459798,315.8464077,300.3498621,1.2814998e-06
Guzamala,2024-05-05,308.4113559,315.7708695,300.2439645,9.088745e-07
Guzamala,2024-05-06,309.2919762,316.9626871,300.5135265,0
Gwadabawa,2024-05-01,309.8600771,316.6936585,300.5428447,8.5234632e-07
Gwadabawa,2024-05-02,309.6399367,315.8268098,304.2003915,8.6693983e-07
Gwadabawa,2024-05-03,309.4288596,314.8020091,304.2832151,0
Gwadabawa,2024-05-04,309.6288061,315.6176097,303.7121687,1.2814998e-06
Gwadabawa,2024-05-05,309.7051049,315.9532812,303.3854111,8.7022784e-07
Gwadabawa,2024-05-06,309.3222143,315.2102333,304.3929029,2.86e-05
Gwagwalada,2024-05-01,305.6702283,309.8348073,301.818551,0.000238
Gwagwalada,2024-05-02,304.7314581,309.5677202,300.8886952,0.0019539
Gwagwalada,2024-05-03,304.3101947,308.51117,300.8135215,4.2113043e-08
Gwagwalada,2024-05-04,305.2587563,309.8708529,300.9277511,0.0001804
Gwagwalada,2024-05-05,305.3525309,309.8819628,301.055557,0.0001108
Gwagwalada,2024-05-06,305.1652968,310.1520043,300.7963818,0.0003445
Gwale,2024-05-01,305.2626881,313.2300198,295.7174289,9.1249885e-07
Gwale,2024-05-02,306.2394473,312.8865307,300.3806644,1.83e-05
Gwale,2024-05-03,306.0720547,312.8688652,299.9028184,0
Gwale,2024-05-04,306.3851432,313.0755027,299.6145541,1.2814998e-06
Gwale,2024-05-05,307.1436998,314.5754212,300.0132764,8.7022784e-07
Gwale,2024-05-06,306.5974238,313.2926697,299.8217931,0
Gwandu,2024-05-01,309.1337452,315.4351611,302.2796587,8.5234632e-07
Gwandu,2024-05-02,308.3345596,314.5978635,303.826407,0.000164
Gwandu,2024-05-03,308.7536825,313.6902737,303.5914628,1.55e-05
Gwandu,2024-05-04,309.2863716,314.9990241,303.8443031,1.2814998e-06
Gwandu,2024-05-05,309.5373405,315.2061571,303.9004501,8.7022784e-07
Gwandu,2024-05-06,307.8607754,314.4662591,301.3906735,0.0062432
Gwaram,2024-05-01,308.0026313,314.2894444,301.7953757,1.0568272e-06
Gwaram,2024-05-02,306.8361805,313.465556,300.4607757,1.2e-05
Gwaram,2024-05-03,306.4898428,312.6335593,300.5172127,0
Gwaram,2024-05-04,306.4396748,312.9224073,299.8424131,5.7689525e-06
Gwaram,2024-05-05,306.8411859,313.5747154,299.9918668,1.7295468e-06
Gwaram,2024-05-06,306.0736578,312.5684682,300.730383,0.0002914
Gwarzo,2024-05-01,304.2770312,311.9263575,297.1240198,7.8410963e-06
Gwarzo,2024-05-02,305.101009,311.0382104,300.4062236,2.96e-05
Gwarzo,2024-05-03,304.9124885,310.9961922,299.881153,0
Gwarzo,2024-05-04,305.2737761,311.4538381,299.4329631,1.2814998e-06
Gwarzo,2024-05-05,305.7506271,312.4536066,299.6858722,8.7022784e-07
Gwarzo,2024-05-06,305.2096765,311.3331867,299.4621142,1.65e-05
Gwer East,2024-05-01,305.8825435,312.5900794,301.9102796,0.001372
Gwer East,2024-05-02,304.9038913,310.0111487,300.936067,0.0001348
Gwer East,2024-05-03,304.3220643,309.7652917,300.7309341,0.0002746
Gwer East,2024-05-04,304.7320657,310.0093337,300.3342842,7.67e-05
Gwer East,2024-05-05,305.5350944,311.2944052,300.868761,3.49e-05
Gwer East,2024-05-06,305.5810548,311.6172417,301.631814,0.0017051
Gwer West,2024-05-01,306.190118,313.278047,301.123183,0.0076404
Gwer West,2024-05-02,304.8876403,309.7914365,300.9460157,8.45e-05
Gwer West,2024-05-03,304.3132123,309.3860234,300.8283514,0.0002857
Gwer West,2024-05-04,304.8800646,310.1845138,300.5708094,0.0002644
Gwer West,2024-05-05,305.4413206,310.6770827,301.1037646,2.8e-05
Gwer West,2024-05-06,305.4451043,311.4175613,301.2292286,0.003769
Gwiwa,2024-05-01,306.24469,314.5460916,297.0888574,8.5234632e-07
Gwiwa,2024-05-02,306.7270333,313.8379258,299.8685108,8.5234632e-07
Gwiwa,2024-05-03,306.4095007,312.7210555,300.1104065,0
Gwiwa,2024-05-04,306.8466998,313.4978417,300.4624795,1.2814998e-06
Gwiwa,2024-05-05,306.794429,314.0100839,298.5333934,8.7022784e-07
Gwiwa,2024-05-06,307.1169877,313.4019591,300.2595714,1.8408851e-06
Gwoza,2024-05-01,308.6415734,315.3099086,301.2324136,8.5234632e-07
Gwoza,2024-05-02,308.1014198,315.1735777,299.4399584,8.5234632e-07
Gwoza,2024-05-03,308.2948552,314.3480454,302.5340545,3.8722688e-07
Gwoza,2024-05-04,308.327586,314.2638195,302.2653177,2.276844e-06
Gwoza,2024-05-05,308.2860701,313.8181459,302.9796484,4.3447843e-06
Gwoza,2024-05-06,307.664428,312.651276,302.0209564,8.6924439e-06
Hadejia,2024-05-01,308.0415833,315.1404898,299.6514834,8.5234632e-07
Hadejia,2024-05-02,307.2458916,314.7524245,299.6868576,8.5234632e-07
Hadejia,2024-05-03,307.0767454,315.0252502,299.5745074,0
Hadejia,2024-05-04,307.1465082,314.7053162,299.8097402,1.2814998e-06
Hadejia,2024-05-05,307.3737527,315.096293,299.2246061,8.7022784e-07
Hadejia,2024-05-06,307.8339962,314.4445212,301.0408366,0
Hawul,2024-05-01,307.9880561,314.0947164,302.0307544,9.0783872e-07
Hawul,2024-05-02,307.4285579,312.6819605,301.8510031,8.5234632e-07
Hawul,2024-05-03,307.0831617,311.9455672,302.5317852,1.59e-05
Hawul,2024-05-04,306.4303305,312.1011688,300.4539501,0.0001228
Hawul,2024-05-05,307.0149045,312.2654468,301.9444796,4.75e-05
Hawul,2024-05-06,306.451411,312.1001718,301.6807666,0.0013967
Hong,2024-05-01,307.3465587,313.16903,300.5749107,1.1449264e-06
Hong,2024-05-02,307.1931037,312.6281364,300.8817758,8.5234632e-07
Hong,2024-05-03,306.8748637,311.8972379,302.1879672,3.7844823e-07
Hong,2024-05-04,306.5505277,311.9972561,300.5959683,1.48e-05
Hong,2024-05-05,306.4018409,311.727722,301.523653,4.79e-05
Hong,2024-05-06,306.0350126,311.5822642,300.8341527,0.0019049
Ibadan North,2024-05-01,302.1594136,307.5507618,299.7736305,0.0024256
Ibadan North,2024-05-02,301.7006308,306.9093474,299.0390468,0.0013709
Ibadan North,2024-05-03,301.6918402,308.0395283,298.6529649,0.0054043
Ibadan North,2024-05-04,301.761533,308.2244373,297.4273263,0.0003589
Ibadan North,2024-05-05,301.9309159,306.3838971,297.9307445,0.0010157
Ibadan North,2024-05-06,301.6702596,306.6485164,298.9039392,0.0002771
Ibadan North East,2024-05-01,302.1727632,307.5606079,299.7791443,0.0024164
Ibadan North East,2024-05-02,301.7130286,306.9187012,299.0473175,0.0013788
Ibadan North East,2024-05-03,301.7006976,308.0531158,298.6471558,0.0054034
Ibadan North East,2024-05-04,301.7696807,308.2436371,297.4216156,0.0003622
Ibadan North East,2024-05-05,301.937521,306.3882294,297.9208984,0.0010254
Ibadan North East,2024-05-06,301.6799005,306.6676178,298.9144745,0.0002835
Ibadan North West,2024-05-01,302.1727632,307.5606079,299.7791443,0.0024164
Ibadan North West,2024-05-02,301.7130286,306.9187012,299.0473175,0.0013788
Ibadan North West,2024-05-03,301.7006976,308.0531158,298.6471558,0.0054034
Ibadan North West,2024-05-04,301.7696807,308.2436371,297.4216156,0.0003622
Ibadan North West,2024-05-05,301.937521,306.3882294,297.9208984,0.0010254
Ibadan North West,2024-05-06,301.6799005,306.6676178,298.9144745,0.0002835
Ibadan South East,2024-05-01,302.1890291,307.4792574,299.8372176,0.0021368
Ibadan South East,2024-05-02,301.7369569,306.8212507,299.0836133,0.0014403
Ibadan South East,2024-05-03,301.6865825,307.9563271,298.622152,0.0050764
Ibadan South East,2024-05-04,301.7475671,308.1024868,297.3772667,0.0003944
Ibadan South East,2024-05-05,301.9354037,306.2515404,297.916059,0.0011236
Ibadan South East,2024-05-06,301.6812112,306.6248694,298.9725478,0.0004019
Ibadan South West,2024-05-01,302.2374776,307.5028858,299.8367652,0.00198
Ibadan South West,2024-05-02,301.7661385,306.9433709,299.1024489,0.0013514
Ibadan South West,2024-05-03,301.7204688,308.1180635,298.7034287,0.0055981
Ibadan South West,2024-05-04,301.816067,308.1937157,297.4269222,0.0003847
Ibadan South West,2024-05-05,301.9878242,306.3296176,298.0371914,0.0009871
Ibadan South West,2024-05-06,301.7754555,306.8102784,298.9262001,0.0003291
Ibaji,2024-05-01,304.0015621,311.0340165,300.9091076,0.001132
Ibaji,2024-05-02,302.9492213,308.3397072,300.3343897,0.000723
Ibaji,2024-05-03,303.2141631,308.5172498,300.3517473,0.0018441
Ibaji,2024-05-04,303.6111943,309.8009009,299.9959669,0.0050597
Ibaji,2024-05-05,304.0626167,310.1476426,300.0139223,0.0006221
Ibaji,2024-05-06,303.942217,309.2651709,300.6541796,0.0001918
Ibarapa Central,2024-05-01,303.1608169,308.0118608,300.4910892,0.000273
Ibarapa Central,2024-05-02,302.7684498,308.2519317,299.6791892,0.0007994
Ibarapa Central,2024-05-03,302.7161459,309.6555525,299.4850618,0.0020825
Ibarapa Central,2024-05-04,302.9544426,309.1511468,298.6090624,0.0001911
Ibarapa Central,2024-05-05,302.9315673,308.2979873,298.8216762,0.0007042
Ibarapa Central,2024-05-06,302.9041668,308.5626848,299.3148843,0.000235
Ibarapa East,2024-05-01,302.8158382,308.1932156,300.2093932,0.0007439
Ibarapa East,2024-05-02,302.4755377,308.202526,299.3546248,0.0007753
Ibarapa East,2024-05-03,302.4467891,309.6009508,299.3651526,0.0034425
Ibarapa East,2024-05-04,302.7243229,309.0066573,298.2398001,0.0002145
Ibarapa East,2024-05-05,302.8173621,308.0343429,298.7016042,0.0005585
Ibarapa East,2024-05-06,302.704012,308.3205724,299.0481622,0.0002491
Ibarapa North,2024-05-01,303.1837416,308.2834544,300.3092137,0.0006915
Ibarapa North,2024-05-02,302.9052639,308.6817899,299.5281422,0.000732
Ibarapa North,2024-05-03,302.8850421,310.1565403,299.3175766,0.0014563
Ibarapa North,2024-05-04,303.0606734,309.4992315,298.4318024,0.0002213
Ibarapa North,2024-05-05,303.1131379,308.9360382,298.6692712,0.000594
Ibarapa North,2024-05-06,302.8196399,308.6196029,299.1366418,0.0001655
Ibeju/Lekki,2024-05-01,302.3851637,304.6124477,301.4039535,0.0014414
Ibeju/Lekki,2024-05-02,302.0354507,303.9656708,300.1298543,0.0066333
Ibeju/Lekki,2024-05-03,301.4454628,303.6253852,300.0324403,0.0048437
Ibeju/Lekki,2024-05-04,302.0215378,304.4046461,299.4853913,0.0004132
Ibeju/Lekki,2024-05-05,302.7319856,304.4895456,301.3166838,0.0006947
Ibeju/Lekki,2024-05-06,302.155502,304.3200609,300.463617,0.0040143
Ibeno,2024-05-01,300.9851395,303.9963831,298.5967782,0.0219615
Ibeno,2024-05-02,300.4209236,302.6588249,298.9686,0.0113712
Ibeno,2024-05-03,300.1163391,301.8448985,298.601963,0.010232
Ibeno,2024-05-04,301.619572,303.5836982,299.3904759,0.0008093
Ibeno,2024-05-05,301.6794919,303.8168732,299.568124,0.0041049
Ibeno,2024-05-06,301.2404074,303.2643646,299.7672451,0.0065784
Ibesikpo Asutan,2024-05-01,301.0354561,305.3685339,298.3274176,0.0115582
Ibesikpo Asutan,2024-05-02,300.2214769,303.9347623,298.7567744,0.0089549
Ibesikpo Asutan,2024-05-03,299.6984522,302.1811894,297.9104043,0.0057
Ibesikpo Asutan,2024-05-04,300.9821414,304.0973401,298.3531017,0.0010782
Ibesikpo Asutan,2024-05-05,301.3077401,304.617491,298.6029646,0.0077771
Ibesikpo Asutan,2024-05-06,301.0186282,303.9840339,298.7510628,0.0052603
Ibi,2024-05-01,308.6753932,314.3113516,303.9591807,0.0001602
Ibi,2024-05-02,307.0864317,311.7125699,302.5675593,8.1367951e-06
Ibi,2024-05-03,306.3616274,311.5370971,302.557289,8.88e-05
Ibi,2024-05-04,306.2179503,311.2450118,301.6141035,8.09e-05
Ibi,2024-05-05,306.9578967,311.9575364,302.3981246,0.0001877
Ibi,2024-05-06,306.9408177,313.05878,302.8363286,0.0015381
Ibiono Ibom,2024-05-01,301.4663353,306.7599777,299.2784009,0.0057333
Ibiono Ibom,2024-05-02,300.4875554,304.3385481,298.9083121,0.0073616
Ibiono Ibom,2024-05-03,299.9073299,302.748074,297.9326573,0.0043927
Ibiono Ibom,2024-05-04,300.8439785,304.7854743,297.9752299,0.0016766
Ibiono Ibom,2024-05-05,301.2215039,305.6739562,298.0986656,0.0093172
Ibiono Ibom,2024-05-06,301.3637492,304.5745438,298.6610794,0.0055792
Idah,2024-05-01,304.185769,311.1400294,300.9945314,0.0006331
Idah,2024-05-02,303.2536077,308.8339455,300.3062123,0.000463
Idah,2024-05-03,303.4049001,308.5989507,300.2911975,0.0008068
Idah,2024-05-04,303.8249958,310.1380064,299.8235529,0.0059532
Idah,2024-05-05,304.2522155,310.5935915,300.0706597,0.0003936
Idah,2024-05-06,304.2316982,309.6464785,300.5709984,1.59e-05
Idanre,2024-05-01,300.6551293,305.607235,298.7671951,0.0118221
Idanre,2024-05-02,300.4725196,304.7463714,298.5921041,0.0028751
Idanre,2024-05-03,300.1014414,304.2609131,297.9928247,0.0061138
Idanre,2024-05-04,300.2864624,305.3754502,297.2695683,0.0012583
Idanre,2024-05-05,301.0735523,305.7846006,298.1329615,0.0019078
Idanre,2024-05-06,300.583648,304.4943248,298.5325343,0.0004644
Ideato North,2024-05-01,301.6459476,308.1391075,299.3225864,0.005525
Ideato North,2024-05-02,300.4964968,305.8949913,298.6873871,0.0110816
Ideato North,2024-05-03,300.2744518,304.8090618,298.4529768,0.0097006
Ideato North,2024-05-04,301.0151027,306.2849097,297.9458896,0.0032426
Ideato North,2024-05-05,301.5283529,307.7119601,297.8889105,0.007221
Ideato North,2024-05-06,301.4831102,305.6992802,298.6393153,0.0008477
Ideato South,2024-05-01,301.5362635,308.2118773,299.2053048,0.0050109
Ideato South,2024-05-02,300.3523298,306.0157641,298.5388099,0.0159411
Ideato South,2024-05-03,300.0225132,304.5878331,298.1705055,0.0105985
Ideato South,2024-05-04,300.835284,306.2590433,297.6792765,0.0032629
Ideato South,2024-05-05,301.3873099,307.6508813,297.6685841,0.0078454
Ideato South,2024-05-06,301.3304586,305.4035635,298.4249747,0.0009915
Idemili North,2024-05-01,302.0392498,308.6315732,299.4444394,0.0040406
Idemili North,2024-05-02,301.0795661,306.447653,298.9611831,0.0037494
Idemili North,2024-05-03,301.0811168,306.076817,298.8815749,0.0048903
Idemili North,2024-05-04,301.6551942,307.2579628,298.703257,0.0032937
Idemili North,2024-05-05,302.138994,308.0713183,298.1645057,0.0031933
Idemili North,2024-05-06,301.9593552,306.2070562,299.0285218,0.0004938
Idemili South,2024-05-01,302.0168573,308.6732208,299.4500913,0.0041865
Idemili South,2024-05-02,301.0593393,306.4813219,298.9258595,0.0039859
Idemili South,2024-05-03,301.0260813,306.0358592,298.8160996,0.004754
Idemili South,2024-05-04,301.6186731,307.2085366,298.6819142,0.0033451
Idemili South,2024-05-05,302.104686,308.0920711,298.0436993,0.00314
Idemili South,2024-05-06,301.9377102,306.1910293,298.9413247,0.0004896
Ido,2024-05-01,302.3847856,307.7718991,299.9121155,0.0012618
Ido,2024-05-02,301.9924596,307.4961687,299.1659789,0.0010665
Ido,2024-05-03,301.9463333,308.7537179,299.0560629,0.0058483
Ido,2024-05-04,302.1455672,308.3862839,297.8742122,0.000323
Ido,2024-05-05,302.3136248,306.8629119,298.4266972,0.0006459
Ido,2024-05-06,302.1408528,307.4247051,298.8678395,0.0002661
Ido-Osi,2024-05-01,300.2980478,306.085614,297.7934356,0.0031808
Ido-Osi,2024-05-02,300.3116489,306.0551082,296.9801596,0.0005598
Ido-Osi,2024-05-03,299.8806103,305.7031545,297.2191784,0.0017427
Ido-Osi,2024-05-04,300.2876635,306.7369786,296.2958573,0.0001556
Ido-Osi,2024-05-05,300.6996292,306.3101072,296.8703079,0.0004497
Ido-Osi,2024-05-06,300.1917718,305.5182164,297.285936,0.000443
Ifako-Ijaye,2024-05-01,302.6786912,306.0568356,300.7157573,0.0006092
Ifako-Ijaye,2024-05-02,302.3879119,305.9615677,300.0987038,0.000952
Ifako-Ijaye,2024-05-03,301.9465467,306.6497036,299.4879375,0.0058496
Ifako-Ijaye,2024-05-04,302.1889093,306.1639402,299.5264647,0.0004458
Ifako-Ijaye,2024-05-05,302.5459345,305.7212023,299.3490969,0.0006948
Ifako-Ijaye,2024-05-06,302.3887645,306.6006406,299.8795436,0.0006963
Ife Central,2024-05-01,301.0206197,306.4868523,299.1344554,0.0021833
Ife Central,2024-05-02,300.8772413,305.7214343,298.2671294,0.0009579
Ife Central,2024-05-03,300.7483715,306.6034601,297.9743901,0.0048894
Ife Central,2024-05-04,300.681271,306.7160966,297.0470634,0.000522
Ife Central,2024-05-05,301.210994,306.0337976,297.6659178,0.0005605
Ife Central,2024-05-06,300.551093,304.3802066,298.6508081,0.0003377
Ife East,2024-05-01,300.879875,306.2129548,299.124744,0.0037022
Ife East,2024-05-02,300.7295278,305.2897859,298.2178327,0.0010739
Ife East,2024-05-03,300.647734,306.3022623,297.8565339,0.0054058
Ife East,2024-05-04,300.5156491,306.3079049,296.9665443,0.0006749
Ife East,2024-05-05,301.0305576,305.7157327,297.6602548,0.0007463
Ife East,2024-05-06,300.4049247,304.2526496,298.5882101,0.0003691
Ife North,2024-05-01,301.1377703,306.1426188,299.4552657,0.0051021
Ife North,2024-05-02,300.9981492,305.3118508,298.5667404,0.0018452
Ife North,2024-05-03,300.8804887,306.1805822,298.0928771,0.0044324
Ife North,2024-05-04,300.7485671,306.2274089,297.0609413,0.0017306
Ife North,2024-05-05,301.2519774,305.4246586,297.9424914,0.00141
Ife North,2024-05-06,300.7063482,304.5066856,298.8748435,0.000624
Ife South,2024-05-01,300.8664362,305.8304834,299.2147564,0.0062949
Ife South,2024-05-02,300.7291925,304.9470792,298.3587679,0.0016054
Ife South,2024-05-03,300.6544918,305.8748804,297.9282716,0.0038725
Ife South,2024-05-04,300.5167493,305.9105368,296.9661416,0.0016479
Ife South,2024-05-05,301.01751,305.311393,297.7340482,0.0011724
Ife South,2024-05-06,300.4856996,304.2759567,298.7575977,0.0004478
Ifedayo,2024-05-01,300.4665353,306.757,297.8725545,0.0028129
Ifedayo,2024-05-02,300.5790446,306.3617705,297.1985709,0.0005506
Ifedayo,2024-05-03,300.0688716,306.005704,297.2372577,0.0012139
Ifedayo,2024-05-04,300.4838187,307.2270431,296.4080636,0.0001924
Ifedayo,2024-05-05,300.9200158,306.7217433,296.8887926,0.0004159
Ifedayo,2024-05-06,300.1787935,305.4026871,297.5071558,0.0005524
Ifedore,2024-05-01,300.5872004,306.1056467,298.6034884,0.0047636
Ifedore,2024-05-02,300.3466883,305.2891838,297.8780941,0.0009443
Ifedore,2024-05-03,300.053913,305.5379893,297.5066627,0.0052436
Ifedore,2024-05-04,300.27454,306.1735554,296.7815859,0.0005242
Ifedore,2024-05-05,300.8591504,306.2513856,297.6811459,0.0010767
Ifedore,2024-05-06,300.2665748,304.7701266,297.8573282,0.0002681
Ifelodun,2024-05-01,,,,
Ifelodun,2024-05-02,,,,
Ifelodun,2024-05-03,,,,
Ifelodun,2024-05-04,,,,
Ifelodun,2024-05-05,,,,
Ifelodun,2024-05-06,,,,
Ifo,2024-05-01,302.7256372,306.4341972,300.6791601,0.00052
Ifo,2024-05-02,302.3583624,306.2674098,299.9800841,0.0011835
Ifo,2024-05-03,302.0155401,307.1193498,299.3790091,0.0044447
Ifo,2024-05-04,302.1167383,306.6474318,299.0209018,0.0003997
Ifo,2024-05-05,302.4765324,305.8580126,299.1571641,0.0009392
Ifo,2024-05-06,302.3941735,306.9747675,299.5772425,0.0005058
Igabi,2024-05-01,303.3545776,309.2536033,298.9738387,0.001189
Igabi,2024-05-02,302.5803484,308.3341247,299.0693846,0.0014779
Igabi,2024-05-03,302.7301669,308.2467001,298.3486485,0
Igabi,2024-05-04,303.4252507,309.5033314,298.407847,5.91e-05
Igabi,2024-05-05,303.5707566,309.549978,298.9107896,0.0003989
Igabi,2024-05-06,302.2744516,309.5559809,298.3196838,0.0049371
Igalamela-Odolu,2024-05-01,303.9122849,310.6672218,300.612862,0.0007292
Igalamela-Odolu,2024-05-02,302.8502929,308.679692,299.6931326,0.0004524
Igalamela-Odolu,2024-05-03,303.0220693,308.0864063,299.6645487,0.0007873
Igalamela-Odolu,2024-05-04,303.4395494,309.4971897,299.5209423,0.0056877
Igalamela-Odolu,2024-05-05,303.6826762,309.7296953,299.5662233,0.0005235
Igalamela-Odolu,2024-05-06,303.6479812,308.8673429,300.1251534,0.0004936
Igbo-Etiti,2024-05-01,302.5671624,309.1824692,299.3415385,0.0008288
Igbo-Etiti,2024-05-02,301.4468582,306.9311088,298.46949,0.0008154
Igbo-Etiti,2024-05-03,301.6515459,307.0654727,298.437365,0.0041947
Igbo-Etiti,2024-05-04,301.9513638,307.5302865,298.3316587,0.0058493
Igbo-Etiti,2024-05-05,302.2379492,308.4631017,298.3511683,0.0010467
Igbo-Etiti,2024-05-06,302.3046609,307.614793,298.9992004,0.0011601
Igbo-Eze North,2024-05-01,302.7968305,309.3232189,299.3176827,0.0007033
Igbo-Eze North,2024-05-02,301.6924153,307.3814748,298.3729282,0.0007936
Igbo-Eze North,2024-05-03,301.8568249,306.9109295,298.3103521,0.0037019
Igbo-Eze North,2024-05-04,302.1593808,307.7718324,298.4308228,0.0068995
Igbo-Eze North,2024-05-05,302.3205344,308.2098874,298.2992251,0.001088
Igbo-Eze North,2024-05-06,302.1857705,307.3799348,298.7862902,0.0016233
Igbo-Eze South,2024-05-01,302.5741036,308.8335045,299.2739858,0.0005998
Igbo-Eze South,2024-05-02,301.4995408,307.0776262,298.3576962,0.0006657
Igbo-Eze South,2024-05-03,301.7139247,306.6790807,298.3411513,0.0031817
Igbo-Eze South,2024-05-04,302.0302011,307.5858893,298.4275755,0.0085333
Igbo-Eze South,2024-05-05,302.1513091,308.0343947,298.3019593,0.0016049
Igbo-Eze South,2024-05-06,302.1108063,307.1021478,298.8379877,0.0013177
Igueben,2024-05-01,300.9643771,306.8616708,298.0717059,0.0081528
Igueben,2024-05-02,300.0603091,304.6958053,298.2365367,0.0030535
Igueben,2024-05-03,300.4772881,305.4205495,298.4027617,0.0030511
Igueben,2024-05-04,300.8296256,306.6553116,297.9954531,0.0028865
Igueben,2024-05-05,301.4950542,307.701057,297.7946235,0.0026483
Igueben,2024-05-06,301.1263022,305.7151578,298.3977626,0.0005043
Ihiala,2024-05-01,301.8436281,308.0736766,299.5631339,0.0065958
Ihiala,2024-05-02,300.80427,306.1208867,298.8184558,0.00662
Ihiala,2024-05-03,300.5620227,305.1798906,298.4583879,0.0082323
Ihiala,2024-05-04,301.1920567,306.726254,298.4231458,0.0052714
Ihiala,2024-05-05,301.8183237,307.8952001,297.7645631,0.0029842
Ihiala,2024-05-06,301.6594195,305.3149548,298.7442249,0.0007478
Ihitte/Uboma,2024-05-01,301.6859963,308.2215674,299.4576582,0.0042854
Ihitte/Uboma,2024-05-02,300.4914527,305.6817062,298.6589027,0.0100639
Ihitte/Uboma,2024-05-03,299.9618175,304.0058008,298.3460043,0.0102191
Ihitte/Uboma,2024-05-04,300.7815406,305.8845654,297.5491583,0.0024813
Ihitte/Uboma,2024-05-05,301.3497264,307.1682866,297.8337049,0.0073108
Ihitte/Uboma,2024-05-06,301.4817001,305.3508082,298.4557131,0.00097
Ijebu East,2024-05-01,301.7508187,305.8690827,300.3140325,0.0082245
Ijebu East,2024-05-02,301.4411663,304.9029298,299.2480338,0.005214
Ijebu East,2024-05-03,301.02509,304.8003036,298.5778511,0.0038251
Ijebu East,2024-05-04,301.1504629,305.2206055,297.5154985,0.0019547
Ijebu East,2024-05-05,301.7857111,304.8318413,299.0473701,0.002265
Ijebu East,2024-05-06,301.3105272,304.8078055,299.0819622,0.0031034
Ijebu North,2024-05-01,302.045906,306.7173237,300.1657018,0.0038826
Ijebu North,2024-05-02,301.7126056,305.9083085,299.327362,0.0033518
Ijebu North,2024-05-03,301.3744324,306.4953986,298.2559353,0.0033
Ijebu North,2024-05-04,301.4705399,306.6553401,297.3108554,0.0005035
Ijebu North,2024-05-05,301.9299434,305.5078562,298.5979864,0.0017962
Ijebu North,2024-05-06,301.5805528,305.9240144,299.1443653,0.0024498
Ijebu North East,2024-05-01,301.9980414,306.3896206,300.294655,0.0053797
Ijebu North East,2024-05-02,301.6697204,305.5615358,299.4046921,0.0048359
Ijebu North East,2024-05-03,301.2695296,305.6785896,298.3580808,0.0028774
Ijebu North East,2024-05-04,301.4269032,305.9992845,297.3811944,0.0005259
Ijebu North East,2024-05-05,301.9822417,305.4378884,298.847864,0.0018188
Ijebu North East,2024-05-06,301.6013739,305.664429,299.0864658,0.0035794
Ijebu Ode,2024-05-01,302.2823594,306.1120285,300.730952,0.0033026
Ijebu Ode,2024-05-02,301.8445065,305.4107536,299.5763668,0.0064136
Ijebu Ode,2024-05-03,301.3288504,305.1179507,299.1403479,0.0037638
Ijebu Ode,2024-05-04,301.7169911,305.6658264,298.2227689,0.0006176
Ijebu Ode,2024-05-05,302.304372,305.3512747,299.4205087,0.0014962
Ijebu Ode,2024-05-06,301.8875964,305.5762459,299.3572566,0.003938
Ijero,2024-05-01,300.3662842,306.555148,297.8967832,0.0031822
Ijero,2024-05-02,300.3748608,305.8809654,297.1656525,0.0007148
Ijero,2024-05-03,299.8934147,305.7680495,297.16888,0.0022731
Ijero,2024-05-04,300.2913547,306.8530383,296.3607772,0.0002316
Ijero,2024-05-05,300.7117542,306.3513276,296.9580453,0.0003482
Ijero,2024-05-06,300.0823858,305.1445087,297.327449,0.00036
Ijumu,2024-05-01,301.6130196,308.1881627,298.5990285,0.0033446
Ijumu,2024-05-02,301.5614735,307.7883371,297.5654486,0.0003825
Ijumu,2024-05-03,301.1832861,307.0861076,297.8673901,0.0026508
Ijumu,2024-05-04,301.8594303,308.2443647,297.4024536,0.0001685
Ijumu,2024-05-05,301.8651798,308.2381015,297.7973974,0.0005933
Ijumu,2024-05-06,302.2379665,309.3041882,297.8477524,0.0003503
Ika,2024-05-01,301.1575424,305.9589385,299.3349327,0.0043388
Ika,2024-05-02,300.3404903,304.9277168,298.7753927,0.0082335
Ika,2024-05-03,299.765294,302.5163528,297.6431075,0.0081062
Ika,2024-05-04,300.886242,304.7189175,298.0316784,0.0011971
Ika,2024-05-05,301.1767699,305.567104,298.1428833,0.0098776
Ika,2024-05-06,301.0081896,304.1992619,298.400699,0.0031985
Ika North East,2024-05-01,300.838013,306.7616283,298.4100791,0.0094159
Ika North East,2024-05-02,300.1333062,304.9835631,298.2712297,0.0048192
Ika North East,2024-05-03,300.4203411,305.4476288,298.2564172,0.0018643
Ika North East,2024-05-04,300.859769,306.6366103,298.4077062,0.0050511
Ika North East,2024-05-05,301.5132714,307.4330233,297.7019778,0.0027489
Ika North East,2024-05-06,301.0119794,305.203875,298.3157883,0.0004408
Ika South,2024-05-01,300.7978297,306.3966944,298.4812062,0.0105634
Ika South,2024-05-02,300.1093543,304.823063,298.2599593,0.0067739
Ika South,2024-05-03,300.3483674,305.2502539,298.2330752,0.0030155
Ika South,2024-05-04,300.7712046,306.4613059,298.4330235,0.0060918
Ika South,2024-05-05,301.4629365,307.239897,297.6629339,0.003269
Ika South,2024-05-06,300.910108,304.8946366,298.2052579,0.0004925
Ikara,2024-05-01,304.4387416,311.2369289,299.3619434,0.0005481
Ikara,2024-05-02,304.08006,310.2150337,300.0280521,0.0001629
Ikara,2024-05-03,304.1143882,310.1821679,299.2114416,0
Ikara,2024-05-04,304.6805103,310.9904867,299.0027414,1.7377497e-06
Ikara,2024-05-05,305.1037719,311.5588269,299.557941,1.56e-05
Ikara,2024-05-06,303.8332197,310.8202181,299.0051782,0.0005594
Ikeduru,2024-05-01,301.3431739,307.5186531,299.2513848,0.0062904
Ikeduru,2024-05-02,300.274481,305.527569,298.499143,0.0161104
Ikeduru,2024-05-03,299.7695308,303.596604,298.0833751,0.0090244
Ikeduru,2024-05-04,300.5742217,305.4832403,297.3656529,0.0039879
Ikeduru,2024-05-05,301.2065014,307.101894,297.4653345,0.0059606
Ikeduru,2024-05-06,301.1690797,304.9111294,298.1877009,0.0012917
Ikeja,2024-05-01,302.6128204,305.7166908,300.8401079,0.0005629
Ikeja,2024-05-02,302.4199634,305.5348779,300.3039164,0.0012661
Ikeja,2024-05-03,301.8877606,305.9284016,299.6744656,0.0072737
Ikeja,2024-05-04,302.2660146,305.6626079,300.0748102,0.0004737
Ikeja,2024-05-05,302.6682031,305.4572173,300.1327099,0.0005003
Ikeja,2024-05-06,302.3373215,306.009066,300.0834904,0.0013086
Ikenne,2024-05-01,302.5410301,306.7568845,300.4964273,0.0012623
Ikenne,2024-05-02,301.9965423,305.9700304,299.6231378,0.0041665
Ikenne,2024-05-03,301.6007221,306.615357,298.4628974,0.0027758
Ikenne,2024-05-04,301.8181742,306.8540044,297.7648324,0.0002392
Ikenne,2024-05-05,302.3012501,305.6174795,298.8556315,0.0012025
Ikenne,2024-05-06,302.0738094,306.5092811,299.4124065,0.0021168
Ikere,2024-05-01,300.6861453,306.6157389,298.641298,0.0035307
Ikere,2024-05-02,300.4400011,305.7590669,297.6686016,0.0008426
Ikere,2024-05-03,300.1739671,305.8836157,297.6286623,0.0032007
Ikere,2024-05-04,300.4484962,306.5713434,296.8397085,0.0003093
Ikere,2024-05-05,300.9662095,306.6168015,297.6553915,0.0010926
Ikere,2024-05-06,300.4310324,305.3234763,297.6696683,0.0003648
Ikole,2024-05-01,301.0915925,306.9615237,298.446396,0.0036717
Ikole,2024-05-02,301.1814049,307.1664083,297.4000777,0.0003219
Ikole,2024-05-03,300.7560107,306.4756806,297.8455242,0.0014337
Ikole,2024-05-04,301.3513579,307.637728,297.117789,0.0001037
Ikole,2024-05-05,301.4528838,307.3355499,297.5996723,0.0006352
Ikole,2024-05-06,301.3207965,307.7531723,297.8110544,0.0011381
Ikom,2024-05-01,303.1611173,309.0689459,299.9978275,0.0046738
Ikom,2024-05-02,302.0520013,306.6486652,299.9318708,0.0048796
Ikom,2024-05-03,301.7958478,306.4342369,299.4380185,0.0025286
Ikom,2024-05-04,302.0735216,305.6459315,299.0744887,7.25e-05
Ikom,2024-05-05,302.6668988,307.7389602,299.1225341,0.0013917
Ikom,2024-05-06,302.6219972,308.405346,299.7377064,0.0034882
Ikono,2024-05-01,301.3652021,306.712978,299.2906575,0.0050844
Ikono,2024-05-02,300.4015648,304.3917143,298.7995072,0.0071006
Ikono,2024-05-03,299.8044523,302.6716271,297.8213084,0.0051425
Ikono,2024-05-04,300.7729465,304.8616216,297.9125319,0.0014809
Ikono,2024-05-05,301.1277237,305.6990659,298.1114052,0.0097595
Ikono,2024-05-06,301.2538302,304.5396023,298.549889,0.0047543
Ikorodu,2024-05-01,302.5197561,305.6549439,300.9613672,0.0008468
Ikorodu,2024-05-02,302.1698987,305.195308,300.2054834,0.0050721
Ikorodu,2024-05-03,301.5959023,305.0387073,299.6815846,0.0067521
Ikorodu,2024-05-04,302.1396332,305.264151,299.7818163,0.0005288
Ikorodu,2024-05-05,302.5675115,305.1999637,300.1549126,0.0006655
Ikorodu,2024-05-06,302.1722508,305.3029442,300.1039079,0.002704
Ikot Abasi,2024-05-01,301.0301714,304.2190074,298.9753342,0.0106927
Ikot Abasi,2024-05-02,300.257016,303.058986,299.0767931,0.0105192
Ikot Abasi,2024-05-03,300.0382427,302.1517877,298.3784796,0.0147995
Ikot Abasi,2024-05-04,301.4506748,303.9115829,299.1953362,0.0005523
Ikot Abasi,2024-05-05,301.5963266,304.2405768,299.3767403,0.0038994
Ikot Abasi,2024-05-06,301.1474394,303.6508828,299.7004282,0.0068764
Ikot Ekpene,2024-05-01,301.256001,306.5489816,299.2386297,0.0042893
Ikot Ekpene,2024-05-02,300.3569283,304.4661933,298.7300677,0.0080564
Ikot Ekpene,2024-05-03,299.7582489,302.5515633,297.7401647,0.0051966
Ikot Ekpene,2024-05-04,300.7066652,304.8982111,297.7150369,0.0015228
Ikot Ekpene,2024-05-05,301.0234807,305.6828603,298.0097999,0.0096748
Ikot Ekpene,2024-05-06,301.1385621,304.4084847,298.3848224,0.0040189
Ikpoba-Okha,2024-05-01,300.9559873,305.6560393,299.1453486,0.017103
Ikpoba-Okha,2024-05-02,300.6006057,304.7136353,298.4059061,0.0081082
Ikpoba-Okha,2024-05-03,300.3214141,304.0923615,298.7082983,0.0062052
Ikpoba-Okha,2024-05-04,300.4903139,305.4918206,298.0781371,0.0056658
Ikpoba-Okha,2024-05-05,301.41981,306.4144072,298.056317,0.0015174
Ikpoba-Okha,2024-05-06,300.8913501,304.0361083,298.8233524,0.000825
Ikwerre,2024-05-01,301.1957175,306.0403935,299.5315971,0.0092298
Ikwerre,2024-05-02,300.5452544,304.9760111,298.9847723,0.013437
Ikwerre,2024-05-03,300.1246083,302.4201017,298.3016162,0.0035709
Ikwerre,2024-05-04,300.9863104,305.0032055,298.3936438,0.0042414
Ikwerre,2024-05-05,301.4441323,306.2788814,298.2708703,0.0060673
Ikwerre,2024-05-06,301.1536456,304.6060724,298.8830113,0.00639
Ikwo,2024-05-01,303.8241583,309.7679765,300.8901285,0.0008661
Ikwo,2024-05-02,302.6720345,306.9189749,300.3531037,0.0010638
Ikwo,2024-05-03,302.4153373,307.4015612,299.9213577,0.0072264
Ikwo,2024-05-04,302.614339,306.2462386,299.6599087,0.0003071
Ikwo,2024-05-05,303.383862,308.5824937,299.6050938,0.0008815
Ikwo,2024-05-06,303.4817995,308.6638056,300.3937438,0.0024976
Ikwuano,2024-05-01,301.5665207,307.4614903,299.3922214,0.0041795
Ikwuano,2024-05-02,300.4990921,304.7893833,298.779029,0.005748
Ikwuano,2024-05-03,299.8493502,303.1745328,298.2339213,0.0064266
Ikwuano,2024-05-04,300.7232208,305.3319486,297.6285786,0.0017229
Ikwuano,2024-05-05,301.1618239,306.1162722,297.9256049,0.0077128
Ikwuano,2024-05-06,301.4331192,305.2268945,298.5555833,0.0021637
Ila,2024-05-01,300.6292166,306.6843642,298.0256109,0.0021898
Ila,2024-05-02,300.6734755,306.3818766,297.3973114,0.0005284
Ila,2024-05-03,300.2352024,306.0899571,297.4001764,0.001507
Ila,2024-05-04,300.54628,307.1675199,296.5163999,0.000354
Ila,2024-05-05,301.0236992,306.8262406,297.0141618,0.0002683
Ila,2024-05-06,300.1891772,305.1029113,297.6513756,0.0005466
Ilaje,2024-05-01,301.8980603,305.2026865,300.7258872,0.0121452
Ilaje,2024-05-02,301.3838877,304.0465682,298.9628756,0.0086421
Ilaje,2024-05-03,300.6897591,302.7706402,299.2268478,0.0066616
Ilaje,2024-05-04,301.375949,304.3775653,298.7484512,0.0036223
Ilaje,2024-05-05,302.0463648,304.8914152,299.6449271,0.003119
Ilaje,2024-05-06,301.5670682,304.5081096,299.5657397,0.0043484
Ile-Oluji-Okeigbo,2024-05-01,300.6048736,305.5831783,298.7923286,0.0075273
Ile-Oluji-Okeigbo,2024-05-02,300.4302853,304.8174795,298.1797988,0.0013265
Ile-Oluji-Okeigbo,2024-05-03,300.2913725,305.4818324,297.746334,0.0044897
Ile-Oluji-Okeigbo,2024-05-04,300.3239816,305.7093185,296.9744053,0.0006935
Ile-Oluji-Okeigbo,2024-05-05,300.8727097,305.5833189,297.7976701,0.0010479
Ile-Oluji-Okeigbo,2024-05-06,300.2549301,304.1195098,298.3370599,0.0003248
Ilejemeji,2024-05-01,300.5808183,306.4814495,297.9119173,0.0025992
Ilejemeji,2024-05-02,300.6741368,306.5995973,297.0690138,0.0003776
Ilejemeji,2024-05-03,300.1762111,306.0157266,297.3294641,0.0011741
Ilejemeji,2024-05-04,300.6645024,307.2242118,296.4934307,0.0001189
Ilejemeji,2024-05-05,301.0140386,306.8444999,296.9677922,0.0003911
Ilejemeji,2024-05-06,300.5432694,306.3056219,297.5193166,0.0007581
Ilesha East,2024-05-01,300.5663422,306.0522515,298.6055706,0.0042741
Ilesha East,2024-05-02,300.3809153,305.2256467,297.7113435,0.0007805
Ilesha East,2024-05-03,300.1656474,305.9491507,297.384807,0.0048356
Ilesha East,2024-05-04,300.2171661,306.3404184,296.6256192,0.0002973
Ilesha East,2024-05-05,300.6957921,306.0836614,297.2736212,0.0005327
Ilesha East,2024-05-06,300.012539,304.0661404,297.8052516,0.0001923
Ilesha West,2024-05-01,300.6269411,306.126258,298.6018176,0.0036009
Ilesha West,2024-05-02,300.4552131,305.3052055,297.7450826,0.0008377
Ilesha West,2024-05-03,300.2136936,306.0245511,297.4365536,0.0041299
Ilesha West,2024-05-04,300.2884043,306.5075417,296.6499382,0.0003203
Ilesha West,2024-05-05,300.7750479,306.1453576,297.2918394,0.0004612
Ilesha West,2024-05-06,300.0703279,304.0637027,297.8780104,0.0002039
Illela,2024-05-01,309.6024283,316.8150225,299.4355256,8.5234632e-07
Illela,2024-05-02,309.6258654,315.960343,303.915012,8.5234632e-07
Illela,2024-05-03,309.3039827,315.0390969,303.7572004,0
Illela,2024-05-04,309.4381277,315.7235282,303.1542162,1.2814998e-06
Illela,2024-05-05,309.47938,315.8798821,302.7951522,8.7022784e-07
Illela,2024-05-06,309.2943621,315.1472777,304.2388215,8.349261e-06
Ilorin East,2024-05-01,303.8034668,310.6061979,299.8051107,0.0005689
Ilorin East,2024-05-02,303.6682274,309.8969833,299.146408,0.000245
Ilorin East,2024-05-03,303.633316,310.2021591,299.2921829,0.0005112
Ilorin East,2024-05-04,304.0140262,310.9042846,298.8917874,4.69e-05
Ilorin East,2024-05-05,304.0871327,311.1542781,298.8652955,0.000114
Ilorin East,2024-05-06,303.1693494,309.9015527,299.6252935,0.0005858
Ilorin South,2024-05-01,303.1293169,309.9826685,299.3490597,0.0001905
Ilorin South,2024-05-02,303.037614,309.4867761,298.6841378,0.0002424
Ilorin South,2024-05-03,302.9663754,309.6877453,298.7780334,0.0004523
Ilorin South,2024-05-04,303.3276838,310.3584348,298.1745006,2.65e-05
Ilorin South,2024-05-05,303.5101346,310.5365022,298.3020175,8.62e-05
Ilorin South,2024-05-06,302.6490785,308.9231412,299.1349537,0.0005703
Ilorin West,2024-05-01,303.3646009,310.2111794,299.5815698,0.0001496
Ilorin West,2024-05-02,303.2809784,309.8602865,298.8730351,0.0002322
Ilorin West,2024-05-03,303.2774825,310.2886872,298.971986,0.0005525
Ilorin West,2024-05-04,303.6175484,310.5765976,298.3473361,4.66e-05
Ilorin West,2024-05-05,303.8050479,310.836898,298.4788967,0.0001409
Ilorin West,2024-05-06,303.0226519,309.1036795,299.3315238,0.0002006
Imeko-Afon,2024-05-01,303.0674798,307.7978942,300.2219066,0.0004019
Imeko-Afon,2024-05-02,302.924916,308.3206523,299.6149906,0.0005585
Imeko-Afon,2024-05-03,302.891684,309.9308245,299.3793505,0.0022002
Imeko-Afon,2024-05-04,302.8751438,309.2454282,298.7743859,0.0002613
Imeko-Afon,2024-05-05,302.9888934,308.6229149,298.8440865,0.0009153
Imeko-Afon,2024-05-06,302.4950272,308.0833775,298.9103917,0.0004026
Ingawa,2024-05-01,306.4703757,314.2294788,297.1748846,8.5234632e-07
Ingawa,2024-05-02,306.6801607,313.4081114,300.2598368,8.5234632e-07
Ingawa,2024-05-03,306.3282439,312.4843619,300.3489414,0
Ingawa,2024-05-04,306.8057317,313.3095768,300.5514752,1.2814998e-06
Ingawa,2024-05-05,306.881681,313.9604517,299.2576023,8.7022784e-07
Ingawa,2024-05-06,306.815174,312.9726162,300.2094765,5.4555895e-06
Ini,2024-05-01,301.7598245,307.5812476,299.5774029,0.0040886
Ini,2024-05-02,300.6323058,304.7780455,298.9858533,0.0058034
Ini,2024-05-03,300.0105241,303.2524914,298.3124421,0.0053662
Ini,2024-05-04,300.8784314,305.225117,297.9859487,0.0021389
Ini,2024-05-05,301.3366981,306.1371901,298.1769031,0.0081275
Ini,2024-05-06,301.6411637,305.3500119,298.7749636,0.0035949
Ipokia,2024-05-01,302.552917,305.4253212,300.7442518,0.0005447
Ipokia,2024-05-02,302.2876049,305.6323884,300.0946652,0.0009341
Ipokia,2024-05-03,302.2002269,307.0183669,299.9338818,0.001118
Ipokia,2024-05-04,302.0465438,305.7425731,299.358435,0.0011732
Ipokia,2024-05-05,302.5940396,306.0159343,300.0959626,0.0004768
Ipokia,2024-05-06,302.1531078,305.4476236,299.608556,0.0011473
Irele,2024-05-01,301.1419073,305.7286752,299.4504603,0.0166979
Irele,2024-05-02,300.9491569,304.9015449,298.8145541,0.0068944
Irele,2024-05-03,300.3207628,303.4820311,298.5741435,0.0047323
Irele,2024-05-04,300.4689761,304.3444067,298.0147235,0.0112318
Irele,2024-05-05,301.2351784,305.3281594,298.0937676,0.0025441
Irele,2024-05-06,300.8411131,304.2957751,298.6601834,0.0012034
Irepo,2024-05-01,303.7899144,311.3806076,299.5932295,0.0031322
Irepo,2024-05-02,303.0467593,310.1884218,298.9994028,0.0019775
Irepo,2024-05-03,303.2914608,309.9918807,298.7779149,0.0004294
Irepo,2024-05-04,303.6926164,310.1060225,298.3206268,6.0278076e-06
Irepo,2024-05-05,304.105563,310.8693673,298.5983421,6.97e-05
Irepo,2024-05-06,303.3435041,309.3582446,299.2088992,7.4e-05
Irepodun,2024-05-01,,,,
Irepodun,2024-05-02,,,,
Irepodun,2024-05-03,,,,
Irepodun,2024-05-04,,,,
Irepodun,2024-05-05,,,,
Irepodun,2024-05-06,,,,
Irepodun/Ifelodun,2024-05-01,300.4155826,306.1882266,298.0791097,0.0034945
Irepodun/Ifelodun,2024-05-02,300.3130403,305.6859573,297.2105863,0.0006599
Irepodun/Ifelodun,2024-05-03,299.9706169,305.670759,297.4220251,0.002659
Irepodun/Ifelodun,2024-05-04,300.3200728,306.501996,296.5246292,0.0002133
Irepodun/Ifelodun,2024-05-05,300.741615,306.2605283,297.1978811,0.0004902
Irepodun/Ifelodun,2024-05-06,300.2902752,305.3745708,297.3703488,0.0002814
Irewole,2024-05-01,301.5510014,306.8240849,299.6210265,0.0020757
Irewole,2024-05-02,301.2932712,306.0592293,298.7484061,0.0014234
Irewole,2024-05-03,301.2514211,307.1725343,298.440255,0.003303
Irewole,2024-05-04,301.192261,307.0491413,297.3064126,0.0006038
Irewole,2024-05-05,301.5452948,306.024516,297.9532406,0.0008185
Irewole,2024-05-06,301.0152843,305.0012605,299.0302346,0.0003743
Isa,2024-05-01,308.079296,316.0086665,297.2608356,8.5234632e-07
Isa,2024-05-02,308.3619301,314.7748439,302.6151705,8.5234632e-07
Isa,2024-05-03,308.0519803,313.2193079,303.0675588,0
Isa,2024-05-04,308.4377313,315.0940727,301.9867502,1.2814998e-06
Isa,2024-05-05,308.3159003,315.0421973,301.3011158,8.7022784e-07
Isa,2024-05-06,308.0426563,314.6843147,302.4964169,7.7055173e-06
Ise/Orun,2024-05-01,300.8313749,306.8458519,298.7261615,0.002918
Ise/Orun,2024-05-02,300.644733,306.0853899,297.8740568,8e-04
Ise/Orun,2024-05-03,300.4472002,306.1039743,298.0006343,0.0021843
Ise/Orun,2024-05-04,300.7670016,306.9481531,297.1263908,0.0002724
Ise/Orun,2024-05-05,301.2569114,306.8994766,298.0051326,0.0013743
Ise/Orun,2024-05-06,300.8803454,306.0969132,297.9205554,0.0004726
Iseyin,2024-05-01,302.6588033,308.6752405,299.6758925,0.000786
Iseyin,2024-05-02,302.3876518,308.5278977,298.8353236,0.0006636
Iseyin,2024-05-03,302.4340945,310.0413365,298.9870828,0.0041967
Iseyin,2024-05-04,302.7025496,309.1368524,297.7818993,0.0001329
Iseyin,2024-05-05,302.8895381,308.7566333,298.3244086,0.0003328
Iseyin,2024-05-06,302.5095487,308.1831503,298.7139671,0.0001038
Ishielu,2024-05-01,303.9337786,310.6085532,300.8495121,0.0007354
Ishielu,2024-05-02,302.7917527,307.5982903,300.0522272,0.0006638
Ishielu,2024-05-03,302.4624783,308.0743821,299.7718973,0.0067668
Ishielu,2024-05-04,302.8939075,307.6336051,299.3426824,0.0006303
Ishielu,2024-05-05,303.6342865,309.8260202,299.6828912,0.0012951
Ishielu,2024-05-06,303.7033808,309.1296372,300.3682116,0.0010978
Isi-Uzo,2024-05-01,303.9193223,310.5484082,300.6375414,0.0003499
Isi-Uzo,2024-05-02,302.8355037,308.0193015,299.6685301,0.0006169
Isi-Uzo,2024-05-03,302.6630062,308.2936899,299.4387278,0.0054791
Isi-Uzo,2024-05-04,302.9971428,308.3654623,299.16055,0.001861
Isi-Uzo,2024-05-05,303.6821398,309.981365,299.5143454,0.0005615
Isi-Uzo,2024-05-06,303.6918232,309.3838454,300.1088139,0.0014254
Isiala-Ngwa North,2024-05-01,301.2775131,306.7278736,299.2398129,0.0041375
Isiala-Ngwa North,2024-05-02,300.3993615,304.9474866,298.7116411,0.0095562
Isiala-Ngwa North,2024-05-03,299.898855,302.6449532,298.1393952,0.0050905
Isiala-Ngwa North,2024-05-04,300.68243,304.9008207,297.8163703,0.0021919
Isiala-Ngwa North,2024-05-05,301.0674036,305.9637256,297.6759279,0.006339
Isiala-Ngwa North,2024-05-06,301.1603551,304.5153665,298.4105634,0.0022288
Isiala-Ngwa South,2024-05-01,301.3921457,307.158882,299.2426281,0.00414
Isiala-Ngwa South,2024-05-02,300.3888129,304.930211,298.6459906,0.0090989
Isiala-Ngwa South,2024-05-03,299.8319291,302.9433366,298.2236014,0.0071316
Isiala-Ngwa South,2024-05-04,300.6202189,305.1578852,297.5316737,0.0030578
Isiala-Ngwa South,2024-05-05,301.0883777,306.2291688,297.6461252,0.0065798
Isiala-Ngwa South,2024-05-06,301.2666589,304.8101656,298.4077649,0.0017719
Isiala Mbano,2024-05-01,301.4341301,307.7951141,299.2212908,0.0054283
Isiala Mbano,2024-05-02,300.2886668,305.7262869,298.4687338,0.0158771
Isiala Mbano,2024-05-03,299.8493693,304.1269149,298.1379436,0.0102988
Isiala Mbano,2024-05-04,300.656434,305.8219033,297.4246364,0.0031161
Isiala Mbano,2024-05-05,301.2558206,307.4215942,297.5248951,0.0069946
Isiala Mbano,2024-05-06,301.230935,305.0793797,298.2591113,0.0010444
Isin,2024-05-01,301.8706142,308.2900514,298.5647833,0.0013579
Isin,2024-05-02,301.9105024,307.8895276,297.9348256,0.0003494
Isin,2024-05-03,301.4271249,307.3615477,297.9417356,0.0003857
Isin,2024-05-04,302.0258926,308.8692514,297.4290887,0.0001162
Isin,2024-05-05,302.1648465,308.7332782,297.5928288,0.0003627
Isin,2024-05-06,301.4266414,307.8999653,298.340936,0.0008992
Isiukwuato,2024-05-01,302.1555073,308.8169155,299.7853352,0.003485
Isiukwuato,2024-05-02,300.9217127,305.8022644,298.9643013,0.0064801
Isiukwuato,2024-05-03,300.4736557,304.9604723,298.7394411,0.0085335
Isiukwuato,2024-05-04,301.2546264,306.2242082,298.1083898,0.001318
Isiukwuato,2024-05-05,301.7323949,307.9880334,298.2753786,0.0064959
Isiukwuato,2024-05-06,301.8733402,306.1148269,298.8314689,0.0007065
Isokan,2024-05-01,301.526575,306.5335153,299.7160747,0.0040422
Isokan,2024-05-02,301.3039621,305.7561345,298.8015354,0.0016778
Isokan,2024-05-03,301.1196973,306.6532145,298.2187606,0.0038098
Isokan,2024-05-04,301.0528263,306.6028378,297.0196617,0.0005217
Isokan,2024-05-05,301.4217996,305.4196444,297.985452,0.0016129
Isokan,2024-05-06,300.958136,305.0036688,298.9435796,0.0007987
Isoko North,2024-05-01,301.1444115,306.0824641,299.3969386,0.0134848
Isoko North,2024-05-02,300.6626487,304.8366507,298.8300878,0.0090519
Isoko North,2024-05-03,300.2330899,303.6207616,298.3244053,0.0119983
Isoko North,2024-05-04,300.8232661,305.8038055,298.8522273,0.0103472
Isoko North,2024-05-05,301.2639702,306.6785839,297.7336648,0.0072097
Isoko North,2024-05-06,301.0088841,304.2917004,298.625994,0.0031177
Isoko South,2024-05-01,301.2545456,305.7840223,299.6013361,0.0137523
Isoko South,2024-05-02,300.8154351,304.7745687,298.9385226,0.008974
Isoko South,2024-05-03,300.3227975,303.2656665,298.5838999,0.0110348
Isoko South,2024-05-04,300.882881,305.6664759,298.9875791,0.0099513
Isoko South,2024-05-05,301.3357946,306.4387924,297.9766191,0.0070884
Isoko South,2024-05-06,301.0575122,304.2025638,298.8139034,0.0044294
Isu,2024-05-01,301.2487198,307.3241348,299.0900801,0.0057202
Isu,2024-05-02,300.1540833,305.8078155,298.4176743,0.0190515
Isu,2024-05-03,299.7617233,304.0466215,297.9484073,0.0098673
Isu,2024-05-04,300.5958903,305.9859744,297.5215735,0.0040025
Isu,2024-05-05,301.1560234,307.1273112,297.2874253,0.0070072
Isu,2024-05-06,301.0477064,304.7979664,298.0477037,0.0013128
Itas/Gadau,2024-05-01,308.4732579,315.1583581,301.5616372,8.5234632e-07
Itas/Gadau,2024-05-02,307.4048296,314.7781742,300.1571235,1.4783659e-06
Itas/Gadau,2024-05-03,306.8976412,313.608897,300.1494205,0
Itas/Gadau,2024-05-04,306.9865783,313.9629363,300.2709594,1.2814998e-06
Itas/Gadau,2024-05-05,307.3999844,314.567426,300.0605245,8.7022784e-07
Itas/Gadau,2024-05-06,307.308074,313.7540021,300.7483431,1.7643997e-08
Itesiwaju,2024-05-01,302.7725965,309.0429209,299.384226,0.0004526
Itesiwaju,2024-05-02,302.548843,308.7049763,298.6943854,0.0003505
Itesiwaju,2024-05-03,302.5327742,309.9335782,298.8422638,0.005128
Itesiwaju,2024-05-04,302.7410239,309.1385678,297.859236,9.84e-05
Itesiwaju,2024-05-05,302.9610274,309.1544311,298.2267423,0.0002382
Itesiwaju,2024-05-06,302.367029,308.1119388,298.3708843,6.38e-05
Itu,2024-05-01,301.3784863,306.3996454,299.0445607,0.0066568
Itu,2024-05-02,300.4961939,304.288733,299.0050855,0.0080574
Itu,2024-05-03,299.9029582,302.5310937,298.0514429,0.0043696
Itu,2024-05-04,300.887371,304.507588,298.1257062,0.0015096
Itu,2024-05-05,301.2767325,305.4312716,298.4756733,0.0084437
Itu,2024-05-06,301.3071114,304.3859728,298.7593605,0.0063402
Ivo,2024-05-01,302.9064835,309.3078551,300.4193461,0.0022995
Ivo,2024-05-02,301.6507126,306.1322301,299.6006065,0.0025123
Ivo,2024-05-03,301.2108856,305.8390855,299.3488078,0.006008
Ivo,2024-05-04,301.9408986,306.4978641,298.8181686,0.0009445
Ivo,2024-05-05,302.4172021,308.4300359,299.0407007,0.00461
Ivo,2024-05-06,302.6166823,307.0181998,299.5836878,0.0008879
Iwajowa,2024-05-01,303.0988966,308.771894,299.9851897,0.0005967
Iwajowa,2024-05-02,303.046983,308.8630353,299.4208083,0.0004745
Iwajowa,2024-05-03,302.8995042,310.1194066,299.246093,0.002217
Iwajowa,2024-05-04,303.0410144,309.5220284,298.4051228,0.0001236
Iwajowa,2024-05-05,303.2344961,309.2345749,298.6661507,0.0004114
Iwajowa,2024-05-06,302.5713095,308.3242338,298.7827377,0.0001531
Iwo,2024-05-01,301.80604,307.5801233,299.5916661,0.0017242
Iwo,2024-05-02,301.5939966,306.7357145,298.8186916,0.0006959
Iwo,2024-05-03,301.6530918,307.6644539,298.990605,0.0030385
Iwo,2024-05-04,301.6513948,307.6483431,297.6815118,0.0002548
Iwo,2024-05-05,302.0490633,306.7799409,298.2371888,0.0002638
Iwo,2024-05-06,301.417617,305.5898363,298.9876175,0.0001997
Izzi,2024-05-01,304.4875123,310.4850986,301.268879,0.0012335
Izzi,2024-05-02,303.5883837,308.098645,300.6967327,0.0006281
Izzi,2024-05-03,303.164626,308.6024989,300.3227291,0.0036812
Izzi,2024-05-04,303.3613312,307.2160287,299.9674808,9.62e-05
Izzi,2024-05-05,304.0134192,309.8282681,300.1396315,0.0010197
Izzi,2024-05-06,304.0756444,309.7141475,300.7911992,0.0039597
Jaba,2024-05-01,302.570989,307.5287322,299.2052122,0.0019723
Jaba,2024-05-02,301.1425927,306.2808083,298.2333355,0.002912
Jaba,2024-05-03,301.0365978,305.332101,297.9710729,0.0002746
Jaba,2024-05-04,301.6823336,306.8296018,297.7762026,0.0022623
Jaba,2024-05-05,301.2126171,306.8550636,298.1000981,0.0040749
Jaba,2024-05-06,301.6805989,307.0538309,296.9650565,0.0006736
Jada,2024-05-01,307.356923,313.7224557,300.9225273,9.2526422e-07
Jada,2024-05-02,306.4852107,312.0914681,300.7963711,3.39e-05
Jada,2024-05-03,305.4149525,309.980803,301.1538788,0.0001919
Jada,2024-05-04,305.8027999,311.0216488,300.4674955,6.86e-05
Jada,2024-05-05,306.1380192,311.2796291,300.9420341,0.0004189
Jada,2024-05-06,306.46733,311.9931595,300.3977276,1.94e-05
Jahun,2024-05-01,308.1192621,315.224975,300.196402,9.2241411e-07
Jahun,2024-05-02,307.506957,314.8784636,300.284652,1.3690371e-06
Jahun,2024-05-03,306.9348091,313.1303619,300.5188762,0
Jahun,2024-05-04,307.4132643,314.2212347,300.5616382,1.2814998e-06
Jahun,2024-05-05,307.7977729,315.2321328,300.2901142,8.7022784e-07
Jahun,2024-05-06,307.5793415,314.1211331,300.8296368,0
Jakusko,2024-05-01,308.7256301,315.7045351,301.8391057,8.5234632e-07
Jakusko,2024-05-02,308.1025836,315.5658085,299.1638718,8.5234632e-07
Jakusko,2024-05-03,307.0370474,315.1867935,298.5382235,0
Jakusko,2024-05-04,307.1085137,314.7042194,299.9395649,1.2814998e-06
Jakusko,2024-05-05,307.594331,314.8336015,299.8236777,8.7022784e-07
Jakusko,2024-05-06,307.9139758,314.4132935,301.5469302,0
Jalingo,2024-05-01,308.454882,313.5838138,303.9043581,4.4371967e-06
Jalingo,2024-05-02,306.9785541,311.4511488,302.6485561,0.0002642
Jalingo,2024-05-03,305.8916419,310.9840869,301.8139479,0.0002828
Jalingo,2024-05-04,306.3518199,311.7247907,301.4455259,8.91e-05
Jalingo,2024-05-05,306.4696093,311.7046489,302.8417351,0.0007514
Jalingo,2024-05-06,306.8041103,312.1322785,302.0992027,0.0002331
Jama'are,2024-05-01,308.6350843,315.2128855,301.9559078,8.5234632e-07
Jama'are,2024-05-02,307.5264816,314.7787295,300.414158,3.737117e-06
Jama'are,2024-05-03,306.9524736,313.4760709,300.3437426,0
Jama'are,2024-05-04,307.1044259,313.928267,300.2630876,1.2814998e-06
Jama'are,2024-05-05,307.4840401,314.5963544,300.1023534,8.7022784e-07
Jama'are,2024-05-06,307.2574601,313.7952442,300.8221747,6.9991403e-06
Jega,2024-05-01,308.4576617,314.6971897,302.1994852,8.5234632e-07
Jega,2024-05-02,307.258216,313.334387,303.1766833,0.0011373
Jega,2024-05-03,307.9618548,313.1098288,302.7959526,8.2127136e-06
Jega,2024-05-04,308.5759251,314.2731281,303.0235116,1.2814998e-06
Jega,2024-05-05,308.8795829,314.4088214,303.1936837,8.9134919e-07
Jega,2024-05-06,307.5513741,313.9406177,301.6676349,0.0030653
Jema'a,2024-05-01,303.2475913,308.3116481,299.4706098,0.0015182
Jema'a,2024-05-02,301.7319942,307.0109612,298.494686,0.0010439
Jema'a,2024-05-03,301.8576951,306.8274173,298.5130593,0.000771
Jema'a,2024-05-04,302.169483,307.2029143,298.138441,0.0015472
Jema'a,2024-05-05,301.7230917,307.1644542,298.3532865,0.0028422
Jema'a,2024-05-06,302.1541311,307.4782541,297.486748,0.0011292
Jere,2024-05-01,308.0945734,315.2755998,300.2218841,8.5234632e-07
Jere,2024-05-02,307.9712583,315.767618,299.2218291,8.5234632e-07
Jere,2024-05-03,307.5147647,314.8860827,299.6545477,0
Jere,2024-05-04,308.1937313,314.5762274,302.044324,1.2814998e-06
Jere,2024-05-05,308.3184924,314.5645654,302.4775764,0.0001211
Jere,2024-05-06,308.0062187,313.4880689,301.881,9.015856e-06
Jibia,2024-05-01,306.8434545,314.8299438,298.0283706,8.5234632e-07
Jibia,2024-05-02,306.9957786,313.5903364,301.1516701,8.5234632e-07
Jibia,2024-05-03,307.0525846,313.0708774,301.3374749,0
Jibia,2024-05-04,307.382737,313.3700269,301.4497048,1.3118273e-06
Jibia,2024-05-05,307.1277158,313.5795946,299.8076789,8.7022784e-07
Jibia,2024-05-06,306.7374228,312.9649894,300.6891177,0.0002799
Jos East,2024-05-01,302.2764687,307.9721807,296.6927716,5.01e-05
Jos East,2024-05-02,300.3577734,306.1113704,296.3366449,0.0014653
Jos East,2024-05-03,300.1929487,305.5804106,296.2459552,0.0002167
Jos East,2024-05-04,300.6538718,306.730882,295.5241529,0.0001014
Jos East,2024-05-05,300.7859736,307.023049,295.8889961,7.11e-05
Jos East,2024-05-06,300.9763028,307.0965519,295.1061821,3.83e-05
Jos North,2024-05-01,301.0972222,306.8355777,296.2424136,0.0009786
Jos North,2024-05-02,299.1241412,305.0472154,295.6930915,0.004944
Jos North,2024-05-03,299.0257192,304.3331159,295.4307156,0.0008421
Jos North,2024-05-04,299.5695419,305.3412665,295.0596676,0.0005129
Jos North,2024-05-05,299.8466834,305.7530487,295.4409642,0.0002067
Jos North,2024-05-06,299.8995106,306.2917397,294.3001346,0.0002782
Jos South,2024-05-01,299.8775029,304.9561509,295.4512285,0.0031114
Jos South,2024-05-02,298.0564412,303.4269129,294.907578,0.0073582
Jos South,2024-05-03,297.9937844,303.2482403,294.5712257,0.0020098
Jos South,2024-05-04,298.2672939,303.9853156,294.1154853,0.0022921
Jos South,2024-05-05,298.2330426,304.2118925,294.5637705,0.0065062
Jos South,2024-05-06,298.6127633,304.4970562,293.4512871,0.0015494
Kabba/Bunu,2024-05-01,303.5909233,309.6987107,300.0112903,0.0008426
Kabba/Bunu,2024-05-02,303.4364005,309.4040054,299.1491807,0.0002964
Kabba/Bunu,2024-05-03,303.1562942,308.7414712,299.2671574,0.0016974
Kabba/Bunu,2024-05-04,303.7499252,309.9238745,299.0884442,0.0003355
Kabba/Bunu,2024-05-05,303.6776005,309.6832553,299.1849279,0.000564
Kabba/Bunu,2024-05-06,304.1300868,310.5374085,299.3068475,0.0002291
Kabo,2024-05-01,304.4189239,312.5541664,296.2463905,2.2237589e-06
Kabo,2024-05-02,305.5432288,311.7243123,300.5364468,3.14e-05
Kabo,2024-05-03,305.3987887,311.8999925,299.90725,0
Kabo,2024-05-04,305.7315977,312.1680245,299.505558,1.2814998e-06
Kabo,2024-05-05,306.3744249,313.3767464,299.8173295,8.7022784e-07
Kabo,2024-05-06,305.8069986,312.2656883,299.5787157,3.0274932e-06
Kachia,2024-05-01,303.0317047,308.105804,299.5795811,0.002186
Kachia,2024-05-02,301.7066363,306.7483678,298.781637,0.005443
Kachia,2024-05-03,301.2580423,304.6862384,298.3719551,8.5691668e-06
Kachia,2024-05-04,302.3349929,307.5580423,298.3290146,0.0010104
Kachia,2024-05-05,302.2122121,307.8271638,298.753687,0.0025521
Kachia,2024-05-06,301.975993,307.7184322,298.0831235,0.0024656
Kaduna North,2024-05-01,303.1967066,308.6546443,299.0755612,0.0007604
Kaduna North,2024-05-02,302.2806606,307.7229404,298.9620778,0.0014347
Kaduna North,2024-05-03,302.3134209,307.3532064,298.2639979,0
Kaduna North,2024-05-04,303.1070237,308.8922531,298.4214971,0.0001674
Kaduna North,2024-05-05,303.2553688,308.9023232,298.9333396,0.0003202
Kaduna North,2024-05-06,301.9741479,309.0950969,298.358543,0.008456
Kaduna South,2024-05-01,303.2739643,308.4062458,299.2177381,0.0007439
Kaduna South,2024-05-02,302.2655185,307.6160928,298.9506177,0.0012532
Kaduna South,2024-05-03,302.3460044,307.386587,298.3245217,0
Kaduna South,2024-05-04,303.107707,308.8105112,298.5093924,0.0001467
Kaduna South,2024-05-05,303.2359858,308.8244639,298.9870623,0.0002919
Kaduna South,2024-05-06,301.9739458,308.9016075,298.4502203,0.0083851
Kafin Hausa,2024-05-01,308.247013,315.11743,300.6583675,8.5234632e-07
Kafin Hausa,2024-05-02,307.2134614,314.6119448,299.9838415,8.5234632e-07
Kafin Hausa,2024-05-03,306.9352442,313.9662327,300.0864138,0
Kafin Hausa,2024-05-04,307.059506,314.1049135,300.3032638,1.2814998e-06
Kafin Hausa,2024-05-05,307.421552,314.719441,300.0601994,8.7022784e-07
Kafin Hausa,2024-05-06,307.4750678,313.9285068,301.0142095,0
Kafur,2024-05-01,304.2303149,311.3767919,298.4504704,5.02e-05
Kafur,2024-05-02,304.5986292,310.437897,300.1456254,5.29e-05
Kafur,2024-05-03,304.4959179,310.3067255,299.6116361,0
Kafur,2024-05-04,304.9197412,311.1166731,299.1666559,1.2814998e-06
Kafur,2024-05-05,305.3273536,311.9103918,299.5667552,8.7022784e-07
Kafur,2024-05-06,304.5961047,311.0279546,299.1399783,2.63e-05
Kaga,2024-05-01,309.0519709,315.8175361,301.0310029,8.5234632e-07
Kaga,2024-05-02,308.6227106,315.3922376,300.0894405,8.5234632e-07
Kaga,2024-05-03,307.9932679,314.3595974,302.0002028,0
Kaga,2024-05-04,308.2528625,314.183784,302.2805158,1.3460885e-06
Kaga,2024-05-05,308.5274546,314.4523938,302.304077,4.06e-05
Kaga,2024-05-06,308.2441767,313.5793133,302.7596393,5.8623609e-06
Kagarko,2024-05-01,302.7819099,307.1371312,299.461439,0.0023219
Kagarko,2024-05-02,301.4960803,306.224476,298.6282324,0.0034104
Kagarko,2024-05-03,301.0389531,304.5346434,298.2714799,0.0001938
Kagarko,2024-05-04,302.1656328,307.0400236,298.2990921,0.000974
Kagarko,2024-05-05,302.0605102,307.2334008,298.568757,0.0024226
Kagarko,2024-05-06,302.1327401,307.2975327,297.9106292,0.0009953
Kaiama,2024-05-01,305.4518133,312.5849684,300.8280116,0.0006209
Kaiama,2024-05-02,304.8665977,312.0207982,300.4302941,0.0013733
Kaiama,2024-05-03,305.1663867,311.4703532,300.2590737,0.0002008
Kaiama,2024-05-04,305.5304484,311.9674506,299.8234705,2.5186338e-06
Kaiama,2024-05-05,305.9284132,312.597653,300.0441171,1.86e-05
Kaiama,2024-05-06,305.268683,311.5035609,300.6809622,6.83e-05
Kaita,2024-05-01,306.6463888,315.3177614,297.2982484,8.5234632e-07
Kaita,2024-05-02,306.9957487,314.0366019,300.3263909,8.5234632e-07
Kaita,2024-05-03,306.95409,313.262072,300.7921361,0
Kaita,2024-05-04,307.330561,313.7911412,301.137401,1.2814998e-06
Kaita,2024-05-05,306.8813572,313.8095184,297.901159,8.7022784e-07
Kaita,2024-05-06,306.9230901,313.2670469,300.268007,7.5654891e-06
Kajola,2024-05-01,302.6841758,308.5736694,299.5931465,0.0009429
Kajola,2024-05-02,302.4693783,308.542311,298.8395035,0.000476
Kajola,2024-05-03,302.4302783,309.9603049,298.9755918,0.0045755
Kajola,2024-05-04,302.7101045,309.028909,297.8846403,0.0001318
Kajola,2024-05-05,302.8912406,308.962466,298.3392806,0.0003272
Kajola,2024-05-06,302.4247695,308.2007713,298.5212582,8.76e-05
Kajuru,2024-05-01,302.838641,308.6225403,299.0939585,0.0018999
Kajuru,2024-05-02,301.4862591,307.4319575,298.4247526,0.0031139
Kajuru,2024-05-03,301.3228624,305.8647455,297.8832518,0.000383
Kajuru,2024-05-04,302.3295633,308.0059128,297.8335618,0.0004699
Kajuru,2024-05-05,302.3733333,308.275281,298.4866432,0.0009742
Kajuru,2024-05-06,301.2468152,307.9179654,297.4897106,0.0043363
Kala/Balge,2024-05-01,310.4683224,317.6705127,302.864958,8.5234632e-07
Kala/Balge,2024-05-02,310.3698291,317.8489297,301.368535,8.5234632e-07
Kala/Balge,2024-05-03,310.1869139,317.1114754,301.640459,0
Kala/Balge,2024-05-04,309.7855555,316.6433565,302.6490846,1.2814998e-06
Kala/Balge,2024-05-05,310.5352738,316.5244319,304.4512673,8.7022784e-07
Kala/Balge,2024-05-06,310.1124008,316.3022755,302.8268283,0
Kalgo,2024-05-01,309.0761113,315.6525752,302.1569376,8.5234632e-07
Kalgo,2024-05-02,307.9881866,313.9211681,303.5898903,0.0007756
Kalgo,2024-05-03,308.6145129,314.002156,303.4797109,1.24e-05
Kalgo,2024-05-04,309.3313323,315.2070302,304.0842808,1.2814998e-06
Kalgo,2024-05-05,309.5082318,315.1860649,304.0069945,8.7022784e-07
Kalgo,2024-05-06,308.3052013,314.5371826,301.9720391,0.0030996
Kaltungo,2024-05-01,308.1091004,313.3279264,303.5967723,1.4337392e-06
Kaltungo,2024-05-02,307.0440852,311.9759412,301.9464436,8.5234632e-07
Kaltungo,2024-05-03,306.5850979,311.0904941,302.0627893,4.49e-05
Kaltungo,2024-05-04,306.0122427,311.4654354,300.3315346,2.78e-05
Kaltungo,2024-05-05,306.4864116,311.4147694,302.4387932,8.47e-05
Kaltungo,2024-05-06,306.288334,311.8565622,301.707843,0.0006641
Kanam,2024-05-01,307.9935026,313.1341239,302.7648049,7.3604495e-06
Kanam,2024-05-02,306.0553068,311.2695112,300.6395848,0.0002375
Kanam,2024-05-03,305.6752175,310.9198051,301.879699,0.0001837
Kanam,2024-05-04,305.1420493,311.2072708,299.4535999,0.000152
Kanam,2024-05-05,305.4234659,310.6369894,301.0365558,0.0001784
Kanam,2024-05-06,305.0369067,311.078584,300.4649459,0.0002182
Kankara,2024-05-01,304.5254099,311.8067691,297.0996495,4.64e-05
Kankara,2024-05-02,305.2614402,310.851433,300.4256745,1.02e-05
Kankara,2024-05-03,304.9709943,310.3137935,300.1939209,0
Kankara,2024-05-04,305.323756,311.2356912,299.4646101,1.2814998e-06
Kankara,2024-05-05,305.5942239,311.9855372,299.6397306,8.7022784e-07
Kankara,2024-05-06,304.8782931,311.1930785,299.4464274,7.46e-05
Kanke,2024-05-01,305.8348355,310.9101696,300.3500085,4.23e-05
Kanke,2024-05-02,304.218995,309.4480104,299.0232788,0.0001127
Kanke,2024-05-03,303.7636166,308.9775982,299.7965367,0.0001501
Kanke,2024-05-04,303.437981,309.3480053,297.8068851,0.000212
Kanke,2024-05-05,303.3043089,308.9017813,298.8078062,0.0004947
Kanke,2024-05-06,303.2014264,309.1545598,298.0510516,0.0003981
Kankia,2024-05-01,306.4281459,313.5722363,297.9610836,8.5238767e-07
Kankia,2024-05-02,306.5384506,312.6278845,300.7049095,8.5238842e-07
Kankia,2024-05-03,306.2639536,312.1961506,300.6370111,0
Kankia,2024-05-04,306.7660241,312.8150828,300.5679061,1.2814998e-06
Kankia,2024-05-05,306.9044438,313.6372865,300.1741855,8.7022784e-07
Kankia,2024-05-06,306.269335,312.2685699,300.3079816,1.68e-05
Kano Municipal,2024-05-01,305.2748246,313.234793,295.6995626,8.6742028e-07
Kano Municipal,2024-05-02,306.2447755,312.8983582,300.3740524,1.81e-05
Kano Municipal,2024-05-03,306.0742968,312.8716788,299.8995125,0
Kano Municipal,2024-05-04,306.3886924,313.0814815,299.6134287,1.2814998e-06
Kano Municipal,2024-05-05,307.1446436,314.5806264,300.0113773,8.7022784e-07
Kano Municipal,2024-05-06,306.6012338,313.2952723,299.8227075,0
Karasuwa,2024-05-01,308.8145577,316.2773226,300.389324,8.5234632e-07
Karasuwa,2024-05-02,307.5965513,316.3064683,297.9815564,8.5234632e-07
Karasuwa,2024-05-03,307.4410007,316.2354275,296.8331162,0
Karasuwa,2024-05-04,307.5751558,315.9231416,297.2116658,1.2814998e-06
Karasuwa,2024-05-05,307.6777801,315.8855216,297.2731362,8.7022784e-07
Karasuwa,2024-05-06,308.5083719,315.365958,301.368143,0
Karaye,2024-05-01,304.600976,312.1977111,298.0565645,1.43e-05
Karaye,2024-05-02,305.1749096,311.1596692,300.6303591,6.92e-05
Karaye,2024-05-03,305.0168422,311.1767526,299.9929017,0
Karaye,2024-05-04,305.3948232,311.66095,299.5345137,1.2814998e-06
Karaye,2024-05-05,305.9577009,312.6327282,299.9092141,8.7022784e-07
Karaye,2024-05-06,305.3573614,311.7128942,299.6105018,6.2653007e-06
Karim-Lamido,2024-05-01,309.2434269,314.5325296,304.5711725,3.84e-05
Karim-Lamido,2024-05-02,307.8464155,312.5989649,302.815672,3.8363268e-06
Karim-Lamido,2024-05-03,307.1982411,312.3196499,303.1160295,0.0001425
Karim-Lamido,2024-05-04,306.8676364,312.5264177,301.5222069,0.0001008
Karim-Lamido,2024-05-05,307.2893263,312.2315319,303.1985298,0.000176
Karim-Lamido,2024-05-06,307.2631062,312.9620193,302.6787569,0.0002922
Karu,2024-05-01,304.4309339,309.2160477,300.9047464,0.001236
Karu,2024-05-02,303.2311611,308.0035901,299.8250791,0.0008172
Karu,2024-05-03,302.8973058,306.8853749,299.8233671,8.59e-05
Karu,2024-05-04,303.7521523,308.6346937,299.7024069,0.0005782
Karu,2024-05-05,303.7499281,308.1951657,300.0288301,0.001269
Karu,2024-05-06,303.8484012,308.9693299,299.3824915,0.0008115
Katagum,2024-05-01,308.723282,314.9050878,302.5210297,8.5234632e-07
Katagum,2024-05-02,307.5549415,314.7681849,300.4131225,1.1167635e-06
Katagum,2024-05-03,306.7909614,313.3800183,300.2114582,0
Katagum,2024-05-04,306.9188088,313.5724627,300.3580501,1.2814998e-06
Katagum,2024-05-05,307.3478979,313.8892816,300.4694557,8.7022784e-07
Katagum,2024-05-06,307.095881,313.4657599,301.1582798,4.09e-05
Katcha,2024-05-01,307.1352008,311.4797307,302.5481876,4.06e-05
Katcha,2024-05-02,306.3130359,311.4707093,302.0044524,0.0004607
Katcha,2024-05-03,306.3269707,311.4214569,301.99617,8.8559718e-06
Katcha,2024-05-04,306.8886106,312.0724422,301.7916787,7.36e-05
Katcha,2024-05-05,306.8663804,312.3157815,301.9061989,0.0001636
Katcha,2024-05-06,306.6488459,312.3039501,301.8111072,0.0001527
Katsina,2024-05-01,306.5925029,314.7376529,298.175889,8.5234632e-07
Katsina,2024-05-02,306.7375172,313.4503147,300.6359156,8.5234632e-07
Katsina,2024-05-03,306.747052,312.9494202,300.8887778,0
Katsina,2024-05-04,307.0972622,313.2401144,301.1755962,1.2814998e-06
Katsina,2024-05-05,306.8601625,313.2820441,299.393001,8.7022784e-07
Katsina,2024-05-06,306.4466257,312.5901795,300.2564159,1.6e-05
Katsina-Ala,2024-05-01,306.0316927,312.0955687,301.6463464,0.0007634
Katsina-Ala,2024-05-02,304.431036,309.0489041,300.7139689,0.0003345
Katsina-Ala,2024-05-03,303.6485729,308.6956978,300.5087032,0.0003663
Katsina-Ala,2024-05-04,303.9591126,309.4155106,299.8819253,0.0003431
Katsina-Ala,2024-05-05,304.4469684,310.7444703,300.3452462,0.0015221
Katsina-Ala,2024-05-06,304.7380997,310.7722312,300.6990318,0.001504
Kaugama,2024-05-01,307.8694978,314.9820522,299.5294662,8.5234632e-07
Kaugama,2024-05-02,307.1429157,314.4584605,299.6074833,8.5234632e-07
Kaugama,2024-05-03,306.9401138,314.4689521,299.6842913,0
Kaugama,2024-05-04,306.9490731,314.3704901,299.5474698,1.2814998e-06
Kaugama,2024-05-05,307.3412614,314.9941577,299.0168336,8.7022784e-07
Kaugama,2024-05-06,307.7822327,314.3134631,300.9140195,0
Kaura,2024-05-01,301.3629862,305.7296513,297.6877453,0.0016774
Kaura,2024-05-02,299.6578782,304.991982,296.7140019,0.00335
Kaura,2024-05-03,299.748318,304.9900486,296.5110406,0.0025387
Kaura,2024-05-04,299.9737843,304.9487688,296.1895708,0.0019839
Kaura,2024-05-05,299.5189621,305.3701546,296.6110397,0.0072478
Kaura,2024-05-06,299.8753173,304.8611917,295.4802834,0.00356
Kaura Namoda,2024-05-01,306.4402124,313.870791,297.3920746,8.5234632e-07
Kaura Namoda,2024-05-02,306.9499067,312.6334935,302.0260852,8.5234632e-07
Kaura Namoda,2024-05-03,306.3725957,311.0856104,302.1189175,0
Kaura Namoda,2024-05-04,306.9641795,313.0601038,301.0400521,1.2814998e-06
Kaura Namoda,2024-05-05,307.1226446,313.3326278,301.0014451,8.7022784e-07
Kaura Namoda,2024-05-06,306.411947,312.9617218,301.1655775,0.0008121
Kauru,2024-05-01,303.0131575,308.7878521,299.5149189,0.0020552
Kauru,2024-05-02,301.6188153,307.4560805,298.6388786,0.005526
Kauru,2024-05-03,301.2321268,304.9108426,298.1313782,2.66e-05
Kauru,2024-05-04,302.4819642,307.9623922,298.2131744,0.0002938
Kauru,2024-05-05,302.5885746,308.3655323,298.8339075,0.0006221
Kauru,2024-05-06,301.7086784,308.3033149,298.035715,0.0030137
Kazaure,2024-05-01,306.9423066,314.7450594,297.8709949,8.5234632e-07
Kazaure,2024-05-02,307.0556043,314.2963038,300.0794284,8.5234632e-07
Kazaure,2024-05-03,306.6755466,313.151053,300.2952647,0
Kazaure,2024-05-04,307.0216888,313.8990755,300.4348865,1.2814998e-06
Kazaure,2024-05-05,307.3017727,314.5976762,299.2122057,8.7022784e-07
Kazaure,2024-05-06,307.4789908,313.9802458,300.612788,1.0311993e-06
Keana,2024-05-01,306.7925797,313.3511571,302.0803523,0.0012884
Keana,2024-05-02,305.61012,310.2368699,301.3955454,7.93e-05
Keana,2024-05-03,305.0329096,309.421304,301.5356847,1.67e-05
Keana,2024-05-04,305.3120326,309.9959666,300.9452208,2.59e-05
Keana,2024-05-05,305.8205905,310.069203,301.615745,5.58e-05
Keana,2024-05-06,305.8128865,311.9328689,300.7160916,0.0079012
Kebbe,2024-05-01,308.5103375,314.5265243,302.4287423,9.067972e-07
Kebbe,2024-05-02,307.570595,313.4535201,303.3631037,0.0007618
Kebbe,2024-05-03,308.1378035,313.4883357,303.0490486,1.6e-05
Kebbe,2024-05-04,308.5614028,314.4677791,302.9621586,1.3951101e-06
Kebbe,2024-05-05,308.8694453,314.4958938,303.1689982,2.4228937e-06
Kebbe,2024-05-06,307.5136527,314.1947697,302.2946415,0.0025751
Keffi,2024-05-01,305.165532,310.1036857,301.4521161,0.0006599
Keffi,2024-05-02,304.0163543,308.6758592,300.325732,0.0004503
Keffi,2024-05-03,303.6116651,307.730599,300.5090071,4.38e-05
Keffi,2024-05-04,304.4107578,309.3712604,300.2931455,0.0006463
Keffi,2024-05-05,304.5832488,308.535913,300.6969851,0.0003079
Keffi,2024-05-06,304.6614886,309.7659441,300.3485086,0.0019977
Khana,2024-05-01,301.0990837,304.4056065,299.5535961,0.0109783
Khana,2024-05-02,300.3300586,303.2043192,299.094786,0.0123766
Khana,2024-05-03,300.0377219,302.3166925,298.3191364,0.0140141
Khana,2024-05-04,301.4051596,304.0619515,299.0986377,0.0008303
Khana,2024-05-05,301.5174228,304.682994,299.1194456,0.0050128
Khana,2024-05-06,301.0932487,303.6596,299.4283465,0.0063316
Kibiya,2024-05-01,305.3936398,312.6258342,298.7418853,1.11e-05
Kibiya,2024-05-02,305.5550803,311.7517133,300.8833203,3.73e-05
Kibiya,2024-05-03,305.377252,311.4441993,300.3170453,0
Kibiya,2024-05-04,305.8731389,312.2223255,299.9946264,1.6597519e-06
Kibiya,2024-05-05,306.6518923,313.2685002,300.4448852,8.7022784e-07
Kibiya,2024-05-06,305.6607967,312.2401187,299.9447544,3.1311543e-07
Kirfi,2024-05-01,308.5373044,314.0527166,302.9304689,2.4055764e-06
Kirfi,2024-05-02,307.0424464,312.7387904,300.4351766,4.1446467e-06
Kirfi,2024-05-03,306.9183432,312.6166359,301.4827154,3.7650232e-06
Kirfi,2024-05-04,306.4849517,312.6875162,300.2442198,7.41e-05
Kirfi,2024-05-05,306.788817,312.9361709,300.9266773,6.38e-05
Kirfi,2024-05-06,306.1305225,312.1910792,301.2543076,0.0004308
Kiri Kasamma,2024-05-01,308.1367971,315.4006608,299.7140962,8.5234632e-07
Kiri Kasamma,2024-05-02,307.5828439,315.18464,299.2043761,8.5234632e-07
Kiri Kasamma,2024-05-03,307.1071814,315.5926001,298.6153789,0
Kiri Kasamma,2024-05-04,307.0328609,315.0695068,299.0384622,1.2814998e-06
Kiri Kasamma,2024-05-05,307.3672464,315.3104449,298.2453538,8.7022784e-07
Kiri Kasamma,2024-05-06,307.9301199,314.7695751,300.914887,0
Kiru,2024-05-01,304.6481644,312.1196601,298.3547501,4.9e-05
Kiru,2024-05-02,304.9726973,311.0868957,300.5570807,8.27e-05
Kiru,2024-05-03,304.9033461,311.2207129,299.80405,0
Kiru,2024-05-04,305.311751,311.6708639,299.4283094,1.2814998e-06
Kiru,2024-05-05,305.9309018,312.6245526,299.888519,1.7272989e-06
Kiru,2024-05-06,305.1526772,311.7940848,299.5323069,3.28e-05
Kiyawa,2024-05-01,308.3902432,315.131079,301.2261293,9.2200116e-07
Kiyawa,2024-05-02,307.4945057,314.7375816,300.5745677,4.9892926e-06
Kiyawa,2024-05-03,306.9242974,313.0773429,300.6043602,0
Kiyawa,2024-05-04,307.339638,314.1569479,300.6205829,1.3180612e-06
Kiyawa,2024-05-05,307.7262439,315.0177456,300.2536087,8.7022784e-07
Kiyawa,2024-05-06,307.3397036,313.9082496,300.6114926,2.6332259e-07
Kogi,2024-05-01,305.8559134,311.4470186,301.6326866,0.0001503
Kogi,2024-05-02,305.2095671,310.772615,300.7737076,0.0001167
Kogi,2024-05-03,304.9741669,310.5820645,300.9138456,0.000283
Kogi,2024-05-04,305.4867974,311.3401412,300.4922948,0.0002957
Kogi,2024-05-05,305.4418566,311.4465139,300.6896401,0.0001415
Kogi,2024-05-06,305.6116881,311.5071322,300.7796509,0.0006349
Koko/Besse,2024-05-01,308.4938685,314.2456781,303.2034753,1.0396237e-06
Koko/Besse,2024-05-02,307.4289963,311.8320074,303.3974963,0.0003027
Koko/Besse,2024-05-03,307.7139721,312.8001291,303.1192449,1.1974705e-06
Koko/Besse,2024-05-04,308.1224485,313.6409198,302.9004087,1.3353881e-06
Koko/Besse,2024-05-05,308.4632479,313.8812049,303.095332,4.6341865e-06
Koko/Besse,2024-05-06,308.0087735,313.6981976,303.3970836,0.0008699
Kokona,2024-05-01,305.29787,310.6575632,300.8515781,0.0021515
Kokona,2024-05-02,304.0282389,308.790704,300.3205963,0.0004309
Kokona,2024-05-03,303.7452046,307.9902328,300.5572998,0.0002084
Kokona,2024-05-04,304.4713751,309.3517845,300.2819544,0.0004429
Kokona,2024-05-05,304.5488316,308.4742792,300.8418077,0.0002371
Kokona,2024-05-06,304.6051839,309.7872779,300.173755,0.0039895
Kolokuma/Opokuma,2024-05-01,301.3724374,305.1334451,299.990317,0.0143224
Kolokuma/Opokuma,2024-05-02,300.8468763,304.3978287,298.8278657,0.0105966
Kolokuma/Opokuma,2024-05-03,300.4161667,302.2442891,298.8658517,0.0046192
Kolokuma/Opokuma,2024-05-04,301.0751992,305.3849064,298.9577199,0.0083387
Kolokuma/Opokuma,2024-05-05,301.5485156,305.9122504,298.3264667,0.0035186
Kolokuma/Opokuma,2024-05-06,301.0949541,304.1533351,299.1541169,0.0056605
Konduga,2024-05-01,308.8646271,315.8900992,301.2255617,8.5234632e-07
Konduga,2024-05-02,308.9122306,315.9847713,300.5253846,8.5234632e-07
Konduga,2024-05-03,308.4322674,315.0113733,302.0215924,0
Konduga,2024-05-04,308.7087545,314.7830566,302.8308401,1.3133126e-06
Konduga,2024-05-05,308.8491108,314.8132149,303.0952152,5.25e-05
Konduga,2024-05-06,308.3440775,313.5202803,302.8449681,1.48e-05
Konshisha,2024-05-01,305.551632,311.7017151,301.5541252,0.0010669
Konshisha,2024-05-02,304.3909409,309.3573744,300.8210879,0.000297
Konshisha,2024-05-03,303.7127555,308.8527932,300.5244156,0.0005947
Konshisha,2024-05-04,304.1146637,308.8123601,300.0002712,3.5575116e-06
Konshisha,2024-05-05,304.7594352,310.928394,300.3784262,0.0001775
Konshisha,2024-05-06,305.0267374,310.8230458,301.1388645,0.0012189
Kontagora,2024-05-01,306.4905946,312.1646404,301.2326167,9.62e-05
Kontagora,2024-05-02,305.5317731,309.8226574,301.2482585,7.66e-05
Kontagora,2024-05-03,305.6444412,310.6218147,301.0661467,9.98e-05
Kontagora,2024-05-04,305.9852574,311.1931138,300.5504023,1.56e-05
Kontagora,2024-05-05,306.0522687,311.3962583,300.5624453,1.1962928e-06
Kontagora,2024-05-06,305.9552079,311.5368251,301.1122453,0.0001468
Kosofe,2024-05-01,302.6457593,305.7600146,300.9210562,0.0005121
Kosofe,2024-05-02,302.4524465,305.4714496,300.3087803,0.0016305
Kosofe,2024-05-03,301.8829535,305.6813664,299.7104716,0.0079763
Kosofe,2024-05-04,302.3260355,305.6354478,300.1651097,0.0004454
Kosofe,2024-05-05,302.7205146,305.4231718,300.2773329,0.0004776
Kosofe,2024-05-06,302.3518274,305.8539201,300.1723078,0.0016228
Kubau,2024-05-01,303.7550622,310.2720475,299.1652828,0.0008541
Kubau,2024-05-02,302.9543923,309.0029264,299.2346045,0.0005753
Kubau,2024-05-03,302.8580314,308.182832,298.5221219,0
Kubau,2024-05-04,303.7466725,309.9303844,298.3438335,3.7e-05
Kubau,2024-05-05,304.0257182,310.2931005,298.9040913,3.46e-05
Kubau,2024-05-06,302.3436826,309.7534896,298.1386997,0.0020201
Kudan,2024-05-01,303.821545,310.285963,298.8059365,0.0004197
Kudan,2024-05-02,303.5466286,309.5472045,299.5700386,0.0004762
Kudan,2024-05-03,303.8171638,310.0692738,298.7809867,0
Kudan,2024-05-04,304.2417565,310.6430497,298.5999214,2.1900845e-06
Kudan,2024-05-05,304.5082418,311.0020904,299.1247292,1.0587313e-06
Kudan,2024-05-06,303.3349347,310.3548222,298.5589997,0.0008571
Kuje,2024-05-01,305.0601922,309.7328058,301.0641765,0.000137
Kuje,2024-05-02,304.2658423,309.2440931,300.0585633,0.0004405
Kuje,2024-05-03,304.0042052,308.7037293,300.0844706,0.0001384
Kuje,2024-05-04,304.6005098,309.7731502,300.1461298,0.0003382
Kuje,2024-05-05,304.561136,308.9325618,300.1862112,8.56e-05
Kuje,2024-05-06,304.5764175,310.127932,300.1048508,0.0041081
Kukawa,2024-05-01,310.1271331,317.6230525,301.9228986,8.5234632e-07
Kukawa,2024-05-02,310.1064264,317.5118267,300.9813524,8.5234632e-07
Kukawa,2024-05-03,310.4014287,317.4941014,302.9106205,0
Kukawa,2024-05-04,309.7969182,317.1486299,301.2678219,1.2814998e-06
Kukawa,2024-05-05,309.3812312,316.8231285,300.3809945,8.7022784e-07
Kukawa,2024-05-06,309.5123817,317.3625055,299.9814734,0
Kumbotso,2024-05-01,305.0790071,313.1186756,296.3566661,2.0863141e-06
Kumbotso,2024-05-02,306.1292141,312.6208461,300.5747284,2.52e-05
Kumbotso,2024-05-03,306.0155871,312.7565016,300.0357532,0
Kumbotso,2024-05-04,306.3059978,312.9284231,299.7076058,1.2814998e-06
Kumbotso,2024-05-05,307.1252888,314.4354362,300.1256589,8.7022784e-07
Kumbotso,2024-05-06,306.5156893,313.1790754,299.8656796,9.8362023e-08
Kunchi,2024-05-01,306.7618576,314.0569932,298.2426156,8.5234632e-07
Kunchi,2024-05-02,306.7232963,313.5014161,300.2858173,8.5234632e-07
Kunchi,2024-05-03,306.3703371,312.6643574,300.2325298,0
Kunchi,2024-05-04,306.8481558,313.4163123,300.3298196,1.2814998e-06
Kunchi,2024-05-05,307.2094229,314.2928209,299.7635615,8.7022784e-07
Kunchi,2024-05-06,306.8727601,313.2637427,300.1809292,8.8821696e-06
Kura,2024-05-01,305.042236,313.2256519,296.7823314,1.53e-05
Kura,2024-05-02,306.0821584,312.5541017,300.7982626,3.23e-05
Kura,2024-05-03,305.9747081,312.6495531,300.1587771,0
Kura,2024-05-04,306.3097809,312.8866657,299.7515821,1.2814998e-06
Kura,2024-05-05,307.1394088,314.2369379,300.1567311,8.7022784e-07
Kura,2024-05-06,306.4417268,313.1700259,299.8462844,0
Kurfi,2024-05-01,306.5059545,313.739985,297.3667144,8.5234632e-07
Kurfi,2024-05-02,306.3519246,312.5118444,300.5661185,8.5234632e-07
Kurfi,2024-05-03,306.3242996,312.3783912,300.6014252,0
Kurfi,2024-05-04,306.614056,312.7124592,300.5550258,1.2814998e-06
Kurfi,2024-05-05,306.5114282,313.0846662,299.7526006,8.7022784e-07
Kurfi,2024-05-06,305.8818841,312.1508405,299.9747895,0.000133
Kurmi,2024-05-01,303.824005,309.1317415,298.7935361,0.0004366
Kurmi,2024-05-02,302.2734004,307.6896805,298.1399181,0.0093249
Kurmi,2024-05-03,300.8456939,305.5582859,297.6069492,0.0029959
Kurmi,2024-05-04,301.5669165,306.8278053,297.4285223,0.00515
Kurmi,2024-05-05,301.502034,307.4452959,297.4499108,0.0096103
Kurmi,2024-05-06,302.2442685,308.1213286,297.1633361,0.0022254
Kusada,2024-05-01,306.5715565,313.6964536,298.2411928,8.5234632e-07
Kusada,2024-05-02,306.6534258,312.9292299,300.6531739,8.5234632e-07
Kusada,2024-05-03,306.3360777,312.301174,300.5919249,0
Kusada,2024-05-04,306.8729231,313.0390159,300.6165026,1.2814998e-06
Kusada,2024-05-05,307.0744202,313.8667424,300.1815856,8.7022784e-07
Kusada,2024-05-06,306.5114154,312.5515646,300.3560695,9.593768e-06
Kwali,2024-05-01,306.1377401,310.6055761,302.0067578,3.04e-05
Kwali,2024-05-02,305.565512,310.643146,301.1361289,0.0003664
Kwali,2024-05-03,305.3289726,310.2005392,301.2026636,3.72e-05
Kwali,2024-05-04,305.8279175,311.0289293,301.142723,0.000374
Kwali,2024-05-05,305.8614704,310.709708,301.2147607,6.39e-05
Kwali,2024-05-06,305.7816122,311.4363278,301.0652,0.0017614
Kwami,2024-05-01,308.4378031,313.6602586,303.4119303,1.2819465e-06
Kwami,2024-05-02,307.402419,312.8014849,301.7878204,7.2331359e-06
Kwami,2024-05-03,307.1845206,312.176051,302.6418369,4.29e-05
Kwami,2024-05-04,306.6169445,312.4908122,300.575695,7.12e-05
Kwami,2024-05-05,307.0859561,312.6345634,301.9231464,3.45e-05
Kwami,2024-05-06,306.3224356,312.1556458,301.6923936,0.0010003
Kwande,2024-05-01,303.8367398,310.0849581,299.9811165,0.0037888
Kwande,2024-05-02,302.5544647,307.3429025,299.4201472,0.0029938
Kwande,2024-05-03,301.6168743,306.1366329,299.0236005,0.0018872
Kwande,2024-05-04,301.9871018,307.5112234,298.2993971,0.0009393
Kwande,2024-05-05,302.4595436,308.0824866,298.6451244,0.0034475
Kwande,2024-05-06,302.8977099,308.0393332,298.9677688,0.0013879
Kware,2024-05-01,309.5729993,316.2943737,301.3032065,8.5234632e-07
Kware,2024-05-02,309.3804493,315.2843637,304.1879324,1.5319429e-06
Kware,2024-05-03,309.2933161,314.3997572,304.4064171,0
Kware,2024-05-04,309.5184385,315.316071,303.8402371,1.2814998e-06
Kware,2024-05-05,309.6681877,315.6669086,303.5942704,8.7022784e-07
Kware,2024-05-06,308.9167825,315.0402909,303.9829782,0.000396
Kwaya Kusar,2024-05-01,308.674302,314.3928867,302.6813512,8.5234632e-07
Kwaya Kusar,2024-05-02,307.772545,312.9014086,302.1382644,8.5234632e-07
Kwaya Kusar,2024-05-03,307.6982815,312.2434983,303.2388691,1.35e-05
Kwaya Kusar,2024-05-04,307.0166433,312.4203719,301.2525519,4.83e-05
Kwaya Kusar,2024-05-05,307.4725149,312.8360444,302.5311244,0.0002287
Kwaya Kusar,2024-05-06,306.7904579,312.5321285,302.2973756,0.0012265
Lafia,2024-05-01,306.8173024,312.7577418,301.9699811,0.0005423
Lafia,2024-05-02,305.5699092,310.2853751,301.2482215,9e-05
Lafia,2024-05-03,305.3747456,309.8930777,301.839025,0.0003896
Lafia,2024-05-04,305.344925,310.1948956,301.0068879,0.0001453
Lafia,2024-05-05,305.6924276,309.7051943,301.8212906,0.0002654
Lafia,2024-05-06,305.6099891,311.3738517,300.8466347,0.0045827
Lagelu,2024-05-01,301.8051002,307.2723331,299.681299,0.0021766
Lagelu,2024-05-02,301.4886616,306.5453603,298.9075895,0.0011214
Lagelu,2024-05-03,301.5280338,307.5449904,298.8494531,0.0040815
Lagelu,2024-05-04,301.5480609,307.6082174,297.5512463,0.0003596
Lagelu,2024-05-05,301.8516677,306.3647824,298.1709992,0.0006453
Lagelu,2024-05-06,301.3591109,305.6879564,298.919521,0.0002092
Lagos Island,2024-05-01,302.6275427,305.0257731,301.2860875,0.0007227
Lagos Island,2024-05-02,302.5729457,304.6751166,300.3886132,0.0021964
Lagos Island,2024-05-03,302.0428871,304.678543,300.1762466,0.005764
Lagos Island,2024-05-04,302.4892352,304.9308874,300.169286,0.0002762
Lagos Island,2024-05-05,303.0927503,305.1135216,301.4153505,0.0003827
Lagos Island,2024-05-06,302.4150376,304.912107,300.5316101,0.00367
Lagos Mainland,2024-05-01,302.6376883,305.2353516,301.1878204,0.0006608
Lagos Mainland,2024-05-02,302.5631262,304.9229584,300.4042664,0.0020063
Lagos Mainland,2024-05-03,302.015639,304.9829102,300.070282,0.006467
Lagos Mainland,2024-05-04,302.499417,305.0969849,300.1071625,0.0003294
Lagos Mainland,2024-05-05,303.0066942,305.1900482,301.2149506,0.0003968
Lagos Mainland,2024-05-06,302.4136244,305.2008209,300.4907379,0.0030847
Lamurde,2024-05-01,309.1962943,314.4543548,304.8253744,8.5592413e-07
Lamurde,2024-05-02,308.2227218,313.358475,303.2624652,1.0485169e-06
Lamurde,2024-05-03,307.4622681,312.1394654,302.7019038,1.16e-05
Lamurde,2024-05-04,307.1960766,312.6719638,301.7658868,3.11e-05
Lamurde,2024-05-05,307.5592465,312.8250802,303.6405925,0.000107
Lamurde,2024-05-06,307.5487359,313.1747236,302.6914871,0.0002207
Langtang North,2024-05-01,308.0799718,313.0415841,303.1439256,4.13e-05
Langtang North,2024-05-02,305.9821326,310.8229141,300.9597878,2.23e-05
Langtang North,2024-05-03,305.5373297,310.5747066,302.2218159,0.000395
Langtang North,2024-05-04,305.2767249,310.6146856,300.1038934,0.0001284
Langtang North,2024-05-05,305.6205743,310.6585108,301.4987814,0.0001269
Langtang North,2024-05-06,305.4874372,311.3810167,301.1081646,0.000195
Langtang South,2024-05-01,308.940022,314.3091085,304.3248023,4.36e-05
Langtang South,2024-05-02,307.0890633,311.766855,302.4076744,8.5234632e-07
Langtang South,2024-05-03,306.5840456,311.6263481,302.9428975,0.0001317
Langtang South,2024-05-04,306.3248612,311.3508278,301.6553411,6.47e-05
Langtang South,2024-05-05,307.0334529,311.9307278,302.6098768,0.0001232
Langtang South,2024-05-06,306.8951969,312.9273525,302.9664647,0.0017558
Lapai,2024-05-01,306.4078759,310.9393907,302.1463057,5.06e-05
Lapai,2024-05-02,305.6966128,311.1473159,301.2244626,0.0010682
Lapai,2024-05-03,305.4483567,310.7046246,301.2775762,8.63e-05
Lapai,2024-05-04,306.121152,311.3915663,301.250458,0.0001521
Lapai,2024-05-05,306.1294056,311.7003668,301.3357134,0.0001839
Lapai,2024-05-06,306.1480201,311.7849756,301.2606649,0.0002154
Lau,2024-05-01,309.0615321,314.3243131,304.5121581,8.1210149e-06
Lau,2024-05-02,307.7771833,312.4799227,303.1511854,3.75e-05
Lau,2024-05-03,306.7617954,311.7403312,302.351488,0.0001983
Lau,2024-05-04,306.9103786,312.3190988,301.808851,3.64e-05
Lau,2024-05-05,307.1977671,312.2606015,303.327262,0.0001346
Lau,2024-05-06,307.3312601,312.7326656,302.5891213,0.0002311
Lavun,2024-05-01,306.8856512,312.6661131,301.8031973,0.0003097
Lavun,2024-05-02,306.2069463,311.0516566,301.6813567,0.0001958
Lavun,2024-05-03,306.3870714,312.1469973,301.5066024,4.15e-05
Lavun,2024-05-04,306.6440592,312.6599248,301.1761439,1.98e-05
Lavun,2024-05-05,306.6385806,312.7164274,301.2372159,7.81e-05
Lavun,2024-05-06,306.1510034,312.1682446,301.6614127,0.0001607
Lere,2024-05-01,302.769609,308.999622,298.593394,0.0013605
Lere,2024-05-02,301.4437648,307.3858969,298.0695133,0.0019106
Lere,2024-05-03,301.406709,306.3636275,297.6607919,0.0002225
Lere,2024-05-04,302.3407477,308.1429077,297.5290101,0.0002081
Lere,2024-05-05,302.3437742,308.1829768,298.0387911,0.0002918
Lere,2024-05-06,300.9856343,307.9094947,296.9193758,0.0027001
Logo,2024-05-01,306.9562662,313.2627589,302.2582286,0.0003053
Logo,2024-05-02,305.3757088,310.0775774,301.3842786,0.0001532
Logo,2024-05-03,304.6688188,309.9691775,301.1206769,0.0002697
Logo,2024-05-04,305.0147466,309.8923562,300.5116434,9.6565208e-06
Logo,2024-05-05,305.8063626,311.3805226,301.0004909,0.0002726
Logo,2024-05-06,305.6086306,312.2345008,301.8139269,0.00195
Lokoja,2024-05-01,305.5856071,311.2072359,301.5685778,0.0003809
Lokoja,2024-05-02,305.1873032,310.9429271,300.7743794,0.0002186
Lokoja,2024-05-03,305.0338494,310.5458872,300.8602734,0.0006261
Lokoja,2024-05-04,305.5179364,311.4462809,300.6809822,0.0002388
Lokoja,2024-05-05,305.4497738,311.5646324,300.7125887,0.0002958
Lokoja,2024-05-06,305.7570978,311.7229781,300.8246817,0.0001755
Machina,2024-05-01,308.9527171,315.5992686,302.1248702,8.5234632e-07
Machina,2024-05-02,308.0969936,315.4762365,299.9108504,8.5234632e-07
Machina,2024-05-03,307.8841593,316.2218388,299.3267007,0
Machina,2024-05-04,307.6418245,315.9515235,298.3281711,1.2814998e-06
Machina,2024-05-05,307.9146098,315.9909958,298.6454606,8.7022784e-07
Machina,2024-05-06,308.7265115,315.6169621,301.9564107,0
Madagali,2024-05-01,306.8017594,313.6133059,299.4764316,8.5234632e-07
Madagali,2024-05-02,306.2002757,312.7381543,299.0789686,8.5234632e-07
Madagali,2024-05-03,306.1076376,311.8435535,300.4510793,1.3943236e-06
Madagali,2024-05-04,306.3892246,311.982026,300.3211084,7.6446005e-06
Madagali,2024-05-05,306.1944698,311.4817187,300.7633418,6.7828359e-06
Madagali,2024-05-06,305.8005731,311.0490814,299.472811,8.46e-05
Madobi,2024-05-01,304.7725133,313.0439399,296.3914601,9.7313568e-06
Madobi,2024-05-02,305.9067003,312.320077,300.6697806,3.99e-05
Madobi,2024-05-03,305.8123534,312.5302838,300.0017662,0
Madobi,2024-05-04,306.1222127,312.6996694,299.5879884,1.2814998e-06
Madobi,2024-05-05,306.9168876,314.0650736,299.9982876,8.7022784e-07
Madobi,2024-05-06,306.2726272,312.9888601,299.7401262,0
Mafa,2024-05-01,308.6007603,315.5506122,301.4803386,8.5234632e-07
Mafa,2024-05-02,308.1562071,315.8175307,299.3650217,8.5234632e-07
Mafa,2024-05-03,307.8696123,314.976795,299.9905047,0
Mafa,2024-05-04,308.3845557,314.6433057,302.3052082,1.2814998e-06
Mafa,2024-05-05,308.7102772,314.5330841,303.1185008,2.97e-05
Mafa,2024-05-06,308.3673901,313.9378806,302.0496836,2.8946129e-06
Magama,2024-05-01,306.6710344,312.5867047,301.8435809,0.0001199
Magama,2024-05-02,306.0828617,310.7318989,301.6911751,0.0001528
Magama,2024-05-03,306.0202386,310.8577507,301.6644418,5.43e-05
Magama,2024-05-04,306.369564,311.6436919,301.0336806,8.5323472e-06
Magama,2024-05-05,306.7356682,312.0534118,301.1315316,1.51e-05
Magama,2024-05-06,306.6368078,312.0760259,301.8329864,5.11e-05
Magumeri,2024-05-01,308.3517524,315.4930808,300.679818,8.5234632e-07
Magumeri,2024-05-02,308.0726506,315.8996547,298.8194811,8.5234632e-07
Magumeri,2024-05-03,307.1178041,314.8688092,298.615697,0
Magumeri,2024-05-04,308.023541,314.6124243,301.6920033,1.2814998e-06
Magumeri,2024-05-05,308.0322117,314.4839838,301.5046286,0.0001866
Magumeri,2024-05-06,308.1496663,313.896718,302.026744,3.7793347e-08
Mai'adua,2024-05-01,306.9664476,315.2220772,298.2291709,8.5234632e-07
Mai'adua,2024-05-02,306.9624024,314.2659443,299.7078689,8.5234632e-07
Mai'adua,2024-05-03,306.8104263,313.0685069,300.1792667,0
Mai'adua,2024-05-04,307.2050519,313.9048806,300.6352065,1.2814998e-06
Mai'adua,2024-05-05,306.4694505,313.9596126,296.892013,8.7022784e-07
Mai'adua,2024-05-06,307.3663853,313.7847066,300.2598716,4.1757347e-06
Maiduguri,2024-05-01,308.2215908,315.1635704,300.7097376,8.5234632e-07
Maiduguri,2024-05-02,308.1822015,315.642616,300.2296179,8.5234632e-07
Maiduguri,2024-05-03,307.6690847,314.7192236,300.5364132,0
Maiduguri,2024-05-04,308.286811,314.4543282,302.2967946,1.2814998e-06
Maiduguri,2024-05-05,308.3416313,314.4311861,302.6467481,0.0001697
Maiduguri,2024-05-06,307.9493,313.2043833,302.2670997,1.46e-05
Maigatari,2024-05-01,308.0479794,314.9372165,300.4576386,8.5234632e-07
Maigatari,2024-05-02,307.3495982,314.5402589,300.0355558,8.5234632e-07
Maigatari,2024-05-03,307.1509039,314.9749859,299.93703,0
Maigatari,2024-05-04,307.0986566,314.6960435,299.469199,1.2814998e-06
Maigatari,2024-05-05,307.4795183,315.2695682,298.7843956,8.7022784e-07
Maigatari,2024-05-06,308.0814464,314.6733962,301.2463574,0
Maiha,2024-05-01,308.3612225,313.8157827,300.5375094,8.5234632e-07
Maiha,2024-05-02,307.7751469,312.7798184,300.6915297,8.5234632e-07
Maiha,2024-05-03,306.9548483,311.8732285,302.4300021,1.55e-05
Maiha,2024-05-04,306.7574864,312.1369789,301.0225376,3.2003091e-06
Maiha,2024-05-05,306.7346311,311.9978966,301.6962295,3.51e-05
Maiha,2024-05-06,306.6041941,312.1430689,300.8608781,0.0002191
Maiyama,2024-05-01,308.3969302,314.6401886,302.3507362,8.5234632e-07
Maiyama,2024-05-02,307.1786984,312.7078152,303.2147035,0.0014017
Maiyama,2024-05-03,307.791973,312.9216192,302.8101199,5.2682115e-06
Maiyama,2024-05-04,308.3884114,313.9654368,303.0495126,1.3409591e-06
Maiyama,2024-05-05,308.6963184,314.1548648,303.1967517,1.3495623e-06
Maiyama,2024-05-06,307.5622921,313.7973709,301.5740895,0.0032967
Makoda,2024-05-01,307.0947664,314.414526,297.9371253,8.5234632e-07
Makoda,2024-05-02,306.941553,314.1613022,300.1137893,8.5234632e-07
Makoda,2024-05-03,306.5399762,313.1092396,300.0987171,0
Makoda,2024-05-04,306.9421659,313.8159094,300.1565815,1.2814998e-06
Makoda,2024-05-05,307.483004,314.8003193,299.7423669,8.7022784e-07
Makoda,2024-05-06,307.2113319,313.8668113,300.2611372,8.2746577e-07
Makurdi,2024-05-01,306.6888099,313.4956935,302.2453571,0.0013772
Makurdi,2024-05-02,305.6569719,310.5687968,301.4711522,5.21e-05
Makurdi,2024-05-03,305.0141552,309.9436032,301.3772949,0.0001438
Makurdi,2024-05-04,305.4800031,310.6043243,300.9497241,1.76e-05
Makurdi,2024-05-05,306.0947272,311.2471712,301.5483501,2.48e-05
Makurdi,2024-05-06,306.0772701,312.0674284,301.6663767,0.0031974
Malam Madori,2024-05-01,307.9758141,315.1540341,299.5032866,8.5234632e-07
Malam Madori,2024-05-02,307.2323714,314.7478846,299.4855394,8.5234632e-07
Malam Madori,2024-05-03,306.9880755,315.1026288,299.2724753,0
Malam Madori,2024-05-04,307.0204609,314.7514347,299.3548653,1.2814998e-06
Malam Madori,2024-05-05,307.3579437,315.1663449,298.5166193,8.7022784e-07
Malam Madori,2024-05-06,307.9144353,314.5917081,300.9657713,0
Malumfashi,2024-05-01,304.0705433,311.3547817,297.4351459,2.39e-05
Malumfashi,2024-05-02,304.7573692,310.4145858,300.1129469,1.56e-05
Malumfashi,2024-05-03,304.5447529,310.1883514,299.7251764,0
Malumfashi,2024-05-04,304.9282527,310.9175178,299.192807,1.2814998e-06
Malumfashi,2024-05-05,305.2963618,311.7842737,299.4462363,8.7022784e-07
Malumfashi,2024-05-06,304.6963342,310.8388337,299.1820441,2.08e-05
Mangu,2024-05-01,301.6944511,306.9291098,296.5372517,8.65e-05
Mangu,2024-05-02,299.9595906,305.1711165,296.0163858,0.0017279
Mangu,2024-05-03,299.6157312,304.9914521,295.9079838,0.0015168
Mangu,2024-05-04,299.6812665,305.1959447,294.849054,0.0005724
Mangu,2024-05-05,299.3616227,305.4121192,295.4523718,0.0038235
Mangu,2024-05-06,299.7558472,305.4203576,294.6379314,0.0014415
Mani,2024-05-01,306.1435272,314.7647413,296.236093,8.5234632e-07
Mani,2024-05-02,306.6430704,313.5877243,299.9031388,8.5234632e-07
Mani,2024-05-03,306.4391043,312.7391343,300.191722,0
Mani,2024-05-04,306.8105588,313.3767416,300.5370496,1.2814998e-06
Mani,2024-05-05,306.4678587,313.6242266,297.7732414,8.7022784e-07
Mani,2024-05-06,306.6600574,312.8402775,299.8344104,6.2846801e-06
Maradun,2024-05-01,307.525758,314.9745445,298.4167105,8.5234632e-07
Maradun,2024-05-02,307.8594587,313.6781161,302.7722216,9.8049373e-07
Maradun,2024-05-03,307.3369951,312.0847652,303.0597595,0
Maradun,2024-05-04,307.9552088,314.3487128,301.9165748,1.2814998e-06
Maradun,2024-05-05,308.0223758,314.3803101,301.7694862,8.7022784e-07
Maradun,2024-05-06,307.312868,314.0911666,302.3351226,0.0004003
Mariga,2024-05-01,306.1896383,311.6376267,301.3104856,8.95e-05
Mariga,2024-05-02,305.3591873,309.7047527,301.3236815,6.43e-05
Mariga,2024-05-03,305.3486612,310.0039885,301.0503948,1.65e-05
Mariga,2024-05-04,305.7465076,310.9235066,300.5656561,1.42e-05
Mariga,2024-05-05,305.820304,311.0032653,300.6610976,2.2e-05
Mariga,2024-05-06,305.6836741,311.2466803,300.9708444,0.0003811
Markafi,2024-05-01,303.9446489,310.6473622,298.934799,0.0005989
Markafi,2024-05-02,303.7235133,309.7946913,299.6805191,0.0002669
Markafi,2024-05-03,303.8884609,310.1038226,298.8699774,0
Markafi,2024-05-04,304.3695039,310.7456229,298.6811043,1.4248258e-06
Markafi,2024-05-05,304.7078369,311.2299966,299.2314474,1.02e-05
Markafi,2024-05-06,303.5011581,310.5154276,298.666215,0.0005792
Marte,2024-05-01,309.98632,317.0929886,302.5736598,8.5234632e-07
Marte,2024-05-02,309.7567317,316.9033421,300.4865882,8.5234632e-07
Marte,2024-05-03,309.5020707,316.5101794,300.9390022,0
Marte,2024-05-04,309.1776343,315.9748165,301.6358355,1.2814998e-06
Marte,2024-05-05,309.6222515,315.6474498,303.1701122,1.6518527e-06
Marte,2024-05-06,309.5880069,316.1401699,301.5789258,1.6735396e-07
Maru,2024-05-01,305.7638027,312.2078703,300.4084867,0.0001227
Maru,2024-05-02,305.6363258,311.0735055,301.4063474,8.46e-05
Maru,2024-05-03,305.4596903,310.5672426,301.1434228,0
Maru,2024-05-04,305.8319832,311.7038451,300.6204359,3.47e-05
Maru,2024-05-05,306.0377126,311.7895513,300.7662613,1.53e-05
Maru,2024-05-06,305.4092444,311.8378979,300.823262,0.0007068
Mashegu,2024-05-01,306.733567,312.6521693,301.565668,0.0001585
Mashegu,2024-05-02,306.0200471,310.6436692,301.4086875,0.0002006
Mashegu,2024-05-03,306.2730955,311.6521425,301.3162731,2.66e-05
Mashegu,2024-05-04,306.5102268,312.2533493,300.8758656,1.48e-05
Mashegu,2024-05-05,306.6206543,312.3939462,300.8753673,1.59e-05
Mashegu,2024-05-06,306.2947012,312.1423556,301.4658797,8.96e-05
Mashi,2024-05-01,306.3700493,315.1573022,296.6356759,8.5234632e-07
Mashi,2024-05-02,306.7329219,313.9578914,299.5835328,8.5234632e-07
Mashi,2024-05-03,306.6154024,313.0040798,300.0932003,0
Mashi,2024-05-04,306.9649536,313.7075806,300.5329404,1.2814998e-06
Mashi,2024-05-05,306.3143447,313.7359695,296.6052258,8.7022784e-07
Mashi,2024-05-06,306.881479,313.1812959,299.8608423,4.1677654e-06
Matazu,2024-05-01,305.3337472,312.9113226,297.0556106,2.0119832e-06
Matazu,2024-05-02,306.0235669,311.8694671,300.5549879,1.270716e-06
Matazu,2024-05-03,305.8045966,311.6822219,300.3363355,0
Matazu,2024-05-04,306.2209921,312.2677532,299.9776096,1.2814998e-06
Matazu,2024-05-05,306.4115935,313.3117412,299.7668927,8.7022784e-07
Matazu,2024-05-06,305.6940851,311.7852088,299.8411972,5.56e-05
Mayo-Belwa,2024-05-01,307.9094901,313.9209275,302.5564101,1.0040265e-06
Mayo-Belwa,2024-05-02,307.026344,312.0384408,302.0226879,3.99e-05
Mayo-Belwa,2024-05-03,306.1234331,310.5262349,301.9471614,0.0001621
Mayo-Belwa,2024-05-04,306.3570744,311.6386427,301.3515902,0.0002372
Mayo-Belwa,2024-05-05,306.6409926,311.7925266,302.2569576,0.0002959
Mayo-Belwa,2024-05-06,306.9879335,312.7422597,301.3304532,5.23e-05
Mbaitoli,2024-05-01,301.3537739,307.3892215,299.3369769,0.0071404
Mbaitoli,2024-05-02,300.3213231,305.7501686,298.5933336,0.0174676
Mbaitoli,2024-05-03,299.8384892,303.7548457,298.0352476,0.0083833
Mbaitoli,2024-05-04,300.6628846,305.6745736,297.6709479,0.0043367
Mbaitoli,2024-05-05,301.2936042,307.153602,297.3363906,0.0054412
Mbaitoli,2024-05-06,301.1726426,304.8791728,298.1572367,0.0014835
Mbo,2024-05-01,300.9438127,303.7392492,298.4056799,0.0234266
Mbo,2024-05-02,300.4464039,302.4796628,298.8336151,0.0102856
Mbo,2024-05-03,300.1005418,301.780609,298.3691027,0.0131263
Mbo,2024-05-04,301.6569821,303.367154,299.5966831,0.000698
Mbo,2024-05-05,301.6992935,303.4471363,299.5821335,0.0029207
Mbo,2024-05-06,301.287228,302.9111541,299.8876637,0.006327
Michika,2024-05-01,305.6971154,312.2178823,298.9500753,8.5234632e-07
Michika,2024-05-02,305.1441754,311.0506489,298.8632068,8.5234632e-07
Michika,2024-05-03,304.9979925,310.3622631,299.8720272,7.2043547e-07
Michika,2024-05-04,305.1465045,310.5359025,299.3063443,3.1437657e-06
Michika,2024-05-05,304.7582838,309.9187593,299.297949,4.45e-05
Michika,2024-05-06,304.6849071,310.1406509,298.3343939,0.0003706
Miga,2024-05-01,307.8821821,315.1401522,299.6239673,8.5234632e-07
Miga,2024-05-02,307.3427411,314.6739572,300.0502752,8.5234632e-07
Miga,2024-05-03,306.9162589,313.503521,300.3578423,0
Miga,2024-05-04,307.1776246,314.0973371,300.3900263,1.2814998e-06
Miga,2024-05-05,307.6100267,315.0233767,300.1302859,8.7022784e-07
Miga,2024-05-06,307.6246325,314.0337402,301.0527823,0
Mikang,2024-05-01,307.1946147,312.1661648,302.4248292,0.0001181
Mikang,2024-05-02,305.2103616,310.0461002,300.4825285,7.6e-05
Mikang,2024-05-03,304.8281183,309.7466712,301.6043198,0.0004259
Mikang,2024-05-04,304.5695705,309.6739873,299.6331923,4e-05
Mikang,2024-05-05,304.9533447,309.895836,300.9153422,0.0001649
Mikang,2024-05-06,304.9469608,310.7464706,300.5600339,0.0004463
Minjibir,2024-05-01,307.1708218,314.1686603,298.0560239,8.5234632e-07
Minjibir,2024-05-02,307.0356209,314.2608582,300.3088676,4.1642504e-06
Minjibir,2024-05-03,306.6402236,313.2542905,300.1124428,0
Minjibir,2024-05-04,307.0179386,313.9093629,299.9916102,1.2814998e-06
Minjibir,2024-05-05,307.7713154,315.2347492,300.2477485,8.7022784e-07
Minjibir,2024-05-06,307.2260694,313.9051965,300.2537204,3.528547e-09
Misau,2024-05-01,308.5939411,314.2797925,302.8301208,1.1805135e-06
Misau,2024-05-02,307.4455161,314.4039311,300.7766996,2.2993119e-06
Misau,2024-05-03,306.7882362,312.9822406,300.7082449,0
Misau,2024-05-04,306.8951812,313.2441217,300.5428675,1.2814998e-06
Misau,2024-05-05,307.2333934,313.5423929,300.7167213,1.4476932e-06
Misau,2024-05-06,306.6313402,312.7932571,301.4474915,0.0004219
Mkpat Enin,2024-05-01,300.9866177,304.7231443,298.5668561,0.0141475
Mkpat Enin,2024-05-02,300.224122,303.4255439,298.7582145,0.0115412
Mkpat Enin,2024-05-03,299.9033907,302.1232876,298.204912,0.0098188
Mkpat Enin,2024-05-04,301.2541751,304.0190959,298.8075247,0.0009502
Mkpat Enin,2024-05-05,301.4580239,304.4652652,298.9115106,0.0089158
Mkpat Enin,2024-05-06,301.0522271,303.8026188,299.2639094,0.0065824
Moba,2024-05-01,300.4439879,306.7162165,297.7486182,0.0026775
Moba,2024-05-02,300.5723907,306.5092279,296.9799318,0.0004399
Moba,2024-05-03,300.0377562,305.9584186,297.1411956,0.0009388
Moba,2024-05-04,300.5213715,307.2712549,296.3264722,0.0001248
Moba,2024-05-05,300.8989028,306.8264167,296.7774038,0.0004312
Moba,2024-05-06,300.3298906,306.089229,297.4029279,0.0007139
Mobbar,2024-05-01,309.4639966,317.0180219,301.7608308,8.5234632e-07
Mobbar,2024-05-02,308.9396008,317.1066352,300.6188155,8.5234632e-07
Mobbar,2024-05-03,308.2053984,316.2504956,300.2538036,0
Mobbar,2024-05-04,307.7868549,315.5706991,299.730262,1.2814998e-06
Mobbar,2024-05-05,308.1377825,315.9021735,299.4487688,8.7022784e-07
Mobbar,2024-05-06,309.0884365,316.8621081,300.5859755,0
Mokwa,2024-05-01,306.6381971,312.4689035,301.8902698,0.0002267
Mokwa,2024-05-02,306.2266515,311.7096221,301.4821195,0.0001966
Mokwa,2024-05-03,306.28174,312.0662563,301.5200909,4.12e-05
Mokwa,2024-05-04,306.6408085,312.8977159,301.2052662,2.18e-05
Mokwa,2024-05-05,306.6568041,312.9556712,301.2085533,9.96e-05
Mokwa,2024-05-06,306.116477,312.459447,301.6387526,0.0001283
Monguno,2024-05-01,309.5997314,316.9399729,301.5475719,8.5234632e-07
Monguno,2024-05-02,309.5183287,316.9466208,300.0860617,8.5234632e-07
Monguno,2024-05-03,309.2836458,316.6024019,300.4373202,0
Monguno,2024-05-04,309.0039514,315.9153722,301.384803,1.2814998e-06
Monguno,2024-05-05,309.119693,315.5579337,302.1302148,2.23e-05
Monguno,2024-05-06,309.4075977,316.2894909,301.068534,8.765195e-10
Mopa-Muro,2024-05-01,302.7404914,309.481835,299.4470245,0.0025765
Mopa-Muro,2024-05-02,302.834201,309.1293362,298.4323489,0.0002581
Mopa-Muro,2024-05-03,302.3896534,308.0984232,298.736532,0.0013874
Mopa-Muro,2024-05-04,303.1472803,309.7277804,298.4443762,0.0007147
Mopa-Muro,2024-05-05,302.9368567,309.0197775,298.6434743,0.0005554
Mopa-Muro,2024-05-06,303.3307419,310.6411246,298.619076,0.0004087
Moro,2024-05-01,304.4485887,311.2152448,300.3197503,0.0004967
Moro,2024-05-02,304.112397,310.4418533,299.5993355,0.0003817
Moro,2024-05-03,304.2832476,311.034626,299.6763558,0.0002891
Moro,2024-05-04,304.5896238,311.2446522,299.355039,9.7541026e-06
Moro,2024-05-05,304.7711689,311.6351272,299.3568171,3.22e-05
Moro,2024-05-06,303.9132882,310.2618282,300.0743872,0.0002907
Mubi North,2024-05-01,306.1518374,312.2667322,300.6181212,8.5234632e-07
Mubi North,2024-05-02,305.7748563,311.0066765,300.0720291,8.5234632e-07
Mubi North,2024-05-03,305.2372051,310.3093693,300.5571656,1.6044647e-07
Mubi North,2024-05-04,305.2574484,310.5235659,299.5308867,1.8362367e-06
Mubi North,2024-05-05,304.8891032,309.8518115,299.691372,4.29e-05
Mubi North,2024-05-06,304.7822015,310.4811304,298.5522374,0.0004757
Mubi South,2024-05-01,305.7340395,311.2457772,299.7956441,8.5234632e-07
Mubi South,2024-05-02,305.4766052,310.0477195,299.3294466,8.5234632e-07
Mubi South,2024-05-03,304.612114,309.4821419,300.1184383,1.4562162e-06
Mubi South,2024-05-04,304.4873428,309.6349367,298.8113884,4.3230346e-06
Mubi South,2024-05-05,304.1818263,309.0210679,299.3525004,1.71e-05
Mubi South,2024-05-06,303.967094,309.6036732,298.2237703,0.0003529
Musawa,2024-05-01,304.6955605,312.1075271,297.356912,5.2313091e-06
Musawa,2024-05-02,305.4741685,311.2371941,300.4434797,4.873341e-06
Musawa,2024-05-03,305.2456494,311.0223327,300.1464326,0
Musawa,2024-05-04,305.6459786,311.5877323,299.7128709,1.2814998e-06
Musawa,2024-05-05,305.9486846,312.6267054,299.7442216,8.7022784e-07
Musawa,2024-05-06,305.3003779,311.2829246,299.6745543,2.96e-05
Mushin,2024-05-01,302.6315136,305.2255914,301.1330959,0.0007229
Mushin,2024-05-02,302.5456034,305.0099339,300.3763398,0.0017677
Mushin,2024-05-03,302.0340411,305.2330889,300.0351522,0.0057411
Mushin,2024-05-04,302.493277,305.2318506,300.0003474,0.0003611
Mushin,2024-05-05,302.970574,305.2734,301.0768359,0.0004179
Mushin,2024-05-06,302.4148726,305.3317201,300.4613683,0.0028353
Muya,2024-05-01,304.7249004,308.8570655,300.862345,0.0005531
Muya,2024-05-02,303.4894788,307.6473336,300.2073922,0.0014704
Muya,2024-05-03,303.1564022,306.9822725,299.9105318,6.1216107e-08
Muya,2024-05-04,304.1954967,308.6930523,299.895679,7.08e-05
Muya,2024-05-05,304.1809047,309.0731394,300.1730895,0.000372
Muya,2024-05-06,303.6754781,308.9350514,299.8705526,0.0018417
Nafada,2024-05-01,308.3568241,313.6285193,302.9236164,4.15e-05
Nafada,2024-05-02,307.3557435,313.8575951,300.398218,8.7072004e-07
Nafada,2024-05-03,307.195364,312.9896148,301.1411681,0
Nafada,2024-05-04,307.0921563,312.8820812,300.7780399,1.85e-05
Nafada,2024-05-05,307.6440857,313.6845942,301.2532366,7.3568669e-06
Nafada,2024-05-06,307.0233429,313.078728,301.8273361,0.0007719
Nangere,2024-05-01,308.6851083,314.7066456,302.7759216,8.5234632e-07
Nangere,2024-05-02,307.3301931,314.4557981,300.1970892,8.5234632e-07
Nangere,2024-05-03,306.4631393,313.4508575,299.5257145,0
Nangere,2024-05-04,306.9248333,313.452889,300.4346056,1.2814998e-06
Nangere,2024-05-05,307.3837684,313.7097819,300.7133175,1.0128039e-06
Nangere,2024-05-06,307.2460787,313.3038008,301.3795888,1.05e-05
Nasarawa,2024-05-01,,,,
Nasarawa,2024-05-02,,,,
Nasarawa,2024-05-03,,,,
Nasarawa,2024-05-04,,,,
Nasarawa,2024-05-05,,,,
Nasarawa,2024-05-06,,,,
Nasarawa-Eggon,2024-05-01,305.7569659,311.4694242,300.6966171,0.0011477
Nasarawa-Eggon,2024-05-02,304.4722965,309.2727889,300.393607,0.0002806
Nasarawa-Eggon,2024-05-03,304.356872,308.9350309,300.8838184,0.0002197
Nasarawa-Eggon,2024-05-04,304.6877695,309.5792493,300.3211449,0.0002531
Nasarawa-Eggon,2024-05-05,304.7929013,308.6153988,301.1070371,2.76e-05
Nasarawa-Eggon,2024-05-06,304.8155186,310.3158318,300.1504856,0.003905
Ndokwa East,2024-05-01,301.5302676,306.9695134,299.6570717,0.0092176
Ndokwa East,2024-05-02,300.8341975,305.3041893,299.0209268,0.0062473
Ndokwa East,2024-05-03,300.5962809,304.4213169,298.483488,0.0068497
Ndokwa East,2024-05-04,301.1172504,306.5161256,298.9372089,0.0093433
Ndokwa East,2024-05-05,301.7775503,307.4632164,297.9199494,0.0025998
Ndokwa East,2024-05-06,301.5221221,305.0272269,298.8535331,0.0016933
Ndokwa West,2024-05-01,301.3039794,306.7421021,299.416739,0.0112863
Ndokwa West,2024-05-02,300.6570356,305.3643128,298.7525024,0.0070396
Ndokwa West,2024-05-03,300.5525738,304.5448841,298.219699,0.0060023
Ndokwa West,2024-05-04,301.1369219,306.7029276,298.9099986,0.009323
Ndokwa West,2024-05-05,301.6916962,307.4742969,297.7306752,0.0030233
Ndokwa West,2024-05-06,301.2768541,304.9076245,298.4900732,0.0015207
Nembe,2024-05-01,301.5550775,304.3442927,300.070653,0.0117454
Nembe,2024-05-02,300.7346793,303.7716899,298.9536911,0.0127876
Nembe,2024-05-03,300.4507017,302.2980266,298.9640613,0.0051046
Nembe,2024-05-04,301.5566656,304.5373751,299.4146631,0.0042589
Nembe,2024-05-05,301.6996605,304.8306584,298.8068461,0.0015067
Nembe,2024-05-06,301.0632742,303.2633273,299.479897,0.0072312
Ngala,2024-05-01,310.3413955,317.5606451,302.6652944,8.5234632e-07
Ngala,2024-05-02,310.2430192,317.3822523,301.5721462,8.5234632e-07
Ngala,2024-05-03,309.929486,316.8688587,301.7001046,0
Ngala,2024-05-04,309.4441087,316.3637565,302.1461062,1.2814998e-06
Ngala,2024-05-05,310.2934238,316.167452,304.3628376,8.7022784e-07
Ngala,2024-05-06,309.9601671,316.2988101,302.3984784,0
Nganzai,2024-05-01,308.8619664,316.1039037,301.366124,8.5234632e-07
Nganzai,2024-05-02,308.8502877,316.5575507,299.3459134,8.5234632e-07
Nganzai,2024-05-03,308.1399815,315.9170753,298.7311679,0
Nganzai,2024-05-04,308.3567495,315.2842562,301.4131379,1.2814998e-06
Nganzai,2024-05-05,308.485917,315.0620582,301.5859134,6.46e-05
Nganzai,2024-05-06,308.9648116,315.4612271,301.5135524,0
Ngaski,2024-05-01,307.0525521,312.3228476,302.6833853,0.0002584
Ngaski,2024-05-02,306.4226303,311.0647197,302.4461484,4.18e-05
Ngaski,2024-05-03,306.3660769,310.7444628,302.3864947,3.1585899e-06
Ngaski,2024-05-04,306.758627,311.7262175,301.8929534,1.9875519e-06
Ngaski,2024-05-05,307.1858289,312.0791723,302.0710457,3.9396691e-06
Ngaski,2024-05-06,307.0974034,312.045876,302.7564381,9.57e-05
Ngor-Okpala,2024-05-01,301.2891182,306.8730358,299.3231005,0.0059792
Ngor-Okpala,2024-05-02,300.4441323,305.4703705,298.7752379,0.0138157
Ngor-Okpala,2024-05-03,299.9843923,302.6316438,298.1673284,0.0049139
Ngor-Okpala,2024-05-04,300.7021718,304.9390701,297.7775818,0.004133
Ngor-Okpala,2024-05-05,301.2686099,306.4869444,297.6310539,0.0050503
Ngor-Okpala,2024-05-06,301.1781741,304.4492929,298.2921826,0.0026107
Nguru,2024-05-01,308.789731,315.8929989,300.9162037,8.5234632e-07
Nguru,2024-05-02,307.888449,315.9954202,298.1584476,8.5234632e-07
Nguru,2024-05-03,307.587969,316.3281307,297.4241182,0
Nguru,2024-05-04,307.3788517,316.0304797,296.9225363,1.2814998e-06
Nguru,2024-05-05,307.5891479,315.8824626,297.1665744,8.7022784e-07
Nguru,2024-05-06,308.5486055,315.4780351,301.4600754,0
Ningi,2024-05-01,305.8448955,312.1932427,299.6691059,2.8612829e-06
Ningi,2024-05-02,304.9449825,310.9816906,300.1341147,5.62e-05
Ningi,2024-05-03,304.8210369,310.5209105,299.9306767,2.4385256e-07
Ningi,2024-05-04,305.2836114,311.5358184,299.4536058,5.21e-05
Ningi,2024-05-05,305.771997,312.1678844,299.6301324,1.2030708e-06
Ningi,2024-05-06,304.6800123,311.5642572,299.1822916,8.09e-05
Njaba,2024-05-01,301.2148094,307.1265148,299.1177011,0.0058727
Njaba,2024-05-02,300.1568008,305.7729371,298.4796265,0.0190795
Njaba,2024-05-03,299.7880621,304.0137569,297.9944916,0.0096851
Njaba,2024-05-04,300.6176396,306.0097641,297.6653722,0.0044059
Njaba,2024-05-05,301.1913858,307.0193406,297.371963,0.0067049
Njaba,2024-05-06,301.0328196,304.7170778,297.9868597,0.001353
Njikoka,2024-05-01,302.0963702,308.4279542,299.4728729,0.0037149
Njikoka,2024-05-02,301.043441,306.1834798,298.9908973,0.0039744
Njikoka,2024-05-03,301.1298983,306.0202086,298.8910384,0.0051517
Njikoka,2024-05-04,301.7291891,307.1856329,298.6613428,0.0025904
Njikoka,2024-05-05,302.1142983,307.9646719,298.499852,0.0037773
Njikoka,2024-05-06,301.9862077,306.1846711,299.1482139,0.0006124
Nkanu East,2024-05-01,303.664146,310.4344663,300.7061368,0.0010235
Nkanu East,2024-05-02,302.4595486,307.3187699,299.8569077,0.0005328
Nkanu East,2024-05-03,302.2295594,307.6901984,299.6172489,0.006772
Nkanu East,2024-05-04,302.7039431,307.6832575,299.1794121,0.0007707
Nkanu East,2024-05-05,303.3718503,309.6894918,299.5085838,0.0020486
Nkanu East,2024-05-06,303.4393211,308.6269354,300.1800888,0.0007421
Nkanu West,2024-05-01,303.1535917,309.9663872,300.2529905,0.0012688
Nkanu West,2024-05-02,301.9420125,306.9717152,299.4041897,0.0007745
Nkanu West,2024-05-03,301.9127352,307.3249096,299.2269935,0.0074644
Nkanu West,2024-05-04,302.3199974,307.4552382,298.7792254,0.0009831
Nkanu West,2024-05-05,302.8735763,309.3744241,299.015669,0.0025628
Nkanu West,2024-05-06,302.939545,307.9664295,299.7590913,0.0006944
Nkwerre,2024-05-01,301.3869238,307.8852255,299.0988852,0.0051694
Nkwerre,2024-05-02,300.2292879,305.9496166,298.4250132,0.0180726
Nkwerre,2024-05-03,299.8659015,304.3688411,298.0148151,0.0104388
Nkwerre,2024-05-04,300.6987295,306.1682643,297.516291,0.0035206
Nkwerre,2024-05-05,301.2322391,307.4276049,297.3883339,0.0077537
Nkwerre,2024-05-06,301.1787082,305.1023196,298.2521914,0.00115
Nnewi North,2024-05-01,301.8680107,308.5022617,299.3687517,0.0055105
Nnewi North,2024-05-02,300.854487,306.3089954,298.7922562,0.0046597
Nnewi North,2024-05-03,300.7599295,305.6897774,298.5348711,0.0059625
Nnewi North,2024-05-04,301.3882557,306.8788254,298.454023,0.0039506
Nnewi North,2024-05-05,301.8380957,307.9326644,297.7211501,0.0038244
Nnewi North,2024-05-06,301.7487956,305.9299156,298.6744056,0.0005997
Nnewi South,2024-05-01,301.5996559,307.95243,299.2257099,0.0064693
Nnewi South,2024-05-02,300.5299687,305.8876152,298.6439632,0.0079427
Nnewi South,2024-05-03,300.41033,305.0451709,298.3754974,0.0081886
Nnewi South,2024-05-04,301.0728469,306.404285,298.1132399,0.0044482
Nnewi South,2024-05-05,301.5173734,307.5452591,297.622036,0.0054955
Nnewi South,2024-05-06,301.4458821,305.4785193,298.542877,0.000836
Nsit Atai,2024-05-01,300.9003968,304.9196836,298.1763368,0.0148606
Nsit Atai,2024-05-02,300.175702,303.4296527,298.7671094,0.0101615
Nsit Atai,2024-05-03,299.7268318,301.9337197,298.1809682,0.0062301
Nsit Atai,2024-05-04,301.0846625,303.8066374,298.6224682,0.0010125
Nsit Atai,2024-05-05,301.3863972,304.3470928,299.048181,0.0078698
Nsit Atai,2024-05-06,301.0098567,303.727523,299.0398246,0.0066772
Nsit Ibom,2024-05-01,301.0695136,305.3921115,298.3994904,0.011678
Nsit Ibom,2024-05-02,300.2256963,303.9937894,298.7419452,0.0092826
Nsit Ibom,2024-05-03,299.7299307,302.2607382,297.8385254,0.0059489
Nsit Ibom,2024-05-04,300.9884085,304.1909291,298.2878586,0.0011083
Nsit Ibom,2024-05-05,301.2858192,304.6506951,298.36604,0.0080179
Nsit Ibom,2024-05-06,300.993126,303.9686284,298.7446037,0.0047298
Nsit Ubium,2024-05-01,300.9262178,304.7805492,298.30957,0.0170366
Nsit Ubium,2024-05-02,300.1918177,303.2623295,298.7672526,0.0115919
Nsit Ubium,2024-05-03,299.8363463,301.9689559,298.2339848,0.0068788
Nsit Ubium,2024-05-04,301.1570545,303.851532,298.722587,0.0010704
Nsit Ubium,2024-05-05,301.3841126,304.3877237,298.9094991,0.0087552
Nsit Ubium,2024-05-06,301.0055718,303.7168934,299.1423042,0.0068791
Nsukka,2024-05-01,302.6020124,308.959678,299.3606342,0.0005224
Nsukka,2024-05-02,301.5250408,307.0342794,298.4669913,0.000617
Nsukka,2024-05-03,301.7223215,306.8628804,298.4473933,0.0035801
Nsukka,2024-05-04,302.0165068,307.5845865,298.4428164,0.0079899
Nsukka,2024-05-05,302.224712,308.2346886,298.3834975,0.0015414
Nsukka,2024-05-06,302.2475237,307.3168345,298.9790377,0.0011205
Numan,2024-05-01,309.3707723,314.6966818,304.983309,8.5234632e-07
Numan,2024-05-02,308.4362223,313.4900657,303.5591977,9.7223273e-06
Numan,2024-05-03,307.6212322,312.2374048,302.9960669,3.42e-05
Numan,2024-05-04,307.5062163,312.9153879,302.2635129,6.64e-05
Numan,2024-05-05,307.8760298,313.1456172,303.9335135,0.000101
Numan,2024-05-06,307.9057804,313.6366926,302.9808381,0.0001556
Nwangele,2024-05-01,301.3296804,307.6314281,299.0869959,0.0053908
Nwangele,2024-05-02,300.1859715,305.8520903,298.3774538,0.0183114
Nwangele,2024-05-03,299.7769791,304.1646696,297.9688636,0.0102731
Nwangele,2024-05-04,300.6066532,305.9853205,297.3952848,0.0034257
Nwangele,2024-05-05,301.1583765,307.3207293,297.2789891,0.0074064
Nwangele,2024-05-06,301.1105317,304.943318,298.1674622,0.0011922
Obafemi-Owode,2024-05-01,302.7219881,306.9751323,300.4603485,0.0006296
Obafemi-Owode,2024-05-02,302.2018848,306.5165335,299.6578607,0.0020844
Obafemi-Owode,2024-05-03,301.8573025,307.4367366,298.9102437,0.0043733
Obafemi-Owode,2024-05-04,302.0048935,307.3281963,298.1405115,0.0003217
Obafemi-Owode,2024-05-05,302.3047137,305.8703101,298.6895458,0.0012913
Obafemi-Owode,2024-05-06,302.3412728,307.243898,299.410486,0.0006632
Obanliku,2024-05-01,301.0295654,306.3761311,297.6118998,0.0069655
Obanliku,2024-05-02,299.958678,304.268512,297.2673273,0.0082044
Obanliku,2024-05-03,298.9963759,303.0279181,296.8625498,0.0057485
Obanliku,2024-05-04,299.4917396,303.5638763,296.1534347,0.0008751
Obanliku,2024-05-05,299.8720765,304.2716459,296.5902417,0.0024505
Obanliku,2024-05-06,300.1405228,304.4490674,296.8640514,0.0021753
Obi,2024-05-01,,,,
Obi,2024-05-02,,,,
Obi,2024-05-03,,,,
Obi,2024-05-04,,,,
Obi,2024-05-05,,,,
Obi,2024-05-06,,,,
Obi Ngwa,2024-05-01,301.1941413,306.3077252,299.2734214,0.0040038
Obi Ngwa,2024-05-02,300.3834531,304.8873364,298.7581615,0.0091896
Obi Ngwa,2024-05-03,299.8545772,302.4983251,297.8911247,0.0054319
Obi Ngwa,2024-05-04,300.7987611,304.7828287,298.0028473,0.0015301
Obi Ngwa,2024-05-05,301.0940049,305.6803973,297.9829783,0.0078453
Obi Ngwa,2024-05-06,301.0639451,304.2915097,298.4626055,0.0028664
Obia/Akpor,2024-05-01,301.2447139,305.4657352,299.7482077,0.0088135
Obia/Akpor,2024-05-02,300.595362,304.3413718,299.1421396,0.0108348
Obia/Akpor,2024-05-03,300.1366632,302.5296681,298.2940538,0.0083433
Obia/Akpor,2024-05-04,301.3064598,304.7356439,298.6591982,0.0017659
Obia/Akpor,2024-05-05,301.5942836,305.7147223,298.5923327,0.005581
Obia/Akpor,2024-05-06,301.1454564,304.0204637,299.1367141,0.0088169
Obokun,2024-05-01,300.695732,306.3790958,298.4311981,0.0031471
Obokun,2024-05-02,300.5826533,305.7181092,297.6754968,0.0007605
Obokun,2024-05-03,300.248544,306.1115525,297.4329218,0.0029186
Obokun,2024-05-04,300.4362703,306.8504422,296.6351436,0.0002697
Obokun,2024-05-05,300.9279603,306.5461459,297.2735168,0.0003326
Obokun,2024-05-06,300.14881,304.3553918,297.7958906,0.000214
Obot Akara,2024-05-01,301.3066175,306.7876273,299.2553002,0.003673
Obot Akara,2024-05-02,300.392443,304.6085655,298.7158435,0.008143
Obot Akara,2024-05-03,299.7778682,302.6804199,297.8650185,0.0053442
Obot Akara,2024-05-04,300.713232,305.1472884,297.7317664,0.0016307
Obot Akara,2024-05-05,301.0012975,305.8225274,297.912775,0.0087547
Obot Akara,2024-05-06,301.1771072,304.6111804,298.4402766,0.0028378
Obowo,2024-05-01,301.5517364,307.7835485,299.3532543,0.0042134
Obowo,2024-05-02,300.4038179,305.4502527,298.5958624,0.0111972
Obowo,2024-05-03,299.8565371,303.6119933,298.2905019,0.0102768
Obowo,2024-05-04,300.6620213,305.6149641,297.4233491,0.0037282
Obowo,2024-05-05,301.2450335,306.9504418,297.7229255,0.0069386
Obowo,2024-05-06,301.3868716,305.0938133,298.4047937,0.001034
Obubra,2024-05-01,303.1668582,308.9950922,300.3766129,0.0027285
Obubra,2024-05-02,302.0972441,306.3343579,300.0146474,0.0020527
Obubra,2024-05-03,301.9831857,306.5011708,299.5255277,0.00419
Obubra,2024-05-04,302.156685,305.4987905,299.3292019,0.0002428
Obubra,2024-05-05,302.7726562,307.6155413,299.221219,0.0011973
Obubra,2024-05-06,302.7709436,308.0474223,299.9088517,0.0034773
Obudu,2024-05-01,303.4784509,309.2238723,299.7599511,0.0068821
Obudu,2024-05-02,301.9563572,306.9482935,299.2356865,0.0082744
Obudu,2024-05-03,300.9698451,305.2559741,298.6167311,0.0047678
Obudu,2024-05-04,301.6792904,305.6432993,298.1574602,0.0002778
Obudu,2024-05-05,302.1372553,307.3043303,298.7171452,0.0014579
Obudu,2024-05-06,302.3194765,307.3001409,299.1229118,0.0023822
Odeda,2024-05-01,302.7253274,307.3193826,300.2588181,0.0004858
Odeda,2024-05-02,302.2275706,307.0839775,299.5803942,0.001522
Odeda,2024-05-03,302.0733166,308.4035012,299.2547102,0.0038114
Odeda,2024-05-04,302.2821559,308.1219791,298.23693,0.0003838
Odeda,2024-05-05,302.3907011,306.529246,298.735571,0.0010768
Odeda,2024-05-06,302.4360073,307.6514817,299.124611,0.0003584
Odigbo,2024-05-01,301.140607,305.5636366,299.4779175,0.015142
Odigbo,2024-05-02,300.8935572,304.7408964,298.8711348,0.0050844
Odigbo,2024-05-03,300.3931988,304.0165974,298.2065346,0.0048612
Odigbo,2024-05-04,300.479168,304.4842933,297.404493,0.0057558
Odigbo,2024-05-05,301.27652,304.9266226,298.5200623,0.0026115
Odigbo,2024-05-06,300.7255061,304.1808775,298.6873784,0.0015129
Odo-Otin,2024-05-01,300.9695143,306.9470222,298.3614128,0.0012714
Odo-Otin,2024-05-02,300.9125417,306.5186775,297.7561691,0.0004729
Odo-Otin,2024-05-03,300.6201623,306.4899586,297.8025376,0.0015843
Odo-Otin,2024-05-04,300.8042885,307.2239562,296.7654397,0.0003337
Odo-Otin,2024-05-05,301.3274094,307.1391753,297.250271,0.0001205
Odo-Otin,2024-05-06,300.4482645,304.85475,298.0373694,0.0003611
Odogbolu,2024-05-01,302.3772752,306.4269898,300.601306,0.0026991
Odogbolu,2024-05-02,301.9608085,305.7531188,299.7448054,0.005754
Odogbolu,2024-05-03,301.4872355,305.7280602,299.1035206,0.0039936
Odogbolu,2024-05-04,301.8627451,306.0857087,298.4789266,0.000502
Odogbolu,2024-05-05,302.3535827,305.5838142,299.2406301,0.001347
Odogbolu,2024-05-06,301.9647436,305.9332435,299.4106808,0.0033788
Odukpani,2024-05-01,301.3081287,306.2537967,298.7917993,0.0072338
Odukpani,2024-05-02,300.4846496,304.4094193,299.0453648,0.0088689
Odukpani,2024-05-03,299.9016783,302.488887,298.2880409,0.0045991
Odukpani,2024-05-04,300.9376977,304.1623445,298.4310457,0.0015536
Odukpani,2024-05-05,301.2916036,305.224605,298.5193669,0.0074313
Odukpani,2024-05-06,301.2991422,304.4836066,298.8122648,0.0072149
Offa,2024-05-01,301.58716,307.8991876,298.5944179,0.0006267
Offa,2024-05-02,301.5292525,307.4266538,298.0301324,0.0003764
Offa,2024-05-03,301.2463441,307.320099,298.0398177,0.0008198
Offa,2024-05-04,301.528672,308.2437399,297.1227206,0.0001396
Offa,2024-05-05,301.9455568,308.2804384,297.4930393,0.0001249
Offa,2024-05-06,301.0214143,306.0151535,298.3822928,0.0006196
Ofu,2024-05-01,303.7726506,310.4208905,300.2968833,0.000705
Ofu,2024-05-02,302.8288598,308.7375654,299.3338958,0.000311
Ofu,2024-05-03,302.9060381,308.0008061,299.3939617,0.0005262
Ofu,2024-05-04,303.3163062,309.400787,299.0213332,0.0036746
Ofu,2024-05-05,303.4297875,309.6087121,299.1336124,0.0002698
Ofu,2024-05-06,303.4193884,308.8531094,299.5356745,0.0004771
Ogba/Egbema/Ndoni,2024-05-01,301.3593272,306.4762023,299.6665321,0.0107067
Ogba/Egbema/Ndoni,2024-05-02,300.7036178,304.9724742,299.0611877,0.0121047
Ogba/Egbema/Ndoni,2024-05-03,300.3176106,303.1668391,298.4097357,0.007446
Ogba/Egbema/Ndoni,2024-05-04,300.8652156,305.7224878,298.6819881,0.0089784
Ogba/Egbema/Ndoni,2024-05-05,301.4682597,307.0085192,297.8214636,0.0050886
Ogba/Egbema/Ndoni,2024-05-06,301.3796328,304.7791751,298.8878841,0.0023696
Ogbadibo,2024-05-01,303.4429798,310.1415719,299.9223715,0.0005089
Ogbadibo,2024-05-02,302.3551452,307.7771559,298.9341336,0.0007428
Ogbadibo,2024-05-03,302.3293527,307.6229354,298.7587467,0.0053667
Ogbadibo,2024-05-04,302.5734937,308.1595292,298.7008317,0.0047365
Ogbadibo,2024-05-05,302.9969997,309.0597976,298.7967396,0.0005734
Ogbadibo,2024-05-06,302.8675111,308.5159199,299.2585932,0.0019005
Ogbaru,2024-05-01,301.9926233,308.2369539,299.7244672,0.0058732
Ogbaru,2024-05-02,301.0800577,306.298847,299.0118256,0.0040227
Ogbaru,2024-05-03,300.8865691,305.5671145,298.7245052,0.0060364
Ogbaru,2024-05-04,301.4425576,307.0407851,298.8222112,0.0052845
Ogbaru,2024-05-05,302.138765,308.1351214,297.991332,0.001082
Ogbaru,2024-05-06,301.8950449,305.6088895,299.0082881,0.0006334
Ogbia,2024-05-01,301.3682806,304.515991,299.9741301,0.0135483
Ogbia,2024-05-02,300.6403343,303.8891166,298.7151131,0.0161512
Ogbia,2024-05-03,300.3638108,302.113369,298.9338302,0.0039257
Ogbia,2024-05-04,301.2559613,304.7537387,299.0105618,0.0064824
Ogbia,2024-05-05,301.5393948,305.2035904,298.3770682,0.0022902
Ogbia,2024-05-06,300.9595127,303.4353759,299.1151899,0.0060876
Ogbomosho North,2024-05-01,302.25275,308.4360597,299.1521846,0.0010548
Ogbomosho North,2024-05-02,302.1660092,308.2725725,298.5299705,0.0004422
Ogbomosho North,2024-05-03,302.1839284,309.0016012,298.5596642,0.0014156
Ogbomosho North,2024-05-04,302.3024785,308.6400085,297.6827661,0.0002128
Ogbomosho North,2024-05-05,302.6316386,308.6566759,297.9627223,0.0002549
Ogbomosho North,2024-05-06,301.9106771,306.6850972,298.9003951,3.42e-05
Ogbomosho South,2024-05-01,302.3052585,308.4799468,299.2334203,0.0007265
Ogbomosho South,2024-05-02,302.2052716,308.3732669,298.6224509,0.0005425
Ogbomosho South,2024-05-03,302.2366588,309.0844285,298.6586434,0.0017478
Ogbomosho South,2024-05-04,302.3521294,308.7086901,297.7425123,0.0003077
Ogbomosho South,2024-05-05,302.6831774,308.5852772,298.0343034,0.000319
Ogbomosho South,2024-05-06,301.9508811,306.660286,298.9755935,3.62e-05
Ogo Oluwa,2024-05-01,302.1515479,308.1450138,299.2939237,0.00058
Ogo Oluwa,2024-05-02,301.9903288,308.0472048,298.6480451,0.0006392
Ogo Oluwa,2024-05-03,302.0385982,308.7155672,298.7385215,0.0022549
Ogo Oluwa,2024-05-04,302.0993798,308.3130264,297.6853795,0.0003064
Ogo Oluwa,2024-05-05,302.47226,308.030905,298.0791231,0.0002895
Ogo Oluwa,2024-05-06,301.7616585,306.2780799,298.8877321,7.99e-05
Ogoja,2024-05-01,304.3913363,310.3269068,300.7168848,0.0042631
Ogoja,2024-05-02,303.0538245,307.7533999,300.3950164,0.0036368
Ogoja,2024-05-03,302.4139963,307.388531,299.9422619,0.0026415
Ogoja,2024-05-04,302.8404861,306.674673,299.4254985,4.43e-05
Ogoja,2024-05-05,303.4281895,308.9532604,299.7145541,0.0009594
Ogoja,2024-05-06,303.4105308,309.0609353,300.2766179,0.0026451
Ogori/Magongo,2024-05-01,301.7794639,308.0751248,298.9496947,0.0015073
Ogori/Magongo,2024-05-02,301.5331938,307.2021075,298.1076469,0.0006712
Ogori/Magongo,2024-05-03,301.4229771,307.243349,298.1464705,0.0009824
Ogori/Magongo,2024-05-04,301.8724595,308.1349759,297.4671985,0.0001103
Ogori/Magongo,2024-05-05,301.9446166,308.5485936,298.1206553,0.0021204
Ogori/Magongo,2024-05-06,302.3163959,308.5527514,298.213403,0.0001688
Ogu/Bolo,2024-05-01,301.2488445,304.3200573,300.0321773,0.0130764
Ogu/Bolo,2024-05-02,300.5607907,303.2005798,299.3623612,0.0145256
Ogu/Bolo,2024-05-03,300.2823849,302.4071745,298.7472194,0.0181043
Ogu/Bolo,2024-05-04,301.6411849,304.1214294,299.4842191,0.0011678
Ogu/Bolo,2024-05-05,301.6669232,304.6592644,299.2051101,0.0036489
Ogu/Bolo,2024-05-06,301.1937108,303.515687,299.5914207,0.0071475
Ogun waterside,2024-05-01,302.1399485,305.5367397,300.8409693,0.0096475
Ogun waterside,2024-05-02,301.6802839,304.4632311,299.2546441,0.0066692
Ogun waterside,2024-05-03,300.9508558,303.5146239,299.0639218,0.0054468
Ogun waterside,2024-05-04,301.4206491,304.7904729,298.1642953,0.0023185
Ogun waterside,2024-05-05,302.2326345,304.9949351,299.7765014,0.001552
Ogun waterside,2024-05-06,301.6933476,304.7437803,299.5202008,0.0053427
Oguta,2024-05-01,301.6587327,307.4887861,299.6995689,0.0079165
Oguta,2024-05-02,300.7232237,305.7711252,298.8853132,0.0096399
Oguta,2024-05-03,300.3547107,304.3437542,298.3343585,0.0089713
Oguta,2024-05-04,300.9735977,306.1915342,298.4241666,0.0065073
Oguta,2024-05-05,301.7041882,307.5539388,297.5991068,0.0024414
Oguta,2024-05-06,301.5390506,305.1277021,298.6655912,0.001307
Ohafia,2024-05-01,302.409923,308.4994357,299.9380047,0.0023323
Ohafia,2024-05-02,301.1424065,305.2910655,299.2795224,0.0048457
Ohafia,2024-05-03,300.6797447,304.569835,298.8959484,0.0064189
Ohafia,2024-05-04,301.3270041,305.5273914,298.4071315,0.0016658
Ohafia,2024-05-05,301.8026781,306.876569,298.3214038,0.0055936
Ohafia,2024-05-06,302.098589,306.1909167,299.0585562,0.0023235
Ohaji/Egbema,2024-05-01,301.3915501,306.9397136,299.5821316,0.0090801
Ohaji/Egbema,2024-05-02,300.597056,305.3382261,298.9598916,0.0155721
Ohaji/Egbema,2024-05-03,300.1924752,303.1372567,298.2900063,0.0075845
Ohaji/Egbema,2024-05-04,300.8094195,305.6295018,298.318271,0.0067409
Ohaji/Egbema,2024-05-05,301.4808957,307.1526358,297.6247893,0.0046451
Ohaji/Egbema,2024-05-06,301.3651166,304.8695395,298.661577,0.0025505
Ohaozara,2024-05-01,303.4229994,309.7879725,300.7355399,0.0009702
Ohaozara,2024-05-02,302.1227532,306.3968735,299.9669076,0.0012166
Ohaozara,2024-05-03,301.7421428,306.6225027,299.6524621,0.0076943
Ohaozara,2024-05-04,302.3143685,306.7213561,299.1993677,0.0006926
Ohaozara,2024-05-05,302.887226,308.7499301,299.406118,0.0036218
Ohaozara,2024-05-06,303.0336751,307.7374673,300.0062248,0.0016073
Ohaukwu,2024-05-01,304.2724626,310.6415377,301.0840213,0.0004229
Ohaukwu,2024-05-02,303.2657465,308.0188549,300.3175402,0.0006877
Ohaukwu,2024-05-03,302.8757417,308.5403723,300.0155374,0.0052476
Ohaukwu,2024-05-04,303.1979405,307.5846512,299.570801,0.0003301
Ohaukwu,2024-05-05,303.8955198,310.0044072,299.9067148,0.0010357
Ohaukwu,2024-05-06,303.9597631,309.5503496,300.5692063,0.0024157
Ohimini,2024-05-01,304.8344457,311.447523,301.0771127,0.0028362
Ohimini,2024-05-02,303.7205474,308.7468506,300.0249807,0.0003143
Ohimini,2024-05-03,303.3359382,308.7421841,299.7726413,0.0012004
Ohimini,2024-05-04,303.768892,309.2864724,299.546352,0.0005883
Ohimini,2024-05-05,304.4132547,310.2601367,299.9780477,0.0001724
Ohimini,2024-05-06,304.2973243,310.3236329,300.4851998,0.0018063
Oji-River,2024-05-01,302.300715,308.7480333,299.7403423,0.0027825
Oji-River,2024-05-02,301.0361858,306.1098438,298.9854546,0.0032907
Oji-River,2024-05-03,301.1223044,306.099907,298.8042505,0.0069585
Oji-River,2024-05-04,301.6737575,306.8108115,298.3802795,0.0022069
Oji-River,2024-05-05,302.1313361,308.5365055,298.6131667,0.0040841
Oji-River,2024-05-06,302.1723266,306.5513863,299.2135895,0.0010849
Ojo,2024-05-01,302.4653872,304.5145687,301.1093936,0.0011887
Ojo,2024-05-02,302.4022063,304.5559898,300.3427286,0.0017914
Ojo,2024-05-03,302.098462,305.1387665,300.3272774,0.0018247
Ojo,2024-05-04,302.2490457,304.753505,299.7543467,0.0004806
Ojo,2024-05-05,302.8518082,304.94579,301.1569822,0.0004212
Ojo,2024-05-06,302.3024001,304.8571795,300.4642448,0.0025758
Oju,2024-05-01,304.9909236,310.9874471,301.4559612,0.0016385
Oju,2024-05-02,304.0284098,308.7341236,300.6941154,0.0004528
Oju,2024-05-03,303.4004534,308.8534613,300.3910083,0.0022798
Oju,2024-05-04,303.6570245,308.0100695,299.9579534,5.96e-05
Oju,2024-05-05,304.3777272,310.3690664,300.260467,0.000289
Oju,2024-05-06,304.4693415,310.0966152,300.9073669,0.0030023
Oke-Ero,2024-05-01,302.4897193,308.6293447,299.1167104,0.0012567
Oke-Ero,2024-05-02,302.5879667,308.6270185,298.3520924,0.0001703
Oke-Ero,2024-05-03,302.0369617,307.8283041,298.5313399,0.0003537
Oke-Ero,2024-05-04,302.7297632,309.5317249,298.0467742,5.83e-05
Oke-Ero,2024-05-05,302.7713757,309.4555311,298.22824,0.0006663
Oke-Ero,2024-05-06,302.2821275,309.1274283,298.7862483,0.0012261
Okehi,2024-05-01,303.5232138,309.9862747,300.1610824,0.001082
Okehi,2024-05-02,303.1936516,309.1144301,299.335701,0.000288
Okehi,2024-05-03,303.0768088,308.7661066,299.3389053,0.0009034
Okehi,2024-05-04,303.5448721,309.7760755,298.8937816,0.0003611
Okehi,2024-05-05,303.6291316,310.3072692,299.2707317,0.0010145
Okehi,2024-05-06,304.0765994,310.2215034,299.4683926,8.85e-05
Okene,2024-05-01,302.9819597,309.4600552,299.8522032,0.0014258
Okene,2024-05-02,302.5998074,308.232812,299.1190579,0.0004682
Okene,2024-05-03,302.5587845,308.2484738,299.0532524,0.0006308
Okene,2024-05-04,302.9529275,309.1963627,298.4581985,0.0007375
Okene,2024-05-05,303.0647675,309.6850965,298.9910579,0.0014612
Okene,2024-05-06,303.4148015,309.5096604,299.1459885,0.0001004
Okigwe,2024-05-01,301.9023324,308.7131189,299.5376425,0.004168
Okigwe,2024-05-02,300.652981,305.9625374,298.7489688,0.0096114
Okigwe,2024-05-03,300.309611,304.906296,298.5218405,0.0100529
Okigwe,2024-05-04,301.0634537,306.3605257,297.8654921,0.0018742
Okigwe,2024-05-05,301.6133707,308.0881594,298.0231691,0.0069396
Okigwe,2024-05-06,301.6465488,306.0362396,298.6461605,0.0006974
Okitipupa,2024-05-01,301.4594807,305.8235324,299.9531613,0.0144283
Okitipupa,2024-05-02,301.1692839,304.9652158,298.7971955,0.0064357
Okitipupa,2024-05-03,300.4653843,303.4832958,298.4234475,0.0048857
Okitipupa,2024-05-04,300.7330089,304.3576668,297.6719863,0.0075559
Okitipupa,2024-05-05,301.4898168,304.9688949,298.6185632,0.0029176
Okitipupa,2024-05-06,301.002643,304.5044482,298.6994465,0.0023289
Okobo,2024-05-01,300.9316911,304.8167683,298.2434373,0.0165125
Okobo,2024-05-02,300.2828483,303.2633077,298.8572813,0.0097049
Okobo,2024-05-03,299.8187604,301.8511722,298.4015338,0.0076453
Okobo,2024-05-04,301.2612731,303.6963038,298.9864807,0.0008944
Okobo,2024-05-05,301.5424399,304.2151198,299.3838267,0.0061326
Okobo,2024-05-06,301.142771,303.6386928,299.3358766,0.0069531
Okpe,2024-05-01,301.0402752,305.497792,299.688996,0.0141793
Okpe,2024-05-02,300.6611781,304.7561315,298.2250902,0.0089737
Okpe,2024-05-03,300.2342573,303.4245321,298.4619841,0.0104396
Okpe,2024-05-04,300.5724984,304.935281,298.3590969,0.007619
Okpe,2024-05-05,301.3233634,305.9655271,298.1908372,0.001899
Okpe,2024-05-06,300.7629854,303.9410363,298.833522,0.0052154
Okpokwu,2024-05-01,304.5781619,311.103893,301.0065973,0.0004799
Okpokwu,2024-05-02,303.5246159,308.709456,299.9521932,0.0005475
Okpokwu,2024-05-03,303.1974219,308.8310335,299.6885296,0.0037654
Okpokwu,2024-05-04,303.513336,308.9911817,299.4127829,0.0011334
Okpokwu,2024-05-05,304.177685,310.3244276,299.8001128,0.0003532
Okpokwu,2024-05-06,304.1319513,310.0830927,300.3076601,0.0016097
Okrika,2024-05-01,301.2935123,304.4657489,300.1196621,0.0115113
Okrika,2024-05-02,300.6352192,303.3737067,299.3809201,0.0128424
Okrika,2024-05-03,300.3145495,302.4350456,298.8058623,0.0230133
Okrika,2024-05-04,301.6344612,304.1709569,299.4497092,0.0014966
Okrika,2024-05-05,301.6915905,304.7042027,299.1256852,0.0030569
Okrika,2024-05-06,301.2069329,303.4102083,299.6208848,0.0073991
Ola-oluwa,2024-05-01,301.8020361,307.7253317,299.4601218,0.0013318
Ola-oluwa,2024-05-02,301.614101,306.9956637,298.7030198,0.0005602
Ola-oluwa,2024-05-03,301.6493672,307.7144247,298.9064332,0.0025199
Ola-oluwa,2024-05-04,301.6500656,307.6882942,297.629505,0.0001896
Ola-oluwa,2024-05-05,302.1010163,307.031225,298.1448438,0.0001083
Ola-oluwa,2024-05-06,301.3969089,305.5210049,298.9620625,0.0002029
Olamabolo,2024-05-01,303.3279097,310.0568153,299.6638395,0.001423
Olamabolo,2024-05-02,302.1986691,307.8786023,298.6742098,0.0008141
Olamabolo,2024-05-03,302.276934,307.2460949,298.5567099,0.0030344
Olamabolo,2024-05-04,302.6418519,308.2903126,298.6859338,0.0035864
Olamabolo,2024-05-05,302.8529726,308.785119,298.6154716,0.0003715
Olamabolo,2024-05-06,302.6068941,308.2405827,299.0212213,0.0017909
Olorunda,2024-05-01,301.2026852,307.0136822,298.7795388,0.0018805
Olorunda,2024-05-02,301.063243,306.3889915,298.0759871,0.0006175
Olorunda,2024-05-03,300.8204539,306.8220273,297.971562,0.0021134
Olorunda,2024-05-04,300.9506724,307.258332,296.9178952,0.0001111
Olorunda,2024-05-05,301.4941943,307.0881548,297.5108596,0.0002084
Olorunda,2024-05-06,300.6907345,304.6948623,298.4029233,0.0001145
Olorunsogo,2024-05-01,303.4829385,310.5861038,299.3972854,0.002106
Olorunsogo,2024-05-02,302.9119072,309.7710148,298.7029692,0.0011333
Olorunsogo,2024-05-03,303.0936177,310.2519261,298.5672352,0.000753
Olorunsogo,2024-05-04,303.4311764,310.0652906,298.1537006,3.89e-05
Olorunsogo,2024-05-05,303.7464151,310.5309667,298.3388825,5.7e-05
Olorunsogo,2024-05-06,302.8866092,308.8990115,299.0044441,0.000423
Oluyole,2024-05-01,302.2552736,307.15715,300.0691752,0.001557
Oluyole,2024-05-02,301.8247552,306.4230659,299.2714132,0.0018406
Oluyole,2024-05-03,301.6381915,307.4935263,298.5546795,0.0042232
Oluyole,2024-05-04,301.6894784,307.5271282,297.4004889,0.0005056
Oluyole,2024-05-05,301.977664,305.7929056,298.2682525,0.0014448
Oluyole,2024-05-06,301.7246272,306.4781521,299.1754853,0.0009569
Omala,2024-05-01,305.1257392,311.7026242,300.7502275,0.0072019
Omala,2024-05-02,303.9954306,309.2654162,300.0123748,0.0001272
Omala,2024-05-03,303.6589452,308.7545471,300.0966735,0.0005856
Omala,2024-05-04,304.4284797,309.9876935,300.1483335,0.0009315
Omala,2024-05-05,304.2333607,309.3319111,300.0567156,0.0002705
Omala,2024-05-06,304.2021429,310.0993083,300.1526861,0.0033956
Omumma,2024-05-01,301.1226956,305.8613781,299.3460109,0.0054895
Omumma,2024-05-02,300.4252125,304.9706528,298.8555381,0.0098167
Omumma,2024-05-03,299.9719105,302.4268548,298.0263857,0.0042612
Omumma,2024-05-04,300.8733124,304.5876761,298.0513053,0.0017662
Omumma,2024-05-05,301.2429147,305.7687034,298.0940583,0.0059022
Omumma,2024-05-06,301.0178887,304.0879392,298.6350884,0.0054921
Ona-Ara,2024-05-01,301.910209,306.9519023,299.9110183,0.0029429
Ona-Ara,2024-05-02,301.5987115,306.2706999,299.0360031,0.0016531
Ona-Ara,2024-05-03,301.4431452,307.1977863,298.4344048,0.0041367
Ona-Ara,2024-05-04,301.4393814,307.1884586,297.1980621,0.0004084
Ona-Ara,2024-05-05,301.754332,305.7303395,298.0905531,0.0015108
Ona-Ara,2024-05-06,301.3656744,305.7876085,299.1288672,0.0008043
Ondo East,2024-05-01,300.5215486,305.4395361,298.7068591,0.009655
Ondo East,2024-05-02,300.3387394,304.6728804,298.1917955,0.0017771
Ondo East,2024-05-03,300.1092464,304.9504497,297.6087311,0.0050749
Ondo East,2024-05-04,300.1691749,305.4052966,296.8518193,0.0008173
Ondo East,2024-05-05,300.821599,305.4064169,297.7694894,0.0013848
Ondo East,2024-05-06,300.239349,304.005724,298.3591364,0.0003891
Ondo West,2024-05-01,300.7748393,305.4238885,299.0993333,0.0128189
Ondo West,2024-05-02,300.5520111,304.5985303,298.4479405,0.0031994
Ondo West,2024-05-03,300.3052611,304.7743573,297.7696045,0.0044413
Ondo West,2024-05-04,300.297305,305.0185537,296.9365047,0.0027304
Ondo West,2024-05-05,300.9508621,304.8544935,298.0773642,0.0020555
Ondo West,2024-05-06,300.3675365,303.8621768,298.6452195,0.0007478
Onicha,2024-05-01,303.676214,310.06448,300.8383696,0.0007308
Onicha,2024-05-02,302.4093958,306.7976951,300.0843082,0.0008741
Onicha,2024-05-03,302.0323309,307.1914259,299.7627653,0.0082273
Onicha,2024-05-04,302.5223617,306.9264661,299.3268167,0.0006104
Onicha,2024-05-05,303.1914135,308.9635433,299.5118456,0.0028344
Onicha,2024-05-06,303.2953769,308.255819,300.179822,0.0015632
Onitsha North,2024-05-01,302.5608656,309.1945954,299.8733917,0.0024962
Onitsha North,2024-05-02,301.6609024,307.1198757,299.3752492,0.0023803
Onitsha North,2024-05-03,301.6521322,306.8727535,299.3279027,0.0036425
Onitsha North,2024-05-04,302.2113984,307.9581069,299.2571918,0.0029864
Onitsha North,2024-05-05,302.8551284,308.8324047,298.5916824,0.0013689
Onitsha North,2024-05-06,302.5706819,306.8260745,299.5688728,0.0003191
Onitsha South,2024-05-01,302.3901919,309.167192,299.7650827,0.002746
Onitsha South,2024-05-02,301.4942523,307.0037371,299.1886446,0.0029395
Onitsha South,2024-05-03,301.4344268,306.630037,299.1180745,0.0031326
Onitsha South,2024-05-04,302.0209878,307.7165831,299.1162596,0.0028978
Onitsha South,2024-05-05,302.6178491,308.6392755,298.3163427,0.0014936
Onitsha South,2024-05-06,302.3635247,306.6355551,299.2504705,0.000318
Onna,2024-05-01,300.9887236,304.5388828,298.5320723,0.0182891
Onna,2024-05-02,300.2639945,303.2022538,298.8526145,0.0132947
Onna,2024-05-03,300.0165574,302.0063959,298.410806,0.0082818
Onna,2024-05-04,301.366184,303.8783334,299.0145855,0.0010923
Onna,2024-05-05,301.5387179,304.3639342,299.1515024,0.0099893
Onna,2024-05-06,301.088145,303.7874926,299.5076442,0.0076579
Opobo/Nkoro,2024-05-01,301.1805725,303.6633197,299.4585643,0.0124859
Opobo/Nkoro,2024-05-02,300.5336044,302.7310208,299.007408,0.0119949
Opobo/Nkoro,2024-05-03,300.3833334,302.1745044,298.5928633,0.0153939
Opobo/Nkoro,2024-05-04,301.915404,303.7299724,299.9277768,0.000578
Opobo/Nkoro,2024-05-05,301.7952347,303.6514326,299.9847683,0.0026287
Opobo/Nkoro,2024-05-06,301.3353163,302.819627,299.9844373,0.0067971
Oredo,2024-05-01,300.9772559,305.5188003,299.2154534,0.0187635
Oredo,2024-05-02,300.7189108,304.7674226,298.5811333,0.0080073
Oredo,2024-05-03,300.3199433,303.6775722,298.8134888,0.0046451
Oredo,2024-05-04,300.4798745,305.1355365,298.0902424,0.0055465
Oredo,2024-05-05,301.3355311,306.0832141,297.9373553,0.0017317
Oredo,2024-05-06,300.894121,303.9535469,298.94104,0.0008417
Orelope,2024-05-01,303.204047,310.4352918,299.1690657,0.0037259
Orelope,2024-05-02,302.4174584,309.2878235,298.4979334,0.0021984
Orelope,2024-05-03,302.5437156,309.50748,298.4113289,0.0010155
Orelope,2024-05-04,302.9893501,309.4846674,297.824941,3.02e-05
Orelope,2024-05-05,303.3647774,309.9505091,298.12078,6.96e-05
Orelope,2024-05-06,302.5261138,308.4258051,298.6211452,0.0002335
Orhionmwon,2024-05-01,300.8782601,306.0756728,298.9262738,0.0123378
Orhionmwon,2024-05-02,300.2997113,304.7432906,298.3101756,0.0090631
Orhionmwon,2024-05-03,300.2950606,304.8419084,298.2690972,0.005659
Orhionmwon,2024-05-04,300.6882102,306.119371,298.4304326,0.0074975
Orhionmwon,2024-05-05,301.4425357,306.9860737,297.7660616,0.0022039
Orhionmwon,2024-05-06,300.8357927,304.3122979,298.4394728,0.0012221
Ori Ire,2024-05-01,302.8208438,309.5149681,299.2568231,0.0009936
Ori Ire,2024-05-02,302.600517,309.1198433,298.5692482,0.0006252
Ori Ire,2024-05-03,302.6760583,310.046234,298.5834136,0.0013884
Ori Ire,2024-05-04,302.8768969,309.4542709,297.8607386,0.0001273
Ori Ire,2024-05-05,303.1189755,309.5638509,298.0887535,0.0001578
Ori Ire,2024-05-06,302.3929171,307.8523509,298.9176805,0.0002702
Oriade,2024-05-01,300.5968071,305.9494413,298.6006265,0.0047795
Oriade,2024-05-02,300.3995039,305.2689806,297.7633559,0.0008227
Oriade,2024-05-03,300.1598052,305.8806681,297.3581158,0.0049099
Oriade,2024-05-04,300.2658061,306.3465115,296.5607541,0.0003143
Oriade,2024-05-05,300.7716701,306.2552935,297.4187676,0.000614
Oriade,2024-05-06,300.0967155,304.3096037,297.8108866,0.0001767
Orlu,2024-05-01,301.3750571,307.7196256,299.1324797,0.0054324
Orlu,2024-05-02,300.2773965,305.9355595,298.5225767,0.0166976
Orlu,2024-05-03,299.9988571,304.4993869,298.1899702,0.0100846
Orlu,2024-05-04,300.7816437,306.2731945,297.755162,0.0041959
Orlu,2024-05-05,301.3011838,307.3315897,297.4428463,0.0072626
Orlu,2024-05-06,301.1955283,305.0110795,298.3370471,0.0011387
Orolu,2024-05-01,301.3553952,307.2490495,298.87435,0.0013078
Orolu,2024-05-02,301.2082011,306.6406652,298.1880137,0.0005395
Orolu,2024-05-03,301.0217644,307.0631723,298.2304166,0.0017626
Orolu,2024-05-04,301.133998,307.3794119,297.0422733,6.58e-05
Orolu,2024-05-05,301.6751253,307.2115303,297.5716879,0.0001504
Orolu,2024-05-06,300.8888895,304.8366697,298.5970903,0.0001035
Oron,2024-05-01,300.9747651,304.6331482,298.3432465,0.0181066
Oron,2024-05-02,300.3770097,303.1104584,298.89888,0.0094054
Oron,2024-05-03,299.9058571,301.815979,298.3593445,0.0092727
Oron,2024-05-04,301.4059111,303.6264496,299.3712463,0.0008157
Oron,2024-05-05,301.628032,303.9979553,299.6309662,0.005236
Oron,2024-05-06,301.22645,303.4254303,299.4490051,0.0068194
Orsu,2024-05-01,301.4538926,307.6948893,299.2126714,0.0059446
Orsu,2024-05-02,300.3835719,305.9154433,298.6048757,0.0137139
Orsu,2024-05-03,300.151205,304.6485208,298.2902,0.0095466
Orsu,2024-05-04,300.8806676,306.334414,297.932436,0.0045779
Orsu,2024-05-05,301.4024657,307.3920946,297.5083844,0.0063229
Orsu,2024-05-06,301.286457,305.0719191,298.4280436,0.0010536
Oru East,2024-05-01,301.4491138,307.443463,299.3323277,0.0064735
Oru East,2024-05-02,300.4080251,305.9228617,298.6274851,0.0147047
Oru East,2024-05-03,300.0487878,304.3595402,298.1654561,0.009317
Oru East,2024-05-04,300.8023364,306.2439746,297.956694,0.0049856
Oru East,2024-05-05,301.416898,307.3439268,297.4402892,0.0049712
Oru East,2024-05-06,301.2677532,304.9176167,298.2706539,0.0011857
Oru West,2024-05-01,301.6083344,307.654431,299.4577797,0.0067476
Oru West,2024-05-02,300.5712699,306.0264357,298.7189526,0.0115267
Oru West,2024-05-03,300.2361049,304.6553743,298.2792864,0.0092132
Oru West,2024-05-04,300.9324355,306.4581691,298.1474396,0.0053717
Oru West,2024-05-05,301.5796171,307.5904588,297.5323403,0.0038642
Oru West,2024-05-06,301.4288804,305.0388638,298.4475736,0.0010323
Oruk Anam,2024-05-01,301.0446102,305.1391269,298.8486122,0.0085344
Oruk Anam,2024-05-02,300.2155642,303.9488225,298.783972,0.0092145
Oruk Anam,2024-05-03,299.774644,302.3210864,297.8339907,0.0108819
Oruk Anam,2024-05-04,301.0791483,304.2752468,298.4420403,0.0008539
Oruk Anam,2024-05-05,301.3570446,304.8968583,298.6300465,0.008669
Oruk Anam,2024-05-06,301.0245878,303.9319239,298.9431439,0.004844
Orumba North,2024-05-01,302.1677802,308.5329245,299.6772467,0.0046505
Orumba North,2024-05-02,300.9586509,305.9505702,299.030496,0.0047459
Orumba North,2024-05-03,300.9719675,305.7407139,298.8287825,0.0074651
Orumba North,2024-05-04,301.6066704,306.8802988,298.4614702,0.0030856
Orumba North,2024-05-05,302.1007523,308.269757,298.596362,0.0053105
Orumba North,2024-05-06,302.074876,306.3479658,299.215919,0.000969
Orumba South,2024-05-01,301.947861,308.4335382,299.5456629,0.0045332
Orumba South,2024-05-02,300.7207839,305.701207,298.8335756,0.0065244
Orumba South,2024-05-03,300.6122441,305.3462523,298.6166677,0.0082708
Orumba South,2024-05-04,301.2501398,306.4949473,298.0704532,0.0029268
Orumba South,2024-05-05,301.7480344,308.0403495,298.0946724,0.0063574
Orumba South,2024-05-06,301.7732035,306.1573918,298.8565045,0.0009144
Ose,2024-05-01,301.4392504,306.9378152,298.7284488,0.0039749
Ose,2024-05-02,301.140677,306.5753516,298.7457585,0.0013356
Ose,2024-05-03,300.8656803,305.7845545,298.7464696,0.0044089
Ose,2024-05-04,301.3933254,307.2872858,297.7240827,0.0003754
Ose,2024-05-05,301.9529979,308.1666219,298.537395,0.0031549
Ose,2024-05-06,301.7874193,306.9322663,298.7874505,0.000262
Oshimili North,2024-05-01,302.48706,309.2117924,299.7747395,0.0026964
Oshimili North,2024-05-02,301.6290595,306.8101606,299.4617804,0.0015237
Oshimili North,2024-05-03,301.7892412,307.0085476,299.4368523,0.0031635
Oshimili North,2024-05-04,302.2701468,308.1310829,299.3752265,0.0038766
Oshimili North,2024-05-05,302.9528047,308.7967334,298.8639423,0.0006497
Oshimili North,2024-05-06,302.586546,307.0242009,299.747936,0.0003047
Oshimili South,2024-05-01,302.2960255,308.9709175,299.8025748,0.0036357
Oshimili South,2024-05-02,301.492346,306.8349506,299.3087158,0.0023355
Oshimili South,2024-05-03,301.4772594,306.6931536,299.15009,0.0025211
Oshimili South,2024-05-04,302.0380693,307.8436901,299.3186279,0.004007
Oshimili South,2024-05-05,302.7314669,308.6859261,298.5230572,0.0006382
Oshimili South,2024-05-06,302.3714114,306.5358476,299.4089455,0.0002718
Oshodi-Isolo,2024-05-01,302.6107301,305.2341482,301.0377501,0.0007814
Oshodi-Isolo,2024-05-02,302.5073689,305.1365907,300.3469316,0.0014336
Oshodi-Isolo,2024-05-03,302.0360124,305.5661413,299.9669599,0.005021
Oshodi-Isolo,2024-05-04,302.4480336,305.375225,299.8891895,0.0004073
Oshodi-Isolo,2024-05-05,302.8987239,305.3628188,300.8454889,0.0004486
Oshodi-Isolo,2024-05-06,302.4024544,305.5352036,300.3790592,0.0024152
Osisioma Ngwa,2024-05-01,301.1336427,306.1579367,299.2375085,0.004498
Osisioma Ngwa,2024-05-02,300.382254,305.0170599,298.7609017,0.0103207
Osisioma Ngwa,2024-05-03,299.9468199,302.3787541,298.0636575,0.0040742
Osisioma Ngwa,2024-05-04,300.7462709,304.6874242,297.968568,0.0018122
Osisioma Ngwa,2024-05-05,301.1239791,305.747745,297.9850891,0.0058611
Osisioma Ngwa,2024-05-06,301.027151,304.1479881,298.5030986,0.0031636
Osogbo,2024-05-01,301.154772,306.9812154,298.8862632,0.0020915
Osogbo,2024-05-02,300.9839789,306.1836139,298.1087831,0.0007258
Osogbo,2024-05-03,300.7359171,306.7471386,297.8826275,0.0025932
Osogbo,2024-05-04,300.8393608,307.1547917,296.9025525,0.0001652
Osogbo,2024-05-05,301.3984173,306.7929356,297.5507706,0.0002337
Osogbo,2024-05-06,300.6136232,304.5871736,298.4291312,0.0001503
Oturkpo,2024-05-01,305.1865603,311.9739028,301.0797351,0.0048699
Oturkpo,2024-05-02,304.0168185,309.0451373,300.2553845,0.0001981
Oturkpo,2024-05-03,303.5277671,308.9098266,300.0200362,0.0008327
Oturkpo,2024-05-04,304.0262787,309.4513102,299.7732562,0.0003178
Oturkpo,2024-05-05,304.6866157,310.3936505,300.2416209,4.94e-05
Oturkpo,2024-05-06,304.615491,310.7085768,300.7610946,0.0023476
Ovia North East,2024-05-01,301.0647674,305.6043757,299.0014598,0.0152639
Ovia North East,2024-05-02,300.8341267,304.8932882,298.8079326,0.0052768
Ovia North East,2024-05-03,300.3502225,303.8900982,298.7163441,0.0061534
Ovia North East,2024-05-04,300.654025,305.6614584,297.9408412,0.0039408
Ovia North East,2024-05-05,301.4962206,306.5813684,298.0109215,0.0023379
Ovia North East,2024-05-06,301.0858486,304.7700097,298.8139804,0.000771
Ovia South West,2024-05-01,301.0433185,305.5570912,299.2050919,0.0176808
Ovia South West,2024-05-02,300.8884288,304.792904,298.8764321,0.0075872
Ovia South West,2024-05-03,300.294931,303.6461824,298.65043,0.0056171
Ovia South West,2024-05-04,300.5138791,305.0603915,298.0145604,0.0069861
Ovia South West,2024-05-05,301.3023575,305.7893117,298.0517216,0.0022048
Ovia South West,2024-05-06,300.8822784,304.4291061,298.739392,0.0009323
Owan East,2024-05-01,301.8208432,308.0432248,298.8116368,0.0025528
Owan East,2024-05-02,301.2701129,306.557798,298.737502,0.0007236
Owan East,2024-05-03,301.3065821,306.6298846,298.9572543,0.0022413
Owan East,2024-05-04,301.8074994,307.7068712,297.8349043,0.0006603
Owan East,2024-05-05,302.293793,308.5717476,298.6448915,0.002005
Owan East,2024-05-06,302.1761112,307.5938223,298.8289599,0.0001325
Owan West,2024-05-01,301.663647,307.4612273,298.7916848,0.0046263
Owan West,2024-05-02,301.1323001,306.055894,298.8867202,0.0010008
Owan West,2024-05-03,301.0445746,305.8011914,299.013771,0.0039058
Owan West,2024-05-04,301.5823025,307.4168148,297.9337695,0.0004991
Owan West,2024-05-05,302.2167641,308.3094589,298.6787469,0.0043545
Owan West,2024-05-06,301.9474569,306.7337847,298.9985865,0.0001434
Owerri-Municipal,2024-05-01,301.4493465,307.4358514,299.4811798,0.0081452
Owerri-Municipal,2024-05-02,300.461265,305.7826568,298.7412633,0.0174338
Owerri-Municipal,2024-05-03,299.913094,303.4185371,298.1010557,0.0072071
Owerri-Municipal,2024-05-04,300.7306932,305.4288047,297.7891177,0.0046187
Owerri-Municipal,2024-05-05,301.4474458,307.2315661,297.6160934,0.0047219
Owerri-Municipal,2024-05-06,301.2724808,304.8712822,298.1496158,0.0017607
Owerri North,2024-05-01,301.3696963,307.2994747,299.3690347,0.0072756
Owerri North,2024-05-02,300.4056396,305.5917204,298.7043075,0.0165017
Owerri North,2024-05-03,299.8694382,303.1966012,298.1327482,0.0069412
Owerri North,2024-05-04,300.6648509,305.259772,297.5997939,0.0043129
Owerri North,2024-05-05,301.3321401,306.9991749,297.473709,0.0050667
Owerri North,2024-05-06,301.2317967,304.6957437,298.1782173,0.0018352
Owerri West,2024-05-01,301.4128294,307.2493901,299.4925897,0.0082722
Owerri West,2024-05-02,300.5301613,305.6611735,298.8503043,0.016743
Owerri West,2024-05-03,300.0265659,303.137235,298.204064,0.0064378
Owerri West,2024-05-04,300.763304,305.4076028,297.9749037,0.0054252
Owerri West,2024-05-05,301.4596943,307.1124026,297.5957595,0.0046947
Owerri West,2024-05-06,301.3007856,304.8020924,298.3067932,0.0023947
Owo,2024-05-01,301.0782608,306.7337516,298.6545113,0.0042089
Owo,2024-05-02,300.8601025,306.2922402,298.5519719,0.0014773
Owo,2024-05-03,300.5808794,305.7369835,298.3834621,0.0041858
Owo,2024-05-04,301.0179898,307.0112631,297.4467188,0.0004138
Owo,2024-05-05,301.5406917,307.3052618,298.4290554,0.0032644
Owo,2024-05-06,301.3180052,306.4919876,298.4587289,0.0002702
Oye,2024-05-01,300.7277846,306.4931179,298.1298884,0.0027676
Oye,2024-05-02,300.7618706,306.6177412,297.18748,0.0003339
Oye,2024-05-03,300.3324552,306.041288,297.5695439,0.0014979
Oye,2024-05-04,300.8209438,307.1316964,296.7128263,0.000112
Oye,2024-05-05,301.1082025,306.8501119,297.2248231,0.0004016
Oye,2024-05-06,300.7703735,306.5541096,297.6305632,0.000799
Oyi,2024-05-01,302.3798189,308.9107544,299.6836815,0.0028854
Oyi,2024-05-02,301.4066442,306.6850961,299.2488631,0.0027819
Oyi,2024-05-03,301.4728864,306.5043071,299.2046759,0.0046073
Oyi,2024-05-04,302.0122071,307.6203987,299.0147464,0.0028341
Oyi,2024-05-05,302.5463117,308.3784583,298.710863,0.0023955
Oyi,2024-05-06,302.2961217,306.5110095,299.4473217,0.000452
Oyigbo,2024-05-01,301.1047038,305.0097823,299.6460787,0.0089137
Oyigbo,2024-05-02,300.3832714,303.8022262,298.9537393,0.0100135
Oyigbo,2024-05-03,299.9520284,302.4307466,298.0252183,0.0097236
Oyigbo,2024-05-04,301.2121951,304.5220989,298.5922124,0.0013587
Oyigbo,2024-05-05,301.3876204,305.2826337,298.5260287,0.0067219
Oyigbo,2024-05-06,300.9850574,303.7520732,298.9915945,0.0073908
Oyo East,2024-05-01,302.1082958,308.120358,299.4977666,0.0013275
Oyo East,2024-05-02,301.8635814,307.5038772,298.7540116,0.0006418
Oyo East,2024-05-03,301.9545224,308.6181022,298.9046495,0.003293
Oyo East,2024-05-04,302.0310018,308.1535148,297.730811,0.000198
Oyo East,2024-05-05,302.3441887,307.614648,298.2056184,0.0002504
Oyo East,2024-05-06,301.7715333,306.3643371,298.7821415,0.0001001
Oyo West,2024-05-01,302.5179406,308.5863359,299.6179535,0.0009288
Oyo West,2024-05-02,302.227891,308.2486434,298.8887495,0.0008667
Oyo West,2024-05-03,302.3058815,309.7029925,299.0252871,0.0043738
Oyo West,2024-05-04,302.5075954,308.8128736,297.8615119,0.000145
Oyo West,2024-05-05,302.7401258,308.3003542,298.3819114,0.0003197
Oyo West,2024-05-06,302.279424,307.4918918,298.7925041,4.92e-05
Oyun,2024-05-01,301.6929332,307.9369167,298.6658577,0.0005959
Oyun,2024-05-02,301.6303435,307.5420868,298.0847209,0.0003358
Oyun,2024-05-03,301.3701633,307.4916728,298.1036931,0.0007819
Oyun,2024-05-04,301.6441471,308.3117597,297.2004732,0.000127
Oyun,2024-05-05,302.0333188,308.3467199,297.547627,0.0001728
Oyun,2024-05-06,301.1456591,306.1520455,298.4447726,0.0005353
Paikoro,2024-05-01,305.3592409,309.5099445,301.366032,0.0008061
Paikoro,2024-05-02,303.9923594,308.7132019,300.4277663,0.0027426
Paikoro,2024-05-03,303.624989,307.7196165,300.2734986,2.9771193e-07
Paikoro,2024-05-04,304.7783148,309.3434936,300.3777087,0.0001072
Paikoro,2024-05-05,304.8297919,309.6985563,300.5817755,0.0001993
Paikoro,2024-05-06,304.6225455,309.6227163,300.3574095,0.0007547
Pankshin,2024-05-01,303.631402,308.625528,298.4339772,8.81e-05
Pankshin,2024-05-02,302.0494497,307.151755,297.549694,0.0004237
Pankshin,2024-05-03,301.6190463,306.7984146,297.9701471,0.0004733
Pankshin,2024-05-04,301.5144355,306.8997408,296.3380248,9.85e-05
Pankshin,2024-05-05,301.3023831,306.9420579,297.2665548,0.0014448
Pankshin,2024-05-06,301.4905831,307.1651873,296.5409071,0.0005267
Patani,2024-05-01,301.3289346,304.9390019,299.9543006,0.0151568
Patani,2024-05-02,300.8856644,304.2793591,298.7893408,0.0063268
Patani,2024-05-03,300.4055754,302.4914934,298.7748212,0.0057305
Patani,2024-05-04,300.912651,305.4632462,298.8498395,0.0093176
Patani,2024-05-05,301.4308104,305.9928836,298.1609616,0.0035736
Patani,2024-05-06,301.0819967,304.1387119,298.9828817,0.0058017
Pategi,2024-05-01,305.756179,311.5195918,301.5620172,0.0002493
Pategi,2024-05-02,305.6971358,311.6470217,300.9097024,0.0002763
Pategi,2024-05-03,305.471135,311.0466674,301.1062375,0.0001488
Pategi,2024-05-04,306.0650894,312.5534998,300.8439654,0.0001426
Pategi,2024-05-05,305.6892127,312.0905343,300.8731359,0.0003597
Pategi,2024-05-06,305.6580574,312.5961221,300.9473209,0.0003783
Port-Harcourt,2024-05-01,301.2963132,305.0981632,299.9502238,0.0096337
Port-Harcourt,2024-05-02,300.6429732,303.8794622,299.285686,0.0112922
Port-Harcourt,2024-05-03,300.2186772,302.5329669,298.5228597,0.0158071
Port-Harcourt,2024-05-04,301.4771621,304.5330003,299.0775694,0.0014697
Port-Harcourt,2024-05-05,301.6475951,305.3318015,298.7405727,0.0042402
Port-Harcourt,2024-05-06,301.1760979,303.7277893,299.3461759,0.008373
Potiskum,2024-05-01,308.4584743,314.2156241,302.5953752,8.5234632e-07
Potiskum,2024-05-02,307.0456508,313.9137955,300.3924815,8.5234632e-07
Potiskum,2024-05-03,306.3429649,312.9978147,299.8750365,0
Potiskum,2024-05-04,306.7832603,313.1469147,300.4033742,1.2814998e-06
Potiskum,2024-05-05,307.1888523,313.3744586,300.7472661,1.2151433e-06
Potiskum,2024-05-06,306.9977607,312.8400264,301.4788714,3.12e-05
Qua'an Pan,2024-05-01,307.2622799,312.8338884,302.8615544,0.0005712
Qua'an Pan,2024-05-02,305.6576647,310.446818,301.2120499,0.0001015
Qua'an Pan,2024-05-03,305.4486051,310.0451399,302.0506022,0.000555
Qua'an Pan,2024-05-04,305.0249431,309.8850379,300.743637,7.07e-05
Qua'an Pan,2024-05-05,305.6783799,310.1681919,301.6371268,0.0004537
Qua'an Pan,2024-05-06,305.6290675,311.4197921,301.3046827,0.0026294
Rabah,2024-05-01,308.872398,315.9279073,298.8665048,8.5234632e-07
Rabah,2024-05-02,308.8366114,314.9295436,303.4958792,8.880363e-07
Rabah,2024-05-03,308.769483,314.1413201,303.8192808,0
Rabah,2024-05-04,308.9947762,315.3688836,302.7276948,1.2814998e-06
Rabah,2024-05-05,309.1035669,315.5112302,302.3950768,8.7022784e-07
Rabah,2024-05-06,308.2459843,314.9107259,303.4701285,0.0005326
Rafi,2024-05-01,306.526543,311.3201282,301.8551589,0.0001614
Rafi,2024-05-02,305.6470377,309.2209595,301.8883811,0.0001646
Rafi,2024-05-03,305.7425296,310.5204221,301.4663106,6.498291e-06
Rafi,2024-05-04,306.1061258,311.1291185,301.1966666,1.77e-05
Rafi,2024-05-05,305.9542702,311.2037159,301.3020766,0.0001548
Rafi,2024-05-06,305.80087,311.1122084,301.2490248,0.0002612
Rano,2024-05-01,305.3524779,312.5436246,299.2345227,1.89e-05
Rano,2024-05-02,305.4226612,311.4920172,300.9377488,3.77e-05
Rano,2024-05-03,305.2757635,311.3044375,300.2797224,0
Rano,2024-05-04,305.77908,312.0199506,299.9612216,2.17443e-06
Rano,2024-05-05,306.511775,313.0687677,300.4618756,9.2451967e-07
Rano,2024-05-06,305.477533,312.0448634,299.9977222,2.822841e-06
Remo North,2024-05-01,302.5035667,306.9583363,300.3808605,0.001687
Remo North,2024-05-02,301.9775592,306.2834977,299.4570496,0.0032761
Remo North,2024-05-03,301.6283199,307.13192,298.2732402,0.0035427
Remo North,2024-05-04,301.8042292,307.3221299,297.5198224,0.0004307
Remo North,2024-05-05,302.2129851,305.7135309,298.6111168,0.0014289
Remo North,2024-05-06,302.0508514,306.8110535,299.3168581,0.0018231
Rijau,2024-05-01,306.6647318,312.4479376,301.8908656,0.0001093
Rijau,2024-05-02,306.0266003,310.9466783,301.9606522,0.0001294
Rijau,2024-05-03,305.8810984,310.4914731,301.8564027,3.411723e-06
Rijau,2024-05-04,306.2081787,311.4574225,301.1280389,2.0907935e-06
Rijau,2024-05-05,306.5468023,311.5005793,301.3495818,1.2293323e-06
Rijau,2024-05-06,306.4633097,311.6868233,301.9744389,0.000302
Rimi,2024-05-01,306.5515085,314.5518394,297.1383069,8.5234632e-07
Rimi,2024-05-02,306.6745626,313.2914298,300.4893654,8.5234632e-07
Rimi,2024-05-03,306.5686978,312.7834884,300.6766664,0
Rimi,2024-05-04,306.8671153,313.1904798,300.900501,1.2814998e-06
Rimi,2024-05-05,306.688921,313.3990524,299.234599,8.7022784e-07
Rimi,2024-05-06,306.4570218,312.6185802,300.1591895,1.12e-05
Rimin Gado,2024-05-01,304.6001875,312.8665885,295.8354347,1.394148e-06
Rimin Gado,2024-05-02,305.8393335,312.1721724,300.5201464,2.39e-05
Rimin Gado,2024-05-03,305.71739,312.3801806,299.9109125,0
Rimin Gado,2024-05-04,306.0290725,312.5766064,299.54916,1.2814998e-06
Rimin Gado,2024-05-05,306.7180582,313.9388501,299.8723434,8.7022784e-07
Rimin Gado,2024-05-06,306.1468219,312.7446769,299.6483392,1.9059777e-06
Ringim,2024-05-01,307.33271,314.7302034,298.2923537,9.795002e-07
Ringim,2024-05-02,307.3744029,314.8215372,300.2513015,2.374822e-06
Ringim,2024-05-03,306.8127697,313.1571794,300.3603518,0
Ringim,2024-05-04,307.2790983,314.2148381,300.2748743,1.3649185e-06
Ringim,2024-05-05,307.9130873,315.5634121,300.4429545,8.7022784e-07
Ringim,2024-05-06,307.5014124,314.112228,300.6526306,0
Riyom,2024-05-01,299.585678,303.870777,295.66896,0.0070671
Riyom,2024-05-02,298.1680201,302.787362,295.2012817,0.0048354
Riyom,2024-05-03,298.0212844,302.981969,295.0026337,0.0033301
Riyom,2024-05-04,298.0967302,303.1203712,294.3631545,0.0034368
Riyom,2024-05-05,297.7721021,303.2601326,294.6675278,0.0121047
Riyom,2024-05-06,298.2985006,303.3113412,293.790487,0.0042898
Rogo,2024-05-01,304.2346557,311.2409111,298.8246073,9.93e-05
Rogo,2024-05-02,304.3669843,310.3260343,300.0853379,9.48e-05
Rogo,2024-05-03,304.3900628,310.4396069,299.4155501,0
Rogo,2024-05-04,304.8222142,311.1365278,299.0833108,1.2814998e-06
Rogo,2024-05-05,305.2406035,311.8597051,299.5747955,9.6247886e-07
Rogo,2024-05-06,304.3521605,311.0393137,299.0832869,2.21e-05
Roni,2024-05-01,306.6682856,314.3713146,297.7547184,8.5234632e-07
Roni,2024-05-02,306.7610289,313.7991881,300.1482425,8.5234632e-07
Roni,2024-05-03,306.3964375,312.763906,300.2332316,0
Roni,2024-05-04,306.8519319,313.5197427,300.441605,1.2814998e-06
Roni,2024-05-05,307.1553576,314.2414342,299.4602711,8.7022784e-07
Roni,2024-05-06,307.0858627,313.4617454,300.3113843,1.9647155e-06
Sabon-Gari,2024-05-01,303.6494094,310.0130698,298.6841352,0.0004614
Sabon-Gari,2024-05-02,303.197235,309.2352627,299.353338,0.000747
Sabon-Gari,2024-05-03,303.5391704,309.8485684,298.5419226,0
Sabon-Gari,2024-05-04,303.9489634,310.3716679,298.3857067,3.5511458e-06
Sabon-Gari,2024-05-05,304.1517921,310.5731771,298.902444,1.5020483e-06
Sabon-Gari,2024-05-06,302.9397428,310.0427883,298.3419198,0.0015826
Sabon Birni,2024-05-01,308.0210371,316.3097819,296.8333522,8.5234632e-07
Sabon Birni,2024-05-02,308.4833017,315.2009659,302.5092222,8.5234632e-07
Sabon Birni,2024-05-03,308.3863197,314.1602513,302.863822,0
Sabon Birni,2024-05-04,308.5375186,315.3581009,301.7539695,1.2814998e-06
Sabon Birni,2024-05-05,308.4154797,315.3062813,300.9123639,8.7022784e-07
Sabon Birni,2024-05-06,308.1458065,315.0150279,302.5792798,2.710608e-06
Sabuwa,2024-05-01,303.9059977,310.3332357,299.0768261,0.0001058
Sabuwa,2024-05-02,303.7837,309.5091667,299.5935368,0.0002373
Sabuwa,2024-05-03,303.8143999,309.1699451,299.1343085,0
Sabuwa,2024-05-04,304.1375457,310.1390784,298.8430875,2.3689098e-06
Sabuwa,2024-05-05,304.3518498,310.3071129,299.1356639,1.3725891e-06
Sabuwa,2024-05-06,303.575756,310.0407917,298.781306,0.0010229
Safana,2024-05-01,305.6002677,313.4154125,295.5955809,8.5234632e-07
Safana,2024-05-02,306.2576491,312.2360265,300.5998358,8.5234632e-07
Safana,2024-05-03,306.1870039,312.012235,300.5237919,0
Safana,2024-05-04,306.5181405,312.6322199,300.0258996,1.2814998e-06
Safana,2024-05-05,306.4905605,313.1705194,299.3597239,8.7022784e-07
Safana,2024-05-06,305.6430861,312.2963772,299.6630741,0.0004408
Sagbama,2024-05-01,301.3425852,305.3503622,299.9020318,0.0146783
Sagbama,2024-05-02,300.8078747,304.2974784,298.8396192,0.0093435
Sagbama,2024-05-03,300.3573801,302.4389796,298.6794863,0.0057628
Sagbama,2024-05-04,300.9577556,305.3442351,298.8386784,0.0098874
Sagbama,2024-05-05,301.4570396,306.080685,298.1849866,0.0041502
Sagbama,2024-05-06,301.1322466,304.110149,299.0256895,0.0052899
Sakaba,2024-05-01,305.9324008,311.7776726,301.2713648,0.0001962
Sakaba,2024-05-02,305.3521281,310.2856048,301.1713603,0.0002778
Sakaba,2024-05-03,305.1267208,309.5431755,301.100274,1.8668034e-06
Sakaba,2024-05-04,305.4848592,310.6567884,300.371903,1.07e-05
Sakaba,2024-05-05,305.7825723,310.813111,300.5270038,2.6e-05
Sakaba,2024-05-06,305.5829931,311.0689063,301.0274182,0.0006006
Saki East,2024-05-01,302.9812085,310.0349772,299.1531014,0.0026846
Saki East,2024-05-02,302.421556,309.0792086,298.4633865,0.0024025
Saki East,2024-05-03,302.3963291,309.5444481,298.5855836,0.0029651
Saki East,2024-05-04,302.8547057,309.3587283,297.8155936,4.13e-05
Saki East,2024-05-05,303.2030135,309.7056484,298.1306769,8.46e-05
Saki East,2024-05-06,302.3521471,308.2242121,298.358443,0.0002159
Saki West,2024-05-01,303.028738,309.875829,299.3400469,0.0031425
Saki West,2024-05-02,302.6251807,309.1707386,298.8142516,0.0045256
Saki West,2024-05-03,302.5003665,309.413666,298.8149532,0.0042327
Saki West,2024-05-04,302.9140521,309.3240209,298.0009744,9.65e-05
Saki West,2024-05-05,303.3903223,309.6241069,298.3607963,0.0001531
Saki West,2024-05-06,302.5756344,308.2965091,298.5027037,0.0002494
Sandamu,2024-05-01,306.3805204,314.7943247,297.3695501,8.5234632e-07
Sandamu,2024-05-02,306.736783,314.0421496,299.1731624,8.5234632e-07
Sandamu,2024-05-03,306.4718552,312.8783067,299.5566107,0
Sandamu,2024-05-04,306.8301626,313.6646319,300.0328541,1.2814998e-06
Sandamu,2024-05-05,306.4371296,313.9882163,296.8740278,8.7022784e-07
Sandamu,2024-05-06,307.2435201,313.7189376,300.0322286,6.2929236e-06
Sanga,2024-05-01,303.0322349,308.0095456,298.5930216,0.0049719
Sanga,2024-05-02,301.610043,306.4899526,298.1023677,0.0005808
Sanga,2024-05-03,301.6699075,306.4483775,298.4729123,0.0011677
Sanga,2024-05-04,301.7673444,306.6021219,297.8103209,0.0011138
Sanga,2024-05-05,301.6320565,306.2153255,298.1234685,0.0031859
Sanga,2024-05-06,301.9331936,307.1528953,297.7128511,0.0043886
Sapele,2024-05-01,301.0601364,305.5930232,299.5812827,0.0168094
Sapele,2024-05-02,300.6874972,304.6839363,298.082801,0.0098343
Sapele,2024-05-03,300.2953439,303.737654,298.6505367,0.0091123
Sapele,2024-05-04,300.5135212,305.1238515,298.2688536,0.009388
Sapele,2024-05-05,301.4047131,305.8508929,298.2487769,0.0014594
Sapele,2024-05-06,300.8026832,303.7756381,298.894285,0.0024471
Sardauna,2024-05-01,298.0553912,303.7918328,293.1594578,0.0002064
Sardauna,2024-05-02,296.772416,302.4574282,292.3843475,0.014894
Sardauna,2024-05-03,295.448027,300.0628401,292.1642022,0.0069095
Sardauna,2024-05-04,296.419546,302.0607849,291.8761371,0.0064814
Sardauna,2024-05-05,295.8053449,300.3051396,292.3065236,0.0117868
Sardauna,2024-05-06,297.3158057,302.8673007,292.0070754,0.0007603
Shagamu,2024-05-01,302.6400732,306.5040773,300.7207008,0.0008336
Shagamu,2024-05-02,302.1533491,305.8845584,299.8964345,0.0043662
Shagamu,2024-05-03,301.6755537,306.174439,299.198792,0.0046817
Shagamu,2024-05-04,302.0257504,306.2827176,298.8261766,0.0003208
Shagamu,2024-05-05,302.4399778,305.5991485,299.2755665,0.0009601
Shagamu,2024-05-06,302.2084069,306.2876802,299.6696466,0.0020629
Shagari,2024-05-01,308.8393987,315.155927,302.1506375,8.5234632e-07
Shagari,2024-05-02,308.5911551,314.4504109,303.8076859,1.93e-05
Shagari,2024-05-03,308.6320944,313.834553,303.7407263,2.2193132e-06
Shagari,2024-05-04,308.8963664,314.7530389,303.3713083,1.2814998e-06
Shagari,2024-05-05,309.1500524,315.0147633,303.5106743,8.7022784e-07
Shagari,2024-05-06,307.7037005,314.4845389,302.1741662,0.0026721
Shanga,2024-05-01,308.0956493,313.748883,303.2072704,9.9406066e-06
Shanga,2024-05-02,307.1438359,312.0016569,303.0475388,8.51e-05
Shanga,2024-05-03,307.2826676,312.2117955,302.990418,1.2135952e-07
Shanga,2024-05-04,307.7568966,313.2479303,302.6001416,2.2857476e-06
Shanga,2024-05-05,308.036329,313.2539205,302.7987631,2.8079298e-06
Shanga,2024-05-06,307.9213398,313.1029651,303.5178013,0.0002832
Shani,2024-05-01,308.8809962,314.3838557,302.8267715,8.5234632e-07
Shani,2024-05-02,308.2768956,313.5234102,302.5472877,8.5234632e-07
Shani,2024-05-03,307.8894585,312.3871603,303.3841045,5.03e-05
Shani,2024-05-04,307.3058845,312.8004926,301.4850485,4.59e-05
Shani,2024-05-05,307.7685011,312.8582238,302.9549377,3.7e-05
Shani,2024-05-06,307.507995,313.0283022,302.6326813,0.0009237
Shanono,2024-05-01,304.701186,312.3757598,296.5225693,3.4468465e-06
Shanono,2024-05-02,305.6240533,311.7450188,300.4094926,7.9321174e-06
Shanono,2024-05-03,305.3908878,311.4761385,300.0141289,0
Shanono,2024-05-04,305.8102207,311.9945955,299.6953145,1.2814998e-06
Shanono,2024-05-05,306.1647817,313.0702123,299.7318494,8.7022784e-07
Shanono,2024-05-06,305.5986515,311.693011,299.6197435,2.1e-05
Shelleng,2024-05-01,308.6979189,313.67806,303.6309911,8.5234632e-07
Shelleng,2024-05-02,308.1512109,313.2515868,302.9053394,8.5234632e-07
Shelleng,2024-05-03,307.4870203,311.9946244,302.9202885,7.58e-05
Shelleng,2024-05-04,307.0720065,312.4121671,301.532221,0.0001183
Shelleng,2024-05-05,307.5437315,312.4765847,303.3311436,6.72e-05
Shelleng,2024-05-06,307.5259619,312.9618201,302.5251083,0.0011096
Shendam,2024-05-01,308.2283985,313.5950597,303.8181321,0.000176
Shendam,2024-05-02,306.3892443,311.1689234,301.7490763,2.45e-05
Shendam,2024-05-03,306.0424592,310.8793745,302.6399834,0.0002146
Shendam,2024-05-04,305.6162171,310.5724789,301.1224532,1.46e-05
Shendam,2024-05-05,306.3690022,311.1470603,302.1229586,0.0001154
Shendam,2024-05-06,306.2413273,312.1657552,302.1637601,0.0017586
Shinkafi,2024-05-01,307.621904,315.4097763,297.709288,8.5234632e-07
Shinkafi,2024-05-02,307.9681818,314.159108,302.4692442,8.5234632e-07
Shinkafi,2024-05-03,307.545984,312.3447861,302.9227663,0
Shinkafi,2024-05-04,308.1250292,314.6508965,301.9020851,1.2814998e-06
Shinkafi,2024-05-05,308.0418949,314.6300071,301.3831872,8.7022784e-07
Shinkafi,2024-05-06,307.7549956,314.2683392,302.2085488,5.6949215e-06
Shira,2024-05-01,308.518494,314.8824236,302.2393888,8.5868443e-07
Shira,2024-05-02,307.3543057,314.4067346,300.4535486,6.1755959e-06
Shira,2024-05-03,306.7922343,313.1460656,300.3979406,0
Shira,2024-05-04,306.8796465,313.5670255,300.1349872,1.2831569e-06
Shira,2024-05-05,307.2826328,314.1918513,300.2102695,8.7656595e-07
Shira,2024-05-06,306.7688116,313.2566213,300.9380794,6.27e-05
Shiroro,2024-05-01,305.5338409,309.9800995,301.3513402,0.0002683
Shiroro,2024-05-02,304.5560556,308.4574654,301.1201163,0.0002733
Shiroro,2024-05-03,304.5086302,309.0687651,300.6870604,7.8236384e-07
Shiroro,2024-05-04,305.0615706,309.8054471,300.5621558,2.11e-05
Shiroro,2024-05-05,304.9794343,309.9841336,300.708714,0.0001595
Shiroro,2024-05-06,304.5200448,309.8184747,300.5560282,0.0018233
Shomgom,2024-05-01,308.0052027,313.3281513,303.4024903,7.56203e-06
Shomgom,2024-05-02,306.797968,311.654346,301.6597352,8.5234632e-07
Shomgom,2024-05-03,306.2612938,311.0257537,301.851031,0.00014
Shomgom,2024-05-04,305.7596309,311.3385852,300.1432375,4.11e-05
Shomgom,2024-05-05,306.1627873,311.1394934,302.145637,0.0001248
Shomgom,2024-05-06,306.1224549,311.8178798,301.4893749,0.0001885
Shomolu,2024-05-01,302.6380378,305.2505965,301.1801188,0.0006563
Shomolu,2024-05-02,302.5601392,304.9389946,300.4015233,0.0019932
Shomolu,2024-05-03,302.012019,305.0035356,300.0598901,0.006511
Shomolu,2024-05-04,302.4945595,305.11281,300.1091142,0.0003327
Shomolu,2024-05-05,302.9985486,305.1969585,301.1879526,0.000399
Shomolu,2024-05-06,302.411965,305.2200749,300.4814344,0.0030419
Silame,2024-05-01,309.4119802,316.5014861,301.1610489,8.5234632e-07
Silame,2024-05-02,309.2504839,315.0713923,304.0105434,2.5986721e-06
Silame,2024-05-03,309.0902127,314.0924537,303.9746812,4.8503296e-07
Silame,2024-05-04,309.5172684,315.1718554,303.8603019,1.2814998e-06
Silame,2024-05-05,309.7551191,315.6644919,303.8910286,8.7022784e-07
Silame,2024-05-06,308.5717814,315.1735755,302.6394869,0.0015094
Soba,2024-05-01,303.5844341,309.9075298,299.0028347,0.0018492
Soba,2024-05-02,302.936866,309.0172562,299.1490614,0.0013914
Soba,2024-05-03,303.0119635,309.0115393,298.3354115,0
Soba,2024-05-04,303.6699049,310.0206561,298.2013961,2.98e-05
Soba,2024-05-05,303.9340555,310.2439515,298.8014343,3.75e-05
Soba,2024-05-06,302.3599124,309.9250022,298.1708114,0.0035255
Sokoto North,2024-05-01,309.5857443,316.4604656,301.9551107,8.5234632e-07
Sokoto North,2024-05-02,309.4797708,315.3561805,304.2475375,1.1791896e-06
Sokoto North,2024-05-03,309.3538968,314.3664026,304.4621241,0
Sokoto North,2024-05-04,309.5999349,315.3311927,303.9717215,1.2814998e-06
Sokoto North,2024-05-05,309.7853418,315.7730746,303.7864551,8.7022784e-07
Sokoto North,2024-05-06,308.9902998,315.1972689,303.8905944,0.0003355
Sokoto South,2024-05-01,309.5207302,316.2090999,301.6825999,8.5234632e-07
Sokoto South,2024-05-02,309.3486376,315.1402063,304.2226012,1.7860507e-06
Sokoto South,2024-05-03,309.2898119,314.3102126,304.4731057,0
Sokoto South,2024-05-04,309.5492669,315.2309094,303.9463269,1.2814998e-06
Sokoto South,2024-05-05,309.721126,315.6288246,303.7993573,8.7022784e-07
Sokoto South,2024-05-06,308.7914503,315.0465756,303.7706452,0.0005962
Song,2024-05-01,308.3771584,313.7898798,302.5023464,8.677371e-07
Song,2024-05-02,307.9068286,313.0340314,302.3865147,2.4045002e-06
Song,2024-05-03,307.1482893,311.8887265,302.6020099,6.14e-05
Song,2024-05-04,306.8935073,312.2823902,301.2514845,8.56e-05
Song,2024-05-05,307.2362806,312.3428203,302.7767511,0.0001104
Song,2024-05-06,307.2499399,312.6444158,301.9392762,0.0002144
Southern Ijaw,2024-05-01,301.4917439,303.7880618,300.3153578,0.0127965
Southern Ijaw,2024-05-02,300.8592325,302.8264028,299.1251797,0.0092789
Southern Ijaw,2024-05-03,300.5160305,301.7504907,299.1520991,0.0081277
Southern Ijaw,2024-05-04,301.3400032,304.0849128,299.2685613,0.0061585
Southern Ijaw,2024-05-05,301.6552545,304.435797,299.0291811,0.0015439
Southern Ijaw,2024-05-06,301.2272225,302.9008978,299.8030695,0.0061126
Sule-Tankarkar,2024-05-01,307.6893437,314.9996123,299.4428279,8.5234632e-07
Sule-Tankarkar,2024-05-02,307.4342682,314.8763211,299.8364468,8.5234632e-07
Sule-Tankarkar,2024-05-03,307.0290808,314.3152568,299.975849,0
Sule-Tankarkar,2024-05-04,306.8796591,314.4805416,299.5623223,1.2814998e-06
Sule-Tankarkar,2024-05-05,307.3708815,315.372247,299.0233133,8.7022784e-07
Sule-Tankarkar,2024-05-06,307.9596525,314.515481,300.9924437,0
Suleja,2024-05-01,304.2713229,308.4267439,300.516082,0.0005606
Suleja,2024-05-02,302.8794685,307.5650427,299.2961318,0.0033793
Suleja,2024-05-03,302.359598,306.0973386,299.3136149,5.9245194e-07
Suleja,2024-05-04,303.5832689,307.8972641,299.4686504,6.85e-05
Suleja,2024-05-05,303.695142,307.9828946,299.6320727,8.8e-05
Suleja,2024-05-06,303.5701045,308.3029495,299.3992536,0.0001342
Sumaila,2024-05-01,305.6034618,312.2407179,299.0187286,7.9022824e-06
Sumaila,2024-05-02,305.2375607,311.3885596,300.5916119,3.25e-05
Sumaila,2024-05-03,305.1137768,310.8562176,300.20223,0
Sumaila,2024-05-04,305.6962902,312.0498717,299.8954547,1.78e-05
Sumaila,2024-05-05,306.3108872,312.7502141,300.2323659,8.7022784e-07
Sumaila,2024-05-06,305.180107,311.7490745,299.5832981,8.4675667e-06
Suru,2024-05-01,308.4797645,314.9249608,302.2733176,8.5234632e-07
Suru,2024-05-02,307.343852,311.8848532,303.3903657,0.0010648
Suru,2024-05-03,307.9037425,313.2160975,302.9125126,7.5421132e-06
Suru,2024-05-04,308.5180956,314.1767234,303.1740648,1.2814998e-06
Suru,2024-05-05,308.8610985,314.4709047,303.3182308,1.6395125e-06
Suru,2024-05-06,307.8438169,314.0366031,301.4683331,0.0037742
Surulere,2024-05-01,,,,
Surulere,2024-05-02,,,,
Surulere,2024-05-03,,,,
Surulere,2024-05-04,,,,
Surulere,2024-05-05,,,,
Surulere,2024-05-06,,,,
Tafa,2024-05-01,303.7393205,307.8483536,300.0919035,0.001077
Tafa,2024-05-02,302.3286074,306.9407389,298.8606987,0.0034835
Tafa,2024-05-03,301.7789931,305.3243336,298.8345019,4.0260638e-07
Tafa,2024-05-04,303.0854271,307.407868,299.0291221,7.93e-05
Tafa,2024-05-05,303.1931303,307.5175679,299.1910736,0.0001446
Tafa,2024-05-06,303.0373393,307.7957174,298.9291456,0.0002851
Tafawa-Balewa,2024-05-01,305.5514634,311.1654575,299.6986475,7.8991667e-06
Tafawa-Balewa,2024-05-02,304.0324563,309.4003409,298.9013271,0.0005422
Tafawa-Balewa,2024-05-03,303.858397,309.4921413,299.3081177,1.65e-05
Tafawa-Balewa,2024-05-04,303.6505469,309.962086,297.4877021,7.98e-05
Tafawa-Balewa,2024-05-05,303.5274871,309.6598497,298.0934509,0.0002054
Tafawa-Balewa,2024-05-06,303.3289576,309.4200473,297.7924457,0.0002936
Tai,2024-05-01,301.1207403,304.7198115,299.7830977,0.0111115
Tai,2024-05-02,300.4163969,303.4821397,299.0725154,0.0123138
Tai,2024-05-03,300.0660237,302.3828089,298.2728662,0.0112405
Tai,2024-05-04,301.3599492,304.3150286,298.985716,0.0012704
Tai,2024-05-05,301.4772698,305.1051781,298.7370409,0.0053808
Tai,2024-05-06,301.0344837,303.6870992,299.2415812,0.0078662
Takai,2024-05-01,306.7558966,313.4312809,300.1139543,3.3031582e-06
Takai,2024-05-02,306.2475561,312.8577856,300.8928708,2.63e-05
Takai,2024-05-03,306.018597,311.9578572,300.6153905,0
Takai,2024-05-04,306.5172944,312.9965056,300.4157729,2.3958603e-06
Takai,2024-05-05,307.1179957,313.827484,300.4921207,8.700002e-07
Takai,2024-05-06,306.1416011,312.6233965,300.0079422,7.2603207e-07
Takum,2024-05-01,305.0865013,311.1279432,300.651474,0.0012275
Takum,2024-05-02,303.6331015,308.7895875,299.9622865,0.001674
Takum,2024-05-03,302.6787814,307.6786813,299.7284905,0.0011826
Takum,2024-05-04,302.7309504,308.6813381,298.9306115,0.0009437
Takum,2024-05-05,303.2315113,309.5398075,299.2482156,0.0022467
Takum,2024-05-06,303.6746757,309.6261009,299.1267606,0.0019128
Talata Mafara,2024-05-01,307.3571843,314.2390997,299.7515485,8.5234632e-07
Talata Mafara,2024-05-02,307.5600001,313.1561872,302.9130588,1.3e-05
Talata Mafara,2024-05-03,307.1748392,312.4024164,302.8706864,0
Talata Mafara,2024-05-04,307.5733377,313.5390479,302.0228445,1.2814998e-06
Talata Mafara,2024-05-05,307.787851,313.8238976,302.1526031,8.7022784e-07
Talata Mafara,2024-05-06,306.5645891,313.6302651,302.2453687,0.0011558
Tambuwal,2024-05-01,308.7389979,314.8852723,302.1389332,8.5234632e-07
Tambuwal,2024-05-02,308.1323126,314.2663003,303.6465042,6.26e-05
Tambuwal,2024-05-03,308.4906874,313.6019007,303.4031692,3.04e-05
Tambuwal,2024-05-04,308.9052848,314.7751776,303.3840361,1.2814998e-06
Tambuwal,2024-05-05,309.1725939,314.9074677,303.5100582,8.7022784e-07
Tambuwal,2024-05-06,307.6476148,314.2429897,302.0686635,0.0041744
Tangaza,2024-05-01,309.2335252,316.4104412,300.1097339,8.5234632e-07
Tangaza,2024-05-02,309.2436423,315.3208948,303.6625433,8.6633181e-07
Tangaza,2024-05-03,308.9236883,314.4819832,303.2989885,4.6196206e-07
Tangaza,2024-05-04,309.0530702,314.9452939,302.9064228,1.2814998e-06
Tangaza,2024-05-05,309.2023099,315.2021822,302.6389488,8.7022784e-07
Tangaza,2024-05-06,308.9414509,314.8579624,303.6878328,2.45e-05
Tarauni,2024-05-01,305.4458279,313.2800239,296.3114981,1.1524955e-06
Tarauni,2024-05-02,306.2906991,312.956419,300.4465498,2.08e-05
Tarauni,2024-05-03,306.1200157,312.8752579,299.9963458,0
Tarauni,2024-05-04,306.4311513,313.1301516,299.7088363,1.2814998e-06
Tarauni,2024-05-05,307.2280129,314.6352863,300.1202845,8.7022784e-07
Tarauni,2024-05-06,306.651626,313.3054804,299.9127149,0
Tarka,2024-05-01,306.7054688,313.2683885,302.3107345,0.0002533
Tarka,2024-05-02,305.4297383,310.3950788,301.4242448,0.0001908
Tarka,2024-05-03,304.7644879,309.897055,301.1942197,0.0001401
Tarka,2024-05-04,305.1775493,310.1892633,300.6023113,4.6502295e-06
Tarka,2024-05-05,305.9266894,311.4466117,301.1017763,0.0007889
Tarka,2024-05-06,305.7003966,311.9340593,301.9367162,0.0017796
Tarmua,2024-05-01,308.4285575,315.2267107,301.7592792,8.5234632e-07
Tarmua,2024-05-02,307.5238727,315.1910908,298.7589124,8.5234632e-07
Tarmua,2024-05-03,306.3118743,314.2276396,297.9184681,0
Tarmua,2024-05-04,307.2402702,314.0621466,300.8249206,1.2814998e-06
Tarmua,2024-05-05,307.5404618,314.0149111,300.5001095,2.9845985e-06
Tarmua,2024-05-06,307.6076408,313.5090998,301.6996662,0
Taura,2024-05-01,307.3180376,314.8514165,298.4949455,8.5234632e-07
Taura,2024-05-02,307.2130532,314.6386592,299.9245236,8.9103764e-07
Taura,2024-05-03,306.7365975,313.2063233,300.2368919,0
Taura,2024-05-04,307.0803362,314.1051974,300.1758394,1.2814998e-06
Taura,2024-05-05,307.6064541,315.2659149,300.0749073,8.7022784e-07
Taura,2024-05-06,307.5176945,313.9742708,300.7639636,0
Tofa,2024-05-01,305.0584121,313.0736357,296.1192542,9.507845e-07
Tofa,2024-05-02,306.1158343,312.5635633,300.5089156,1.51e-05
Tofa,2024-05-03,305.9787319,312.6066014,299.9803005,0
Tofa,2024-05-04,306.3096161,312.8599831,299.7170296,1.2814998e-06
Tofa,2024-05-05,306.9613158,314.2737083,299.9786853,8.7022784e-07
Tofa,2024-05-06,306.3881511,312.9839705,299.7854038,6.1194271e-06
Toro,2024-05-01,304.9318678,311.0556506,299.0246617,5.4816659e-06
Toro,2024-05-02,303.5966514,309.1936905,299.0252602,0.0002412
Toro,2024-05-03,303.4206008,309.0534679,299.0004832,3.85e-05
Toro,2024-05-04,303.9124983,309.907855,298.1725338,5.57e-05
Toro,2024-05-05,304.0999352,310.2911788,298.3359516,8.9223342e-06
Toro,2024-05-06,303.38539,310.2732513,297.8026693,0.0004788
Toto,2024-05-01,305.763359,311.3546987,301.5909225,0.0004671
Toto,2024-05-02,305.026762,310.3875629,300.5430218,0.0001198
Toto,2024-05-03,304.7388473,310.0746665,300.746563,0.0002414
Toto,2024-05-04,305.3480016,310.9808427,300.5395478,0.0002974
Toto,2024-05-05,305.2472463,310.6377588,300.6447035,7.19e-05
Toto,2024-05-06,305.2009027,311.1484296,300.6644769,0.0021343
Toungo,2024-05-01,304.9525359,310.9361966,299.1463624,2.03e-05
Toungo,2024-05-02,303.3916126,308.3546824,298.900874,0.0011284
Toungo,2024-05-03,301.6614965,307.1180083,297.8745148,0.001931
Toungo,2024-05-04,302.7443737,308.3265362,297.4559462,0.0007245
Toungo,2024-05-05,303.1645964,308.6899879,299.0586803,0.0012295
Toungo,2024-05-06,304.0209779,309.7098658,298.2137942,0.0002171
Tsafe,2024-05-01,305.183696,311.6895483,299.3241591,1.21e-05
Tsafe,2024-05-02,305.2434171,310.7361926,300.8280286,7.54e-05
Tsafe,2024-05-03,304.907576,309.883437,300.5536375,0
Tsafe,2024-05-04,305.2740238,311.0712773,299.926005,1.318396e-06
Tsafe,2024-05-05,305.5832343,311.6426075,300.1615737,8.7022784e-07
Tsafe,2024-05-06,304.7020553,311.0335808,299.8862561,0.0002659
Tsanyawa,2024-05-01,306.1094241,313.3640428,297.5425122,1.1364459e-06
Tsanyawa,2024-05-02,306.4400458,312.812396,300.5855774,1.1416113e-06
Tsanyawa,2024-05-03,306.1754008,312.2552213,300.3630938,0
Tsanyawa,2024-05-04,306.6874178,312.9269898,300.2716069,1.2814998e-06
Tsanyawa,2024-05-05,306.9733533,313.9662908,300.0868762,8.7022784e-07
Tsanyawa,2024-05-06,306.3110266,312.4795281,300.0784088,1.9e-05
Tudun Wada,2024-05-01,305.2387802,311.8794351,299.8288974,8.47e-05
Tudun Wada,2024-05-02,304.776901,310.770844,300.5092077,6.76e-05
Tudun Wada,2024-05-03,304.6644342,310.3918215,299.899098,7.4902822e-09
Tudun Wada,2024-05-04,305.3082122,311.5312796,299.6257279,1.72e-05
Tudun Wada,2024-05-05,305.8767458,312.2378687,300.1245007,2.892481e-06
Tudun Wada,2024-05-06,304.5481583,311.310272,299.5239246,0.0001198
Tureta,2024-05-01,308.0905345,314.8446231,300.4929951,8.5234632e-07
Tureta,2024-05-02,308.2516789,314.0663344,303.2873123,2.94e-05
Tureta,2024-05-03,308.2300587,313.7017757,303.3553432,2.27145e-09
Tureta,2024-05-04,308.3052027,314.2448764,302.5835868,1.2814998e-06
Tureta,2024-05-05,308.6392541,314.6973752,302.8015548,8.7022784e-07
Tureta,2024-05-06,307.2224799,314.3767527,302.2081424,0.0012404
Udenu,2024-05-01,302.8608913,309.2993769,299.5339549,0.0004268
Udenu,2024-05-02,301.7961577,307.0076231,298.6608681,0.000617
Udenu,2024-05-03,301.880059,307.0646459,298.5558297,0.0052897
Udenu,2024-05-04,302.1007815,307.6401743,298.4712775,0.0070644
Udenu,2024-05-05,302.5130955,308.582709,298.5523839,0.0011199
Udenu,2024-05-06,302.4771827,307.6860114,299.0730493,0.0019493
Udi,2024-05-01,302.3713038,308.9855975,299.3984696,0.00151
Udi,2024-05-02,301.1923142,306.5756857,298.6276551,0.0014091
Udi,2024-05-03,301.4433109,306.7845739,298.5640779,0.0052825
Udi,2024-05-04,301.8248022,307.2382771,298.3520946,0.0038595
Udi,2024-05-05,302.1115232,308.449806,298.3806369,0.0015612
Udi,2024-05-06,302.1900296,307.2732998,299.0733065,0.0013445
Udu,2024-05-01,301.1178683,304.9155318,299.9544567,0.013227
Udu,2024-05-02,300.7016498,304.3749304,298.4143608,0.0095117
Udu,2024-05-03,300.2361618,302.9636556,298.5810864,0.0111831
Udu,2024-05-04,300.6240442,305.1030326,298.4786676,0.0069473
Udu,2024-05-05,301.3025333,306.0882504,298.3937929,0.0031334
Udu,2024-05-06,300.8501571,304.3484587,298.9080222,0.0078256
Udung Uko,2024-05-01,300.9527197,304.175132,298.3655363,0.0211787
Udung Uko,2024-05-02,300.4099958,302.7986306,298.8424942,0.009846
Udung Uko,2024-05-03,300.0270656,301.8899411,298.332425,0.0117813
Udung Uko,2024-05-04,301.5126979,303.4929873,299.4725438,0.0007625
Udung Uko,2024-05-05,301.6533552,303.7086357,299.4858905,0.0043719
Udung Uko,2024-05-06,301.2584969,303.1573132,299.6706982,0.0066319
Ughelli North,2024-05-01,301.0969334,305.6015889,299.5981014,0.0136152
Ughelli North,2024-05-02,300.6797912,304.6834539,298.5820803,0.0078797
Ughelli North,2024-05-03,300.2422709,303.3153003,298.4173877,0.0106807
Ughelli North,2024-05-04,300.7679737,305.5281626,298.6982275,0.0081569
Ughelli North,2024-05-05,301.275568,306.4260122,297.921967,0.0046501
Ughelli North,2024-05-06,300.8758286,304.2029731,298.6241826,0.0052719
Ughelli South,2024-05-01,301.173275,304.841434,299.9292615,0.0139942
Ughelli South,2024-05-02,300.7752301,304.2095962,298.5534684,0.0083823
Ughelli South,2024-05-03,300.3061213,302.7552479,298.6240958,0.0090402
Ughelli South,2024-05-04,300.7097023,305.2850373,298.5533026,0.0078055
Ughelli South,2024-05-05,301.339348,306.0756916,298.2969617,0.0034959
Ughelli South,2024-05-06,300.9552983,304.2743628,298.8914459,0.0067722
Ugwunagbo,2024-05-01,301.1102282,305.7603401,299.3606633,0.0052225
Ugwunagbo,2024-05-02,300.3940674,304.8576888,298.8424961,0.0078342
Ugwunagbo,2024-05-03,299.8875825,302.4991176,297.827401,0.0061067
Ugwunagbo,2024-05-04,300.9090083,304.8983505,298.0703966,0.0016516
Ugwunagbo,2024-05-05,301.1740751,305.6282278,297.9885532,0.007246
Ugwunagbo,2024-05-06,300.9255896,304.0886612,298.3566274,0.0057206
Uhunmwonde,2024-05-01,300.8056556,305.943753,298.3455104,0.0140452
Uhunmwonde,2024-05-02,300.2960604,304.7172743,298.482622,0.002633
Uhunmwonde,2024-05-03,300.2936798,304.3950693,298.4818616,0.0037001
Uhunmwonde,2024-05-04,300.562431,306.1145564,297.7691021,0.0027599
Uhunmwonde,2024-05-05,301.4967621,307.125947,297.821451,0.00234
Uhunmwonde,2024-05-06,301.0077528,304.963628,298.3989673,0.0003684
Ukanafun,2024-05-01,301.12475,305.4298903,299.2974167,0.0063441
Ukanafun,2024-05-02,300.3008386,304.4330245,298.860153,0.008571
Ukanafun,2024-05-03,299.7715358,302.4779891,297.6781167,0.0107507
Ukanafun,2024-05-04,301.043003,304.5070413,298.2322609,0.0009329
Ukanafun,2024-05-05,301.3234076,305.2716281,298.5012094,0.0101333
Ukanafun,2024-05-06,301.0184986,304.0046968,298.6861498,0.0040118
Ukum,2024-05-01,307.0596856,313.0578212,302.3213151,0.0002354
Ukum,2024-05-02,305.3482467,309.864819,301.2769373,0.0001409
Ukum,2024-05-03,304.5627399,309.9521638,301.0265815,0.0002473
Ukum,2024-05-04,304.8240039,309.8657926,300.4885802,3.04e-05
Ukum,2024-05-05,305.432281,311.4296325,300.999877,0.0005278
Ukum,2024-05-06,305.3699649,312.0781607,301.4980571,0.0021998
Ukwa East,2024-05-01,301.1228909,305.5600892,299.4668994,0.0058637
Ukwa East,2024-05-02,300.3708747,304.5958752,298.8731328,0.0076539
Ukwa East,2024-05-03,299.8335502,302.5009835,297.7360075,0.0084362
Ukwa East,2024-05-04,301.0177568,304.8303639,298.1569085,0.0014282
Ukwa East,2024-05-05,301.2585865,305.5042499,298.2030866,0.0084954
Ukwa East,2024-05-06,300.9578343,304.0149095,298.5872082,0.0057347
Ukwa West,2024-05-01,301.1218527,305.5057275,299.5039,0.0066253
Ukwa West,2024-05-02,300.4419291,304.6005183,298.9376402,0.0079939
Ukwa West,2024-05-03,299.9430743,302.5003652,297.9151654,0.0063471
Ukwa West,2024-05-04,301.046977,304.8191731,298.1866371,0.001674
Ukwa West,2024-05-05,301.30453,305.6719635,298.1878723,0.0065879
Ukwa West,2024-05-06,300.9415757,303.9982887,298.5718788,0.0078645
Ukwuani,2024-05-01,301.1682963,306.5418138,299.3488335,0.0129321
Ukwuani,2024-05-02,300.5561532,305.3153179,298.6030584,0.0060674
Ukwuani,2024-05-03,300.4909393,304.4362931,298.06321,0.0059894
Ukwuani,2024-05-04,301.1071451,306.7836006,298.8328912,0.0092905
Ukwuani,2024-05-05,301.5978277,307.3973302,297.5550546,0.0033621
Ukwuani,2024-05-06,301.1213628,304.6118702,298.2470474,0.0009778
Umu-Nneochi,2024-05-01,302.2570336,308.8697451,299.8105263,0.0030638
Umu-Nneochi,2024-05-02,301.0003814,305.7785834,299.0004244,0.0051203
Umu-Nneochi,2024-05-03,300.7916386,305.587486,298.8200899,0.0073066
Umu-Nneochi,2024-05-04,301.4238143,306.4376874,298.1673792,0.0017668
Umu-Nneochi,2024-05-05,301.8799361,308.2427704,298.3825902,0.0052708
Umu-Nneochi,2024-05-06,301.9873117,306.314886,298.9695035,0.0008042
Umuahia North,2024-05-01,301.7994972,308.2963111,299.4994879,0.0042696
Umuahia North,2024-05-02,300.5999811,305.4739828,298.7696738,0.0069916
Umuahia North,2024-05-03,299.9871326,303.8452127,298.3895781,0.0086422
Umuahia North,2024-05-04,300.8209734,305.7553724,297.6131822,0.0019394
Umuahia North,2024-05-05,301.3635934,306.8822562,297.9472275,0.0073345
Umuahia North,2024-05-06,301.5679295,305.4803532,298.5088829,0.0013205
Umuahia South,2024-05-01,301.5871169,307.6718631,299.3540716,0.0042095
Umuahia South,2024-05-02,300.457067,305.1895051,298.664922,0.008412
Umuahia South,2024-05-03,299.8457897,303.3655217,298.3311233,0.0088306
Umuahia South,2024-05-04,300.6670781,305.4652573,297.4875801,0.0032383
Umuahia South,2024-05-05,301.210324,306.5958343,297.7314059,0.0070203
Umuahia South,2024-05-06,301.4331974,305.137036,298.4389626,0.0014082
Ungogo,2024-05-01,305.9803487,313.4851426,296.6671558,8.5234632e-07
Ungogo,2024-05-02,306.4353645,313.2449363,300.3622626,1.33e-05
Ungogo,2024-05-03,306.2194498,312.9350667,299.9554734,0
Ungogo,2024-05-04,306.5388558,313.2871165,299.7277976,1.2814998e-06
Ungogo,2024-05-05,307.287443,314.716962,300.0595278,8.7022784e-07
Ungogo,2024-05-06,306.7403481,313.4295531,299.9155812,9.3185008e-07
Unuimo,2024-05-01,301.7208658,308.5167759,299.3699583,0.0048245
Unuimo,2024-05-02,300.4871102,306.0709451,298.6372576,0.0136561
Unuimo,2024-05-03,300.1051917,304.6202477,298.2983728,0.0109397
Unuimo,2024-05-04,300.8995188,306.1871636,297.7156964,0.0025046
Unuimo,2024-05-05,301.5260515,307.9391309,297.9362776,0.0076088
Unuimo,2024-05-06,301.4711892,305.7048812,298.5495475,0.0007878
Uruan,2024-05-01,301.1183873,305.7139458,298.4571191,0.0101809
Uruan,2024-05-02,300.3436085,303.96514,298.9220504,0.0084536
Uruan,2024-05-03,299.7684121,302.1786001,298.1386758,0.0050861
Uruan,2024-05-04,301.0097375,304.109721,298.4876932,0.0011897
Uruan,2024-05-05,301.39384,304.8686902,298.8738406,0.0076899
Uruan,2024-05-06,301.1840555,304.136102,298.9529778,0.0066139
Urue-Offong/Oruko,2024-05-01,300.9209536,304.2381484,298.3229872,0.0205543
Urue-Offong/Oruko,2024-05-02,300.3513328,302.7691396,298.7925762,0.0099452
Urue-Offong/Oruko,2024-05-03,299.9683655,301.7668006,298.3996191,0.0099222
Urue-Offong/Oruko,2024-05-04,301.4528945,303.5219537,299.4059236,0.0007847
Urue-Offong/Oruko,2024-05-05,301.6051347,303.8775264,299.4278402,0.003916
Urue-Offong/Oruko,2024-05-06,301.2036818,303.2490074,299.5448671,0.0064782
Ushongo,2024-05-01,305.461758,311.6649997,301.2252532,0.0016907
Ushongo,2024-05-02,304.0107616,308.8310341,300.4991058,0.0004393
Ushongo,2024-05-03,303.2634104,308.0203991,300.2057803,0.0003028
Ushongo,2024-05-04,303.8871883,308.8645643,299.6270849,0.0001574
Ushongo,2024-05-05,304.3916637,310.5446735,300.0549219,0.0004332
Ushongo,2024-05-06,304.6271765,310.3108367,300.7582951,0.001398
Ussa,2024-05-01,304.5904133,310.4897509,299.9873264,0.0010776
Ussa,2024-05-02,303.0864622,308.3530692,299.3423207,0.0017865
Ussa,2024-05-03,302.0285629,306.9190146,299.0691956,0.0018331
Ussa,2024-05-04,302.1413758,308.0812026,298.3346218,0.0015864
Ussa,2024-05-05,302.5748544,308.7620713,298.4772545,0.0019631
Ussa,2024-05-06,303.1597936,309.0096554,298.307833,0.0015076
Uvwie,2024-05-01,301.0957694,305.2364103,299.8542562,0.0143327
Uvwie,2024-05-02,300.6671593,304.5142935,298.2614422,0.0095024
Uvwie,2024-05-03,300.2365438,303.1414454,298.583402,0.0110456
Uvwie,2024-05-04,300.5934024,304.9565893,298.3749844,0.0075732
Uvwie,2024-05-05,301.34172,305.9764415,298.4221881,0.0025118
Uvwie,2024-05-06,300.7925715,304.1610166,298.8974368,0.0063899
Uyo,2024-05-01,301.1447428,305.7695249,298.6129793,0.0089874
Uyo,2024-05-02,300.2895236,304.186508,298.8096191,0.0080744
Uyo,2024-05-03,299.7249548,302.3345448,297.8134165,0.0055676
Uyo,2024-05-04,300.9299334,304.3312593,298.2234003,0.0011446
Uyo,2024-05-05,301.2789315,304.9576043,298.4974397,0.0083832
Uyo,2024-05-06,301.0958002,304.1509313,298.6665401,0.0050142
Uzo-Uwani,2024-05-01,303.3251674,309.9508056,300.1895781,0.0006192
Uzo-Uwani,2024-05-02,302.2277724,307.7451709,299.4386682,0.000923
Uzo-Uwani,2024-05-03,302.4817325,307.7032142,299.3866046,0.002327
Uzo-Uwani,2024-05-04,302.9239684,308.7773402,299.4181902,0.0055433
Uzo-Uwani,2024-05-05,303.1469965,309.2317611,299.3141234,0.0010804
Uzo-Uwani,2024-05-06,303.1545811,308.3465737,299.9718582,0.000656
Vandeikya,2024-05-01,304.7997894,310.8142019,300.7554735,0.0028055
Vandeikya,2024-05-02,303.2954492,308.066702,300.09614,0.0021184
Vandeikya,2024-05-03,302.4900957,306.9039668,299.8074133,0.0010677
Vandeikya,2024-05-04,303.1727316,307.6062475,299.18604,0.0001297
Vandeikya,2024-05-05,303.6104369,309.5977668,299.6502356,0.0005668
Vandeikya,2024-05-06,303.8839141,309.1056355,300.2354751,0.000885
Wamako,2024-05-01,309.4174463,316.3886034,301.5925915,8.5234632e-07
Wamako,2024-05-02,309.3186527,315.2696216,304.0241012,1.0310528e-06
Wamako,2024-05-03,309.1402168,314.1951862,304.1428076,9.630212e-08
Wamako,2024-05-04,309.3921627,315.140547,303.6695985,1.2814998e-06
Wamako,2024-05-05,309.57947,315.6238627,303.4853779,8.7022784e-07
Wamako,2024-05-06,308.8393879,315.1186152,303.5891309,0.0002807
Wamba,2024-05-01,304.5243164,309.789809,299.9243613,0.0035726
Wamba,2024-05-02,303.2527016,307.9027216,299.3783718,0.0004985
Wamba,2024-05-03,303.2355663,307.8441282,299.7817991,0.0011294
Wamba,2024-05-04,303.084282,307.8742995,299.1337047,0.0003834
Wamba,2024-05-05,303.3344082,307.1123873,299.6585886,0.0008267
Wamba,2024-05-06,303.4880327,308.7608542,299.3475727,0.0058865
Warawa,2024-05-01,306.381844,313.7157811,298.5437448,2.1954269e-06
Warawa,2024-05-02,306.6735992,313.4299127,300.8499688,2.41e-05
Warawa,2024-05-03,306.4127238,312.9467726,300.4801884,0
Warawa,2024-05-04,306.7662658,313.4445073,300.2302267,1.3517911e-06
Warawa,2024-05-05,307.6269088,314.9232535,300.6473869,8.7022784e-07
Warawa,2024-05-06,306.9575706,313.535148,300.3652976,0
Warji,2024-05-01,307.6833109,314.2800069,301.0636481,8.5234632e-07
Warji,2024-05-02,306.4900359,313.1572695,300.3438973,1.8e-05
Warji,2024-05-03,306.3210405,312.5196664,300.237549,0
Warji,2024-05-04,306.3146428,312.8976381,299.4787346,2.1526563e-06
Warji,2024-05-05,306.773793,313.7095702,299.6096766,1.6954743e-06
Warji,2024-05-06,305.8482869,312.6700552,300.1077642,9.9e-05
Warri North,2024-05-01,301.5323045,304.6786577,300.2384732,0.013962
Warri North,2024-05-02,301.1730339,303.7903326,298.7462934,0.0078506
Warri North,2024-05-03,300.5838656,303.1900738,299.4135928,0.0075735
Warri North,2024-05-04,301.0879334,304.4845457,299.0520602,0.00791
Warri North,2024-05-05,301.8682644,304.9038929,299.5798763,0.0025026
Warri North,2024-05-06,301.3001165,303.9110851,299.8959965,0.0043389
Warri South,2024-05-01,301.1768053,304.865808,300.0010187,0.0160071
Warri South,2024-05-02,300.7275054,304.1080418,298.3705323,0.0106988
Warri South,2024-05-03,300.3643663,303.0921291,298.9303016,0.0084718
Warri South,2024-05-04,300.6278682,304.7596429,298.6024917,0.0083615
Warri South,2024-05-05,301.4705699,305.6252096,298.5879257,0.0016164
Warri South,2024-05-06,300.9080186,304.0930654,299.2957707,0.0056365
Warri South West,2024-05-01,301.481119,304.2046633,300.45982,0.014373
Warri South West,2024-05-02,300.9359785,303.1981695,298.9557445,0.0089484
Warri South West,2024-05-03,300.6207432,302.71641,299.3407865,0.0059721
Warri South West,2024-05-04,301.0406606,304.3522429,299.2826478,0.0073736
Warri South West,2024-05-05,301.8476219,304.8502186,299.658232,0.0019602
Warri South West,2024-05-06,301.3256542,303.9649722,300.0076736,0.0064153
Wasagu/Danko,2024-05-01,306.2138051,312.267208,301.360411,5.12e-05
Wasagu/Danko,2024-05-02,305.7637379,311.004989,301.3775142,0.0001899
Wasagu/Danko,2024-05-03,305.6127178,310.4749628,301.2916198,9.9729188e-09
Wasagu/Danko,2024-05-04,305.9377404,311.5865016,300.8304186,2.63e-05
Wasagu/Danko,2024-05-05,306.1548861,311.5014284,300.8283957,3.2e-05
Wasagu/Danko,2024-05-06,305.4460252,311.5347456,301.1402176,0.0016916
Wase,2024-05-01,309.2673312,314.3474021,304.3901356,3.27e-05
Wase,2024-05-02,307.2988675,312.1207516,302.1426554,1.8731164e-06
Wase,2024-05-03,306.9479637,312.0852246,303.2841203,0.0001542
Wase,2024-05-04,306.4690248,312.1139397,301.2437259,0.0003249
Wase,2024-05-05,306.9944971,311.8734228,302.756683,0.0001298
Wase,2024-05-06,306.8686615,312.7590377,302.5516484,0.0004325
Wudil,2024-05-01,306.4994989,313.7507911,299.4352937,3.9254034e-06
Wudil,2024-05-02,306.6087649,313.3771696,301.0117121,2.62e-05
Wudil,2024-05-03,306.3112223,312.5808491,300.6271719,0
Wudil,2024-05-04,306.7349227,313.3158076,300.383745,1.467561e-06
Wudil,2024-05-05,307.5522767,314.5430144,300.7311936,8.7022784e-07
Wudil,2024-05-06,306.7681695,313.3346158,300.3152918,0
Wukari,2024-05-01,308.1173502,313.8559626,303.3310499,8.79e-05
Wukari,2024-05-02,306.5009071,311.1517658,302.1221696,6.6e-05
Wukari,2024-05-03,305.5684513,310.8532265,301.9414599,0.0001435
Wukari,2024-05-04,305.7298664,310.727152,301.2584119,0.0001352
Wukari,2024-05-05,306.3800613,311.8583512,301.8538469,0.0002197
Wukari,2024-05-06,306.4339843,312.7324082,302.237785,0.0013845
Wurno,2024-05-01,309.5949822,316.3366219,300.2734163,8.5234632e-07
Wurno,2024-05-02,309.2759707,315.431218,303.9530118,9.9423187e-07
Wurno,2024-05-03,309.2216271,314.6034291,304.228743,0
Wurno,2024-05-04,309.3935593,315.6051113,303.4038059,1.2814998e-06
Wurno,2024-05-05,309.4230328,315.7327595,302.9416795,8.7022784e-07
Wurno,2024-05-06,308.8851646,315.0789487,304.1170678,0.0001131
Wushishi,2024-05-01,307.4470502,312.5128974,302.3241854,0.0004702
Wushishi,2024-05-02,306.5087113,310.7161408,302.4086192,0.000403
Wushishi,2024-05-03,306.675281,311.9683421,301.9998857,1.02e-05
Wushishi,2024-05-04,306.9964995,312.4320021,301.6769566,1.87e-05
Wushishi,2024-05-05,306.9678778,312.6045129,301.8325683,4.68e-05
Wushishi,2024-05-06,306.6787921,312.2521262,301.8883076,4.51e-05
Yabo,2024-05-01,309.4362503,316.052591,301.9093455,8.5234632e-07
Yabo,2024-05-02,309.108127,314.939809,304.131543,5.3639879e-06
Yabo,2024-05-03,309.0624103,314.046428,304.1072784,1.5085321e-06
Yabo,2024-05-04,309.5078264,315.1729664,303.9408348,1.2814998e-06
Yabo,2024-05-05,309.7819162,315.6592776,304.0731188,8.7022784e-07
Yabo,2024-05-06,308.3297017,315.0199694,302.3893283,0.0018749
Yagba East,2024-05-01,302.8926887,309.2579316,299.5993088,0.0021344
Yagba East,2024-05-02,303.002517,309.2979459,298.5960932,0.0002532
Yagba East,2024-05-03,302.552851,308.2771721,298.9475667,0.000915
Yagba East,2024-05-04,303.2921722,309.9362937,298.5234079,0.0005314
Yagba East,2024-05-05,303.0595641,309.2531112,298.7944169,0.0004622
Yagba East,2024-05-06,303.2748005,310.6587609,298.7908516,0.000724
Yagba West,2024-05-01,303.7497555,310.1171905,300.0630931,0.0007842
Yagba West,2024-05-02,303.837271,310.1042975,299.2344934,0.0002602
Yagba West,2024-05-03,303.344111,309.0606231,299.4975612,0.0002517
Yagba West,2024-05-04,304.1112286,310.942115,299.0609791,5.97e-05
Yagba West,2024-05-05,303.8689495,310.67035,299.2548976,0.0004123
Yagba West,2024-05-06,303.6964624,311.1959785,299.4866737,0.000929
Yakurr,2024-05-01,302.6148184,308.6693659,300.1005757,0.0021471
Yakurr,2024-05-02,301.4264063,305.7041334,299.6225583,0.0027046
Yakurr,2024-05-03,301.2648894,305.3350708,299.0825579,0.0033875
Yakurr,2024-05-04,301.5310021,304.9063581,298.8430145,0.0013265
Yakurr,2024-05-05,302.2071608,307.0140294,298.7441501,0.0020799
Yakurr,2024-05-06,302.2801713,306.9934078,299.1910797,0.0045309
Yala,2024-05-01,304.9041711,310.848893,301.3473886,0.002614
Yala,2024-05-02,303.7575568,308.3676344,300.778096,0.0007977
Yala,2024-05-03,303.1683477,308.2901052,300.4386072,0.0016037
Yala,2024-05-04,303.475645,307.4917481,299.9302701,1.65e-05
Yala,2024-05-05,304.087154,309.9624609,300.1634737,0.0004829
Yala,2024-05-06,304.180452,309.8451011,300.7901652,0.0026379
Yamaltu/Deba,2024-05-01,308.9961172,314.1184098,304.2724242,8.9132641e-07
Yamaltu/Deba,2024-05-02,308.0295352,313.2082567,302.8382032,9.9995802e-07
Yamaltu/Deba,2024-05-03,307.9612077,312.4794234,303.6513634,2.3512611e-06
Yamaltu/Deba,2024-05-04,307.2895292,312.807427,301.4837494,7.7471137e-06
Yamaltu/Deba,2024-05-05,307.7340718,312.8189748,303.1949532,4.56e-05
Yamaltu/Deba,2024-05-06,307.2341125,312.675961,302.7439962,0.0003779
Yankwashi,2024-05-01,306.8299169,314.7792779,298.119534,8.5234632e-07
Yankwashi,2024-05-02,307.0658152,314.2474702,299.997743,8.5234632e-07
Yankwashi,2024-05-03,306.6797762,313.1004184,300.2861848,0
Yankwashi,2024-05-04,307.0078982,313.8588994,300.4927257,1.2814998e-06
Yankwashi,2024-05-05,307.1305555,314.4028234,298.8082865,8.7022784e-07
Yankwashi,2024-05-06,307.4935705,313.9446002,300.631305,2.5976871e-06
Yauri,2024-05-01,307.5469145,313.2066819,302.9847442,8.5568406e-06
Yauri,2024-05-02,306.7433246,311.5889422,302.7470227,6.1838219e-06
Yauri,2024-05-03,306.6911737,311.2706398,302.6974648,0
Yauri,2024-05-04,307.1540772,312.2944378,302.2035912,1.6392168e-06
Yauri,2024-05-05,307.5040876,312.4387309,302.4168815,1.3732934e-06
Yauri,2024-05-06,307.5448393,312.390199,303.1248487,0.0001907
Yenegoa,2024-05-01,301.3490115,305.2854818,299.9417495,0.01406
Yenegoa,2024-05-02,300.7507555,304.3177527,298.7838567,0.0155221
Yenegoa,2024-05-03,300.392721,302.2485745,298.9104491,0.0042822
Yenegoa,2024-05-04,301.1191107,305.2910337,298.9687412,0.007657
Yenegoa,2024-05-05,301.5424393,305.8778764,298.3597917,0.0036908
Yenegoa,2024-05-06,301.056149,304.1847087,299.1001239,0.0052367
Yola North,2024-05-01,309.0077808,315.2254636,302.4507173,8.5234632e-07
Yola North,2024-05-02,308.5560698,314.236463,302.8039624,6.59e-05
Yola North,2024-05-03,308.2586602,312.6133103,303.812801,5.2428729e-06
Yola North,2024-05-04,308.2577223,313.3771251,302.9965249,1.9e-05
Yola North,2024-05-05,308.5465867,313.5884512,303.6056295,2.76e-05
Yola North,2024-05-06,308.6321621,314.2090529,302.8698774,2.34e-05
Yola South,2024-05-01,308.9547736,315.0558004,303.0122807,8.5234632e-07
Yola South,2024-05-02,308.4545641,314.0032453,303.005004,4.43e-05
Yola South,2024-05-03,308.0466245,312.4046858,303.5963637,1.26e-05
Yola South,2024-05-04,308.0597094,313.2436655,302.8346378,4.75e-05
Yola South,2024-05-05,308.3762403,313.4696415,303.6245588,2.75e-05
Yola South,2024-05-06,308.4880225,314.1504355,302.8119753,1.87e-05
Yorro,2024-05-01,306.5787778,312.0131001,301.8732199,3.1235253e-06
Yorro,2024-05-02,305.0470516,309.6328455,300.6519945,0.0003712
Yorro,2024-05-03,304.0876272,308.9652443,300.0928403,0.00038
Yorro,2024-05-04,304.6263491,309.9051929,299.8554292,0.0001301
Yorro,2024-05-05,304.5884379,310.0121377,301.0950785,0.0016341
Yorro,2024-05-06,305.1423842,310.6131551,300.1581939,0.0003764
Yunusari,2024-05-01,308.3069469,316.3643659,300.0258592,8.5234632e-07
Yunusari,2024-05-02,308.1260284,316.4312565,299.0314759,8.5234632e-07
Yunusari,2024-05-03,307.6087328,315.6930807,299.3642488,0
Yunusari,2024-05-04,307.2979982,315.4986511,299.2131736,1.2814998e-06
Yunusari,2024-05-05,307.7607749,315.7107488,298.8837696,8.7022784e-07
Yunusari,2024-05-06,308.6418024,315.7653609,301.2667243,0
Yusufari,2024-05-01,308.633253,316.3767584,300.5785108,8.5234632e-07
Yusufari,2024-05-02,307.5759666,316.2984207,298.067934,8.5234632e-07
Yusufari,2024-05-03,307.5632669,316.1048139,297.9617783,0
Yusufari,2024-05-04,307.6491664,316.1178528,298.8173843,1.2814998e-06
Yusufari,2024-05-05,307.8161551,316.1011874,298.4729496,8.7022784e-07
Yusufari,2024-05-06,308.66703,315.6061899,301.4406951,0
Zaki,2024-05-01,308.386621,315.0514997,301.0779126,8.5234632e-07
Zaki,2024-05-02,307.4122115,314.6573729,299.8997271,8.5234632e-07
Zaki,2024-05-03,306.8366546,314.54656,299.5055424,0
Zaki,2024-05-04,306.8885069,314.1375076,300.1762938,1.2814998e-06
Zaki,2024-05-05,307.3587204,314.4921513,300.1512315,8.7022784e-07
Zaki,2024-05-06,307.4784975,313.8914555,301.1357309,0
Zango,2024-05-01,307.1053466,315.0223429,298.8716895,8.5234632e-07
Zango,2024-05-02,307.1259639,314.4517107,299.7891941,8.5234632e-07
Zango,2024-05-03,306.8198575,313.2414367,300.1068358,0
Zango,2024-05-04,307.0876069,314.0168882,300.4044862,1.2814998e-06
Zango,2024-05-05,306.8313336,314.3750392,297.6393661,8.7022784e-07
Zango,2024-05-06,307.6660325,314.1554802,300.6206867,6.5561696e-06
Zango-Kataf,2024-05-01,302.3612402,307.2471795,298.866417,0.0012051
Zango-Kataf,2024-05-02,300.6266514,306.401884,297.8809603,0.0054004
Zango-Kataf,2024-05-03,300.6266873,305.0252375,297.4697725,0.0007463
Zango-Kataf,2024-05-04,301.2059069,306.7782783,297.2924105,0.0018755
Zango-Kataf,2024-05-05,300.9519681,306.9136658,297.9829331,0.0043327
Zango-Kataf,2024-05-06,300.8769022,306.2126867,296.9491248,0.0030595
Zaria,2024-05-01,303.5236275,309.7994277,298.730875,0.0010021
Zaria,2024-05-02,302.9013139,308.9365893,299.1353247,0.0013237
Zaria,2024-05-03,303.2091407,309.4837289,298.3465264,0
Zaria,2024-05-04,303.6869801,310.0955562,298.2352372,8.7229371e-06
Zaria,2024-05-05,303.8733396,310.1799487,298.7774911,4.32e-05
Zaria,2024-05-06,302.5251405,309.8538337,298.2098929,0.0029812
Zing,2024-05-01,306.5984901,312.4440507,301.6695492,1.7460429e-06
Zing,2024-05-02,305.1314059,309.8222383,300.4405905,0.0001774
Zing,2024-05-03,304.1547318,308.9071074,300.2006431,0.0003081
Zing,2024-05-04,304.5728578,309.8679542,299.8465185,0.0005773
Zing,2024-05-05,304.6594608,310.0130807,300.8610367,0.000972
Zing,2024-05-06,305.3189474,311.0197288,299.8828387,0.0001767
Zurmi,2024-05-01,306.5675612,314.5881507,296.4974387,8.5234632e-07
Zurmi,2024-05-02,307.2137547,313.41171,301.6426919,8.5234632e-07
Zurmi,2024-05-03,306.861199,312.019673,301.8840974,0
Zurmi,2024-05-04,307.3796395,313.6356667,301.1512668,1.2974916e-06
Zurmi,2024-05-05,307.3189611,313.9181509,300.415835,8.7022784e-07
Zurmi,2024-05-06,306.8588136,313.3531805,301.0275258,0.0005892
Zuru,2024-05-01,306.4152229,312.2592151,301.5751269,7.04e-05
Zuru,2024-05-02,305.8852776,311.0294276,301.6276882,0.0003365
Zuru,2024-05-03,305.8068615,310.761388,301.5331312,0
Zuru,2024-05-04,306.0398044,311.6849222,300.9437406,2.2229356e-06
Zuru,2024-05-05,306.2582924,311.3556869,300.9985835,1.2029356e-06
Zuru,2024-05-06,305.6627617,311.3760829,301.453168,0.0009967
