FID,globalid,uniq_id,timestamp,editor,wardname,wardcode,lganame,lgacode,statename,statecode,idp_hf_prv,idp_hf,idp_am_mdc,tot_hhold,f_pop_60,m_pop_pl60,f_pop18_59,m_pop18_59,f_pop6_17,m_pop6_17,f_pop1_5,m_pop1_5,f_pop_und1,b_pop_und1,site_id,idp_prtb_w,idp_amnts,idp_am_hs,idp_am_med,agncy_cntc,agency_nam,sma_type,site_cls_d,site_opn_d,site_statu,site_type,set_name,alt_st_nam,t_pop_und5,total_pop,pop_source,site_name
1,60743464-685e-4418-b744-3b11da32dba6,7794,1517529600000,dennis.irorere,Jauro Yinu,TRSARD05,Ardo-Kola,"35001",Taraba,TA,Government,Yes,No,17,2,3,22,18,14,12,6,4,2,2,TR_S023,Yes,Yes,Yes,Yes,0, , ,,,Informal,Camp,Tumdiri, ,0,85,IOM DTM RD24 August 2018,Tumdiri
2,"0121963c-c46e-45fa-a1b7-b266800481f6",7795,1517529600000,dennis.irorere,Jauro Yinu,TRSARD05,Ardo-Kola,"35001",Taraba,TA, , , ,0,0,0,0,0,0,0,0,0,0,0,TR_S030, , ,Yes, ,0, , ,,,Informal,Camp,Kofai, ,0,0,IOM DTM RD24 August 2018,GDSS Kofai Camp
3,21ece69f-79d9-401a-b1a8-4003de21e0c2,7796,1517529600000,dennis.irorere,Yitti,TRSLAU10,Lau,"35010",Taraba,TA, , , ,0,0,0,0,0,0,0,0,0,0,0,TR_S025, , ,Yes, ,0, , ,,, ,Collective Settlement/Centre,Cocin Church, ,0,0,IOM DTM RD24 August 2018,Cocin Church
4,1e4d7c49-f4e6-42cb-bf10-ee38279c7b4d,7207,1517529600000,adanna.alex,Auno,"11602",Konduga,"116",Borno,BR, , , ,0,0,0,0,0,0,0,0,0,0,0, , , , , ,0, , ,,, ,Not identified,Auno-Chabbol, ,0,0,eHA_Polio,Kofa Auno
5,ba96ce41-fe3b-472b-98ba-3b9073fc068a,7787,1517529600000,adanna.alex,Malam Sidi,GMSKWM09,Kwami,"16008",Gombe,GO, , , ,0,0,0,0,0,0,0,0,0,0,0, , , , , ,0, , ,,, ,Host Communities,Gari-Azumi, ,0,0,IOM DTM RD16 May 2017,Gari Azumi
6,fb6cac58-2afe-4fb0-9df8-54029cf46ce2,7788,1517529600000,adanna.alex,Lankaviri,TRSYRR05,Yorro,"35015",Taraba,TA, , , ,0,0,0,0,0,0,0,0,0,0,0,TR_S035, , ,Yes, ,0, , ,,,Informal,Transitional Centre,Lankaviri, ,0,0,IOM DTM RD24 August 2018,Bishops Court
7,204ab9b9-9f6c-4345-9d0f-f946242bf24c,7777,1517529600000,adanna.alex,Maisandari,"12413",Maiduguri,"124",Borno,BR, , , ,0,0,0,0,0,0,0,0,0,0,0, , , , , ,0, , ,,, ,Formal,Nursing Village, ,560,0,eHA_Polio,Nursing Village
8,"0ce8536a-593b-42b4-a920-308a9e84fd03",7778,1517529600000,dennis.irorere,Dusuman,"11307",Jere,"113",Borno,BR,INGO,Yes,No,12,5,4,8,6,6,3,3,3,0,1,BO_S129,Yes,Yes,No,Yes,0, , ,,, ,Collective Settlement/Centre,Muna Dalti, ,0,39,IOM DTM RD24 August 2018,Muna DaAlti 1B
9,72318a5f-19c5-4fcf-a1ea-950471871298,7779,1517529600000,dennis.irorere,Dusuman,"11307",Jere,"113",Borno,BR,INGO,Yes,Yes,89,18,10,154,104,89,60,67,39,17,14,BO_S128,Yes,Yes,No,Yes,0, , ,,, ,Collective Settlement/Centre,Muna Dalti, ,0,572,IOM DTM RD24 August 2018,Muna DaAlti 1A
10,"0e7000bf-9a13-4a73-a78c-aaf8de029454",7780,1517529600000,dennis.irorere,Dusuman,"11307",Jere,"113",Borno,BR,INGO,Yes,Yes,937,247,151,1123,1006,1491,1214,746,468,69,49,BO_S145,Yes,Yes,No,Yes,0, , ,,,Informal,Collective Settlement/Centre,Muna Dalti, ,0,6564,IOM DTM RD24 August 2018,Muna DaAlti 2A
11,bcb170b6-5899-4b30-9ec9-ff1a413c1dab,7781,1517529600000,dennis.irorere,Biriri,"71503",Tarmuwa,"715",Yobe,YO,INGO,Yes,Yes,72,5,4,144,91,41,37,34,28,26,22,YB_S004,Yes,Yes,Yes,Yes,0, , ,,,Informal,Collective Settlement/Centre,Moh'd Gombe Farm, ,0,432,IOM DTM RD24 August 2018,Mohd Gombe Farm
12,f59ab8cf-0433-47ec-a1ea-dd60c8cb3146,7782,1517529600000,dennis.irorere,Dusuman,"11307",Jere,"113",Borno,BR,INGO,Yes,Yes,40,11,5,48,45,44,36,24,20,10,7,BO_S050,Yes,Yes,No,Yes,0, , ,,, ,Camp,Muna Dalti, ,0,250,IOM DTM RD24 August 2018,Muna DaAlti 2
13,3877fbcb-0699-42e4-8af8-d5829461def2,7783,1517529600000,dennis.irorere,Dusuman,"11307",Jere,"113",Borno,BR,INGO,Yes,Yes,28,7,5,32,28,21,19,11,12,5,5,BO_S051,Yes,Yes,No,Yes,0, , ,,, ,Camp,Muna Dalti, ,0,145,IOM DTM RD24 August 2018,Muna DaAlti 3
14,8081e97e-d12d-4bb5-a875-7a1c8307b7cd,7784,1517529600000,dennis.irorere,Dusuman,"11307",Jere,"113",Borno,BR,INGO,Yes,Yes,75,15,13,102,83,61,51,41,32,16,13,BO_S146,Yes,Yes,No,Yes,0, , ,,,Informal,Collective Settlement/Centre,Muna Dalti, ,0,427,IOM DTM RD24 August 2018,Muna DaAlti 2B
15,"0b3dbf78-565c-4dac-ac29-00561c98c41b",7785,1517529600000,adanna.alex,Garko,GMSAKK02,Akko,"16001",Gombe,GO, , , ,0,0,0,0,0,0,0,0,0,0,0, , , , , ,0, , ,,, ,Host Communities,Garko, ,0,0,IOM DTM RD16 May 2017,Wuro Shie
16,81e5fc76-e36b-4df5-ae8c-5b05d3bdd600,7786,1517529600000,adanna.alex,Ndufu Alike / Agalegu  / Ndiofoke,EBSCHR25,Ikwo,"11007",Ebonyi,EB, , , ,0,0,0,0,0,0,0,0,0,0,0, , , , , ,0, , ,,, ,Not identified,Igweledoha Amajim Ameka, ,0,0,GRID,Elegu Ndi Ova Nkumoro
17,b332e1be-afe8-473e-bb17-ba1a81a33249,6900,1517529600000,dennis.irorere,Girei 2,ADSGRE05,Girei,"2004",Adamawa,AD,Government,Yes,No,103,19,17,75,43,80,91,34,30,21,12,AD_S037,No,Yes,Yes,No,0, , ,,,Informal,Collective Settlement/Centre,Chekamideri, ,0,422,IOM DTM RD24 August 2018,Chekamideri
18,cacd3d47-a24f-4d1e-a026-f31d348fea97,6901,1517529600000,dennis.irorere,Mayo Inne,ADSFUR06,Fufore,"2002",Adamawa,AD,Government,Yes,No,14,5,2,16,13,16,13,6,5,2,2,AD_S005,Yes,Yes,Yes,No,0, , ,,,Informal,Camp,Vinikilang, ,0,80,IOM DTM RD24 August 2018,EYN Church Vinikilang
19,cc6c4f16-8414-4a13-9a88-62c13e9224bb,6902,1517529600000,dennis.irorere,Ngurore,ADSYLA09,Yola South,"2021",Adamawa,AD,Local Clinic,Yes,No,162,15,12,145,97,114,104,86,73,40,34,AD_S029,Yes,Yes,Yes,No,0, , ,,,Informal,Camp,Sabon Deal Ngurore, ,0,720,IOM DTM RD24 August 2018,Sabon Deal Ngurore
20,c88b90b6-e4fe-42c0-b50c-0b603b95fdc0,6903,1517529600000,dennis.irorere,Mayo Inne,ADSFUR06,Fufore,"2002",Adamawa,AD,Local Clinic,Yes,Yes,71,14,20,49,43,99,63,33,38,15,14,AD_S032,Yes,Yes,No,Yes,0, , ,,,Informal,Collective Settlement/Centre,Sengere Dutse, ,0,388,IOM DTM RD24 August 2018,Sengere Dutse
21,c45af8bf-1986-4e1c-93db-8854a928fd83,6904,1517529600000,dennis.irorere,Girei 1,ADSGRE04,Girei,"2004",Adamawa,AD,Government,Yes,No,76,1,3,61,54,59,72,24,22,6,3,AD_S034,Yes,Yes,No,Yes,0, , ,,,Informal,Collective Settlement/Centre,Nana Villa, ,0,305,IOM DTM RD24 August 2018,Nana Villa
22,80d649f9-9cb7-4feb-b8b8-38ac5585cc78,6905,1517529600000,dennis.irorere,Pariya,ADSFUR07,Fufore,"2002",Adamawa,AD,NGO,Yes,Yes,61,8,6,54,52,77,70,54,52,3,3,AD_S033,Yes,Yes,Yes,Yes,0, , ,,,Informal,Camp,Anguwan Mumuyawa, ,0,379,IOM DTM RD24 August 2018,Anguwan Mumuyawa
23,a9588343-9f27-4d01-872b-cd2c21b8e580,6906,1517529600000,dennis.irorere,Adarawo,ADSYLA01,Yola South,"2021",Adamawa,AD,Government,Yes,No,18,1,2,11,18,12,14,8,5,6,4,AD_S027,Yes,Yes,Yes,No,0, , ,,,Informal,Collective Settlement/Centre,Dokkitila Wurokhere, ,0,81,IOM DTM RD24 August 2018,Dokkitilla Wurochekke
24,56151d3a-ebd0-45b9-a322-ccb9164a58a9,6907,1517529600000,dennis.irorere,Namtari,ADSYLA08,Yola South,"2021",Adamawa,AD,Government,Yes,Yes,58,2,1,84,81,85,83,37,33,8,14,AD_S030,Yes,Yes,Yes,Yes,0, , ,,,Informal,Camp,Kilbaje Extension, ,0,428,IOM DTM RD24 August 2018,Kilbaje Extension
25,c08d210c-3fe8-4360-bb53-db59ece6023d,6908,1517529600000,dennis.irorere,Fufore,ADSFUR03,Fufore,"2002",Adamawa,AD,Government,Yes,Yes,32,2,0,32,31,21,18,34,29,3,2,AD_S031,Yes,Yes,Yes,Yes,0, , ,,,Informal,Collective Settlement/Centre,Wuro Ahi, ,0,172,IOM DTM RD24 August 2018,Wuro Ahi
26,75afcab5-4093-40c4-b282-45a24df1d749,7117,1517529600000,dennis.irorere,Kukawa,"11709",Kukawa,"117",Borno,BR, , , ,0,0,0,0,0,0,0,0,0,0,0,BO_S171, , ,Yes, ,0, , ,,,Informal,Camp,Burwa, ,0,0,IOM DTM RD24 August 2018,Junior Primary School
27,af21571a-e3ad-4c02-8f7d-7bf346f03aea,6909,1517529600000,dennis.irorere,Modire,ADSGRE08,Girei,"2004",Adamawa,AD,Government,Yes,Yes,59,3,2,67,63,58,88,30,34,13,17,AD_S035,No,Yes,Yes,Yes,0, , ,,,Informal,Collective Settlement/Centre,Wadai, ,0,375,IOM DTM RD24 August 2018,Wadai
28,7d612134-be8c-4cc7-ace6-6744b5d8745b,6910,1517529600000,dennis.irorere,Maimusari,"11301",Jere,"113",Borno,BR,Government,Yes,No,31,5,3,42,34,32,27,16,11,7,4,BO_S127,Yes,Yes,No,Yes,0, , ,,, ,Collective Settlement/Centre,Maimusari, ,0,181,IOM DTM RD24 August 2018,Adam Kolo
29,dd90ef4e-0e2b-46f7-86a7-0d040e1d67a6,6911,1517529600000,dennis.irorere,Galtimari,"11306",Jere,"113",Borno,BR,INGO,Yes,Yes,25,4,3,34,23,25,16,10,7,7,4,BO_S148,Yes,Yes,No,Yes,0, , ,,, ,Collective Settlement/Centre,Galtimari, ,0,133,IOM DTM RD24 August 2018,Abulam
30,8355d94e-d9d6-4d43-ad47-6d17214178e1,6912,1517529600000,dennis.irorere,Gamboru,"12405",Maiduguri,"124",Borno,BR,NGO,Yes,Yes,47,4,3,53,44,43,35,28,23,6,4,BO_S147,Yes,Yes,No,Yes,0, , ,,, ,Collective Settlement/Centre,Gamboru, ,0,243,IOM DTM RD24 August 2018,Allamin Dagash Garage
31,85d15d73-d535-4354-93c4-6261b8195b5b,6913,1517529600000,dennis.irorere,Maisandari,"12413",Maiduguri,"124",Borno,BR,INGO,Yes,Yes,47,4,2,46,38,39,32,15,12,9,7,BO_S116,Yes,Yes,Yes,Yes,0, , ,,, ,Collective Settlement/Centre,Kaigama, ,0,204,IOM DTM RD24 August 2018,Awulam Camp
32,9f750c0b-b05b-4212-aa0c-cf595b20abc7,7137,1517529600000,dennis.irorere,Kadarko,PLSWAS07,Wase,"32017",Plateau,PL, , , ,0,0,0,0,0,0,0,0,0,0,0,PL_S009, , , , ,0, , ,,,Informal,Collective Settlement/Centre,Ungwan Galadima, ,0,0,IOM DTM RD24 August 2018,Ungwan Galadima
33,70386af6-0135-4686-8140-d266af8d2909,6914,1517529600000,dennis.irorere,Maisandari,"12413",Maiduguri,"124",Borno,BR,INGO,Yes,Yes,24,1,1,17,16,20,15,6,4,6,2,BO_S105,Yes,Yes,Yes,Yes,0, , ,,, ,Collective Settlement/Centre,Kaigama, ,0,88,IOM DTM RD24 August 2018,Ali Dawari Camp 1
34,537e102a-4a0b-4912-854a-69570ba5ea56,6915,1517529600000,dennis.irorere,Maisandari,"12413",Maiduguri,"124",Borno,BR,INGO,Yes,Yes,21,5,1,13,12,13,10,10,8,5,5,BO_S104,Yes,Yes,Yes,Yes,0, , ,,, ,Collective Settlement/Centre,Kaigama, ,0,82,IOM DTM RD24 August 2018,Ali Dawari Camp 2
35,34356b35-391f-4316-a078-9c2221ad83f8,7119,1517529600000,dennis.irorere,Gajiram,"12604",Nganzai,"126",Borno,BR, , , ,0,0,0,0,0,0,0,0,0,0,0,BO_S156, , ,No, ,0, , ,,, ,Collective Settlement/Centre,Balamari, ,0,0,IOM DTM RD24 August 2018,Kasudinna Camp
36,991b89a2-f6ca-4bfe-9dcf-1c7f2cff8278,6916,1517529600000,dennis.irorere,Maisandari,"12413",Maiduguri,"124",Borno,BR,INGO,Yes,Yes,56,8,6,61,50,44,36,29,24,10,9,BO_S115,Yes,Yes,No,Yes,0, , ,,, ,Collective Settlement/Centre,Kaigama, ,0,277,IOM DTM RD24 August 2018,Ajiri
37,a41b2e1b-96e9-4014-82eb-314410408eb7,6917,1517529600000,dennis.irorere,Damboa,"10703",Damboa,"107",Borno,BR,INGO,Yes,Yes,1176,126,106,898,724,811,463,346,233,80,74,BO_S090,Yes,Yes,Yes,Yes,0, , ,,, ,Collective Settlement/Centre,Damboa Town, ,0,3861,IOM DTM RD24 August 2018,Central Primary School Damboa
38,1b83b6f4-c07a-487f-8c5e-dae571e23225,6918,1517529600000,dennis.irorere,Bolori 2,"12402",Maiduguri,"124",Borno,BR,NGO,Yes,Yes,12,1,1,19,14,19,16,10,9,3,2,BO_S157,Yes,Yes,Yes,Yes,0, , ,,, ,Collective Settlement/Centre,Bolori Gana, ,0,94,IOM DTM RD24 August 2018,Dala Standard
39,cefed926-2df4-44d4-8f98-10be79d25fce,6919,1517529600000,dennis.irorere,Maisandari,"12413",Maiduguri,"124",Borno,BR,INGO,Yes,No,46,8,6,54,44,39,32,25,21,10,7,BO_S155,Yes,Yes,Yes,Yes,0, , ,,, ,Camp,Kaigama, ,0,246,IOM DTM RD24 August 2018,Busugu
40,1fea398a-5e1b-4d3b-a316-2276a562775f,6920,1517529600000,dennis.irorere,Maisandari,"12413",Maiduguri,"124",Borno,BR,INGO,Yes,Yes,25,2,2,20,17,15,13,7,6,5,3,BO_S107,Yes,Yes,No,Yes,0, ,Government,,, ,Collective Settlement/Centre,Kaigama, ,0,90,IOM DTM RD24 August 2018,Bulabrin
41,22c40294-7487-4cd0-b8d4-3895025dee1b,6921,1517529600000,dennis.irorere,Bolori 2,"12402",Maiduguri,"124",Borno,BR,INGO,Yes,Yes,41,6,7,65,48,63,41,39,28,14,10,BO_S130,No,Yes,Yes,Yes,0, ,Individual/Private,,, ,Collective Settlement/Centre,Bolori Gana, ,0,321,IOM DTM RD24 August 2018,Dogongida Camp
42,d933574f-b3ae-489a-9ea9-fde42fd2a2ce,6922,1517529600000,dennis.irorere,Monguno,"12307",Monguno,"123",Borno,BR,INGO,Yes,Yes,1078,90,74,1109,907,959,785,659,539,180,147,BO_S094,Yes,Yes,No,Yes,0, ,Government,,, ,Collective Settlement/Centre,Gana Ali, ,0,5449,IOM DTM RD24 August 2018,Gana Ali
43,9ab89ee5-2b65-41f4-8dae-9fb8a192b093,6923,1517529600000,dennis.irorere,Lamisula,"12410",Maiduguri,"124",Borno,BR,Government,Yes,Yes,38,3,2,52,42,36,29,27,22,6,5,BO_S106,Yes,Yes,Yes,Yes,0, , ,,, ,Collective Settlement/Centre,Lamisula, ,0,224,IOM DTM RD24 August 2018,Gidan Mandara
44,14e5ba8d-5373-405b-b631-473a6df3f4fd,6924,1517529600000,dennis.irorere,Galtimari,"11306",Jere,"113",Borno,BR,INGO,Yes,Yes,12,2,2,14,11,10,8,7,4,3,1,BO_S069,Yes,Yes,Yes,Yes,0, , ,,, ,Collective Settlement/Centre,Old GRA, ,0,62,IOM DTM RD24 August 2018,Gombole Site
45,c9e635f3-f025-4cda-a71c-1d4433e8e651,7098,1517529600000,dennis.irorere,Galtimari,"11306",Jere,"113",Borno,BR, , , ,0,0,0,0,0,0,0,0,0,0,0,BO_S120, , ,Yes, ,0, , ,,, ,Collective Settlement/Centre,Fori Lawanti, ,0,0,IOM DTM RD24 August 2018,Gidan Yan Manguno
46,55f25eb2-0a7a-4d00-81ff-9ccbd05f8fcb,6928,1517529600000,dennis.irorere,Mairi,"11309",Jere,"113",Borno,BR,Government,Yes,Yes,16,2,1,22,14,19,9,9,4,4,2,BO_S131,Yes,Yes,No,No,0, , ,,, ,Collective Settlement/Centre,Mairi Central, ,0,86,IOM DTM RD24 August 2018,Layin Elka
47,28fd49ce-8892-44c7-ab10-cce881b12cf4,6929,1517529600000,dennis.irorere,Dikwa,"10803",Dikwa,"108",Borno,BR,INGO,Yes,Yes,1224,67,45,1272,984,1118,744,657,528,120,107,BO_S139,Yes,Yes,No,No,0, , ,,, ,Collective Settlement/Centre,Shehu Sanda, ,0,5642,IOM DTM RD24 August 2018,Mohammed Kyarimi
48,f90da49a-680d-4dfc-8421-6baf8affc54e,6933,1517529600000,dennis.irorere,Dusuman,"11307",Jere,"113",Borno,BR,Local Clinic,Yes,Yes,80,8,5,96,78,77,62,51,41,11,8,BO_S033,Yes,Yes,Yes,Yes,0, , ,1409616000000,1409616000000,Open,Camp,Muna Kumburi,Muna Primary,0,437,IOM DTM RD24 August 2018,Muna Kumburi GDSS
49,b5167787-c554-4806-8789-94775f6e8ea1,6934,1517529600000,dennis.irorere,Mairi,"11309",Jere,"113",Borno,BR,Government,Yes,Yes,4426,425,390,5262,4795,4559,3867,3524,2456,1053,850,BO_S016,Yes,Yes,Yes,Yes,8029600322,SEMA/NEMA/NGO,Government,1427068800000,1427068800000,Open,Collective Settlement/Centre,Dalori Idp Camp,Dalori Idp Camp,0,27181,IOM DTM RD24 August 2018,Federal Training Center Camp
50,83e95a11-3cbd-4408-b082-abda64dd8b0f,6935,1517529600000,dennis.irorere,Maisandari,"12413",Maiduguri,"124",Borno,BR,INGO,Yes,Yes,6308,450,369,4832,3954,3596,2942,1798,1471,562,459,BO_S010,Yes,Yes,Yes,Yes,8065379002,NEMA,Government,1422489600000,1422489600000,Open,Camp,Bakassi IDP Camp,Bakasi Camp,0,20433,IOM DTM RD24 August 2018,Bakassi IDPs Camp
51,3b601459-06f4-4dd8-a4d5-c8a89d873dab,6936,1517529600000,dennis.irorere,Galtimari,"11306",Jere,"113",Borno,BR,INGO,Yes,Yes,45,13,9,62,49,45,36,29,24,8,5,BO_S004,Yes,Yes,Yes,Yes,0, ,INGO,1409529600000,1409529600000,Open,Collective Settlement/Centre,Galtimari,Bale Galtimari Primary School,0,280,IOM DTM RD24 August 2018,Galtimari Primary School IDP Camp
52,5d56ac72-11da-4d39-bab3-7f7bb3a263bf,7118,1517529600000,dennis.irorere,Benisheikh,"11401",Kaga,"114",Borno,BR, , , ,0,0,0,0,0,0,0,0,0,0,0,BO_S161, , ,Yes, ,0, , ,,,Informal,Camp,Bulama Bukar Kolo, ,0,0,IOM DTM RD24 August 2018,Low Cost 2
53,b5400611-9bdf-4eb7-8987-c1a8813b21d9,6937,1517529600000,dennis.irorere,Old Maiduguri,"11311",Jere,"113",Borno,BR,Government,Yes,Yes,1046,51,56,1342,1055,875,776,499,460,104,109,BO_S003,Yes,Yes,Yes,Yes,8035038011,NEMA,Government,1420243200000,1420243200000,Open,Camp,Madinatu,Madinatu Camp,0,5327,IOM DTM RD24 August 2018,Madinatu Primary School IDP Camp
54,7ca9bca8-0e6d-4c0f-bd4a-d98a3ec6bdaa,6938,1517529600000,dennis.irorere,Mafoni,"12412",Maiduguri,"124",Borno,BR,Government,Yes,Yes,451,47,42,455,365,347,303,190,179,97,88,BO_S013,Yes,Yes,Yes,Yes,8064860081,NEMA,Government,1421625600000,1421625600000,Open,Collective Settlement/Centre,Mafoni,Mogcolis Camp,0,2113,IOM DTM RD24 August 2018,Mogcoli IDP Camp
55,94945099-f6b5-402e-8004-98da51c450b5,6939,1517529600000,dennis.irorere,Maisandari,"12413",Maiduguri,"124",Borno,BR,INGO,Yes,Yes,1679,101,83,1426,1167,1028,841,564,461,199,162,BO_S009,Yes,Yes,Yes,Yes,8067170121,NEMA,Government,1402876800000,1402876800000,Open,Collective Settlement/Centre,Moduganari,NYSC Camp Borno,0,6032,IOM DTM RD24 August 2018,NYSC IDP Camp
56,"08bd482b-b48d-4eba-9725-5fd8720cc242",6940,1517529600000,dennis.irorere,Njiwaji / Gwange,"70309",Damaturu,"703",Yobe,YO, , , ,0,0,0,0,0,0,0,0,0,0,0,YB_S001, , ,No,Yes,0, ,Government,,,Formal,Camp,Pompomari Primary School, ,0,0,IOM DTM RD24 August 2018,Pompomari Pry School
57,b4362163-2fa5-445e-8cda-52ca3cfff048,6941,1517529600000,dennis.irorere,Kukareta Warsala,"70306",Damaturu,"703",Yobe,YO,Government,Yes,Yes,883,46,38,1888,1110,483,467,401,374,273,218,YB_S003,Yes,Yes,No,Yes,0, , ,,,Formal,Collective Settlement/Centre,Kukareta Pri School, ,0,5298,IOM DTM RD24 August 2018,Kukareta Pri School
58,22423bf0-d9bb-4eea-960f-41d3fe492fd7,6943,1517529600000,dennis.irorere,Gambir Moduri,"70304",Damaturu,"703",Yobe,YO,NGO,Yes,Yes,374,38,31,752,424,192,186,173,162,148,132,YB_S005,Yes,Yes,Yes,Yes,0, , ,,,Informal,Collective Settlement/Centre,Kasaisa Village, ,0,2238,IOM DTM RD24 August 2018,Kasaisa Village
59,e4ce3aba-f4eb-4db0-a382-d4bfa3b1de2f,7183,1517529600000,adanna.alex,Gajiram,"12604",Nganzai,"126",Borno,BR, , , ,0,0,0,0,0,0,0,0,0,0,0, , , , , ,0, , ,,, ,Not identified,Gajiram, ,0,0,eHA_Polio,Gajiram Secretariate Complex
60,1c86ecef-631e-4239-9e02-93b9405a56e7,6944,1517529600000,dennis.irorere,Damakasu,"70302",Damaturu,"703",Yobe,YO,Government,Yes,No,118,11,9,230,168,58,54,52,43,45,38,YB_S006,Yes,Yes,No,No,0, , ,,,Informal,Camp,Huri Village, ,0,708,IOM DTM RD24 August 2018,Huri Village Camp
61,876c0dca-1eb0-43b6-ad33-2a211971f8b7,7185,1517529600000,adanna.alex,Jigalta,"12606",Nganzai,"126",Borno,BR, , , ,0,0,0,0,0,0,0,0,0,0,0, , , , , ,0, , ,,, ,Not identified,Along Monguno Road, ,0,0,eHA_Polio,Jigalta Ward
62,c6b8d89c-cf5f-4f89-84ea-ba54d3c9b0f2,6945,1517529600000,dennis.irorere,Kona,TRSJAL03,Jalingo,"35007",Taraba,TA,Government,Yes,Yes,92,2,3,120,90,150,110,45,25,15,10,TR_S003,No,Yes,Yes,Yes,0, , ,,,Informal,Collective Settlement/Centre,Murtai, ,0,570,IOM DTM RD24 August 2018,Murtai Camp
63,fa651ab5-d77e-45c0-9d9d-7dbe04581a19,6946,1517529600000,dennis.irorere,Kona,TRSJAL03,Jalingo,"35007",Taraba,TA,Government,Yes,Yes,76,6,4,50,40,100,90,42,28,12,8,TR_S018,No,Yes,Yes,Yes,0, , ,,,Informal,Collective Settlement/Centre,Gullum Clinic Camp, ,0,380,IOM DTM RD24 August 2018,Gullum Clinic Camp
64,6283a36a-1167-47b9-90cf-cef93d67c4aa,6948,1517529600000,dennis.irorere,Namtari,ADSYLA08,Yola South,"2021",Adamawa,AD,INGO,Yes,No,460,44,64,575,599,437,449,226,256,80,77,AD_S004,Yes,Yes,No,No,0, , ,,,Informal,Camp,Malkohi Village, ,0,2807,IOM DTM RD24 August 2018,Malkohi Village
65,d068db31-c5ce-48bd-bfaf-1fd743883fe4,6950,1517529600000,dennis.irorere,Luggere,ADSYLN08,Yola North,"2020",Adamawa,AD,NGO,Yes,Yes,120,4,3,135,74,126,114,52,42,8,6,AD_S008,Yes,Yes,Yes,Yes,0, ,Religious Entity,,,Formal,Collective Settlement/Centre,St Theresas Cathedral, ,0,564,IOM DTM RD24 August 2018,St Theresas Cathedral
66,5a31efef-f32b-4f95-afb4-68ba28aca674,6951,1517529600000,dennis.irorere,Fufore,ADSFUR03,Fufore,"2002",Adamawa,AD,INGO,Yes,Yes,339,40,30,386,305,216,188,144,132,38,27,AD_S019,Yes,Yes,Yes,Yes,0, ,Government,,,Formal,Camp,Fufore, ,0,1506,IOM DTM RD24 August 2018,Fufore Camp
67,1c15bae0-95ca-4263-b341-bab3434b4c8b,6952,1517529600000,dennis.irorere,Galtimari,"11306",Jere,"113",Borno,BR,Government,Yes,Yes,68,16,14,82,68,59,49,35,29,12,10,BO_S035,Yes,Yes,Yes,Yes,0, , ,1407974400000,1407974400000, ,Collective Settlement/Centre,Fori Lawanti, ,0,374,IOM DTM RD24 August 2018,Ajijari
68,f7315fde-f961-4201-8f8f-d4d7a3aa75b6,6953,1517529600000,dennis.irorere,Gwange 3,"12409",Maiduguri,"124",Borno,BR,Government,Yes,No,39,6,2,43,37,38,25,16,13,7,4,BO_S036,Yes,Yes,Yes,Yes,0, , ,,, ,Collective Settlement/Centre,Ambasador Yusufari, ,0,191,IOM DTM RD24 August 2018,Bakin Kogi Camp
69,3aa7c6ac-18e5-48dd-9e8e-bb2649340e6c,6954,1517529600000,dennis.irorere,Galtimari,"11306",Jere,"113",Borno,BR,INGO,Yes,Yes,38,5,4,75,51,48,39,19,15,15,10,BO_S019,Yes,Yes,Yes,Yes,0, , ,,, ,Collective Settlement/Centre,Galtimari, ,0,281,IOM DTM RD24 August 2018,Can Catholic Secretariat
70,3634e071-1fa4-4ea2-a3a5-053a7cad26ad,6955,1517529600000,dennis.irorere,Maisandari,"12413",Maiduguri,"124",Borno,BR,INGO,Yes,Yes,430,28,23,587,482,406,332,309,252,70,57,BO_S012,Yes,Yes,Yes,Yes,0, ,Government,,, ,Camp,WTC Quarters, ,0,2546,IOM DTM RD24 August 2018,EYN Camp
71,3a780079-58bf-4d91-917e-407bfed53f21,6956,1517529600000,dennis.irorere,Auno,"11602",Konduga,"116",Borno,BR,Government,Yes,Yes,30,4,2,35,39,30,14,21,17,7,5,BO_S044,Yes,Yes,Yes,Yes,0, , ,,, ,Collective Settlement/Centre,Auno, ,0,174,IOM DTM RD24 August 2018,Gidan Talatin
72,47deceeb-4f13-4421-a706-0abd421024d3,6957,1517529600000,dennis.irorere,Bolori 1,"12401",Maiduguri,"124",Borno,BR,INGO,Yes,Yes,50,6,3,62,56,57,23,43,22,13,7,BO_S046,Yes,Yes,Yes,Yes,0, , ,,, ,Collective Settlement/Centre,Shagari Lowcost, ,0,292,IOM DTM RD24 August 2018,Jafra Shagari Camp
73,e3617b68-960f-496b-8960-f92e08ffafe9,6960,1517529600000,dennis.irorere,Maisandari,"12413",Maiduguri,"124",Borno,BR,INGO,Yes,Yes,160,27,22,199,162,214,175,59,48,37,31,BO_S041,Yes,Yes,Yes,Yes,0,MODU GARTAR, ,1410652800000,1410652800000, ,Collective Settlement/Centre,Kaigama, ,0,974,IOM DTM RD24 August 2018,Suleimanti
74,3c92080e-d1f8-4d85-b19a-58fc0b64002a,6961,1517529600000,dennis.irorere,Lamisula,"12410",Maiduguri,"124",Borno,BR,Government,Yes,Yes,21,2,2,45,36,31,25,24,19,6,4,BO_S039,Yes,Yes,Yes,Yes,0, , ,,, ,Collective Settlement/Centre,Damasak, ,0,194,IOM DTM RD24 August 2018,Wulari Dujima
75,db07b87c-46dc-47f4-80a9-8dafefb14f08,6962,1517529600000,dennis.irorere,Bolori 1,"12401",Maiduguri,"124",Borno,BR,Government,Yes,Yes,19,2,2,34,21,26,20,16,13,7,4,BO_S043,Yes,Yes,Yes,Yes,0, , ,1402272000000,1402272000000, ,Collective Settlement/Centre,Living Faith Church, ,0,145,IOM DTM RD24 August 2018,Living Faith Church
76,c012fa6a-2286-4246-bd47-234697e2a30d,6963,1517529600000,dennis.irorere,Bolori 1,"12401",Maiduguri,"124",Borno,BR,Government,Yes,Yes,395,27,22,564,461,389,319,295,242,67,55,BO_S040,Yes,Yes,Yes,Yes,0, ,Government,1404432000000,1404432000000, ,Collective Settlement/Centre,Shuwari, ,0,2441,IOM DTM RD24 August 2018,DCC Shuwari
77,52f2cb05-eb96-4f44-9371-a7cef741efaf,6964,1517529600000,dennis.irorere,Dusuman,"11307",Jere,"113",Borno,BR,INGO,Yes,Yes,3514,490,401,4862,3978,2475,2025,1504,1229,477,390,BO_S018,Yes,Yes,Yes,No,0,SEMA/NEMA,Government,1394841600000,1394841600000,Open,Collective Settlement/Centre,Farm Centre, ,0,17831,IOM DTM RD24 August 2018,Farm Center
78,5111370c-cbc9-421c-9522-d7171163c49e,6965,1517529600000,dennis.irorere,Bolori 1,"12401",Maiduguri,"124",Borno,BR,INGO,Yes,Yes,63,10,9,62,51,54,45,18,14,11,8,BO_S042,Yes,Yes,Yes,Yes,7080016894, , ,1417564800000,1417564800000, ,Collective Settlement/Centre,Shuwari, ,0,282,IOM DTM RD24 August 2018,Federal Lowcost Chezcoan
79,5d79b894-dcd5-4697-82f9-bab426e422d2,6966,1517529600000,dennis.irorere,Bolori 1,"12401",Maiduguri,"124",Borno,BR,INGO,Yes,Yes,2508,241,213,3291,2585,2604,2217,1489,1373,559,495,BO_S014,Yes,Yes,Yes,Yes,70376704061,NEMA,Government,1410220800000,1410220800000,Open,Collective Settlement/Centre,Bolori,Teachers Village,0,15067,IOM DTM RD24 August 2018,Teachers Village IDP Camp
80,ceb3f468-0434-4848-a039-c25d79d70814,7015,1517529600000,dennis.irorere,Old Maiduguri,"11311",Jere,"113",Borno,BR,NGO,Yes,Yes,150,10,6,199,153,124,119,73,68,16,15,BO_S114,Yes,Yes,Yes,Yes,0, , ,,, ,Camp,Lari Kari, ,0,783,IOM DTM RD24 August 2018,Old Maiduguri Police Station Camp
81,10c71f76-f371-42b1-84c4-860512d30ca5,6967,1517529600000,dennis.irorere,Mairi,"11309",Jere,"113",Borno,BR,Government,Yes,No,21,4,2,35,21,25,19,12,8,6,2,BO_S056,Yes,Yes,Yes,Yes,0, , ,1389225600000,1389225600000, ,Collective Settlement/Centre,Mairi Central, ,0,134,IOM DTM RD24 August 2018,Orji Kalu House
82,cd77c804-4576-4085-a028-a6462c1ecfd6,6968,1517529600000,dennis.irorere,Bolori 1,"12401",Maiduguri,"124",Borno,BR,INGO,Yes,Yes,105,15,16,133,123,98,86,60,55,28,23,BO_S025,Yes,Yes,Yes,Yes,0, ,Individual/Private,1402358400000,1402358400000, ,Collective Settlement/Centre,Shuwari,Sabongari Buzu Camp,0,637,IOM DTM RD24 August 2018,Sabongari Buzu Camp
83,e1fc3623-62cf-4647-b50e-d197bc132137,6969,1517529600000,dennis.irorere,Bolori 1,"12401",Maiduguri,"124",Borno,BR,Government,Yes,Yes,752,173,144,1145,938,976,799,346,284,229,190,BO_S024,Yes,Yes,Yes,Yes,0, , ,1415750400000,1415750400000, ,Collective Settlement/Centre,Shuwari, ,0,5224,IOM DTM RD24 August 2018,Garba Buzu Quarter
84,7e071a6d-faa7-466c-8125-2ed24cefd42d,7020,1517529600000,dennis.irorere,Monguno,"12307",Monguno,"123",Borno,BR,INGO,Yes,Yes,3727,415,340,6870,4579,3778,3092,2519,2061,830,679,BO_S059,No,Yes,No,Yes,0, ,Government,,, ,Not identified,Monguno, ,0,25163,IOM DTM RD24 August 2018,Government Girls Secondary School
85,9d490ce1-621a-432d-aa61-b983f0064373,7188,1517529600000,adanna.alex,Dala,"11312",Jere,"113",Borno,BR, , , ,0,0,0,0,0,0,0,0,0,0,0, , , , , ,0, , ,1465862400000,1465862400000,Open,Not identified,Dala Sandari, ,0,0,eHA_Polio,Dala Sandari IDP Camp
86,7afc7e43-956d-457a-905d-4a40000ec369,6970,1517529600000,dennis.irorere,Benisheikh,"11401",Kaga,"114",Borno,BR,INGO,Yes,Yes,412,55,34,344,277,345,306,79,73,49,47,BO_S029,Yes,Yes,Yes,No,0, , ,1424649600000,1424649600000, ,Collective Settlement/Centre,Bulama Bukar Kolo,Lowcost SDP,0,1609,IOM DTM RD24 August 2018,Lowcost SDP
87,d397b472-95dd-439a-a3eb-ad542f652cd8,6971,1517529600000,dennis.irorere,Shehuri North,"12414",Maiduguri,"124",Borno,BR,NGO,Yes,Yes,563,45,36,608,498,487,398,320,261,62,50,BO_S053,Yes,Yes,Yes,Yes,0, ,INGO,1417564800000,1417564800000, ,Collective Settlement/Centre,Gamboru, ,0,2765,IOM DTM RD24 August 2018,Kawarmela
88,530077a9-bbb7-4fdb-bffc-58b588d84904,6972,1517529600000,dennis.irorere,Gamboru,"12405",Maiduguri,"124",Borno,BR,Government,Yes,Yes,38,4,2,46,38,37,30,24,20,5,3,BO_S048,Yes,Yes,Yes,Yes,0, , ,1402704000000,1402704000000, ,Collective Settlement/Centre,Gamboru, ,0,209,IOM DTM RD24 August 2018,Kasuwan Shanu Gidan Kifi
89,853e0b6f-8a3f-4505-9f2d-80f45ba9db59,6973,1517529600000,dennis.irorere,Gajiram,"12604",Nganzai,"126",Borno,BR, , , ,0,0,0,0,0,0,0,0,0,0,0,BO_S063, , ,Yes,No,0, , ,,, ,Not identified,Gajiram, ,0,0,IOM DTM RD24 August 2018,Gajiram Central Primary School 2
90,c6c0d9e8-cd12-44fa-90de-899bb10ded8d,6974,1517529600000,dennis.irorere,Gajiram,"12604",Nganzai,"126",Borno,BR, , , ,0,0,0,0,0,0,0,0,0,0,0,BO_S062, , ,Yes,No,0, , ,,, ,Not identified,Gajiram, ,0,0,IOM DTM RD24 August 2018,Gajiram Central Primary School 1
91,5698439b-70bf-4c2a-bb8f-b054cb7e6671,6975,1517529600000,dennis.irorere,Maisandari,"12413",Maiduguri,"124",Borno,BR,INGO,Yes,Yes,25,3,2,37,25,30,24,14,10,3,3,BO_S121,Yes,Yes,Yes,Yes,0, , ,,, ,Collective Settlement/Centre,Kaigama, ,0,151,IOM DTM RD24 August 2018,Dalwa
92,c17d0ec3-dde8-48a5-8aa3-da54b0cd5397,6976,1517529600000,dennis.irorere,Damboa,"10703",Damboa,"107",Borno,BR,INGO,Yes,Yes,2167,63,68,2573,1788,535,475,434,385,138,126,BO_S089,Yes,Yes,Yes,Yes,0, ,Government,,, ,Collective Settlement/Centre,Damboa Town, ,0,6585,IOM DTM RD24 August 2018,General Hospital Damboa
93,6f6ccc80-89ff-4a43-b20a-0efede200e0a,6977,1517529600000,dennis.irorere,Mairi,"11309",Jere,"113",Borno,BR,INGO,Yes,No,38,4,4,47,41,36,33,19,13,7,6,BO_S034,Yes,Yes,Yes,No,0, , ,,, ,Collective Settlement/Centre,Mairi Central, ,0,210,IOM DTM RD24 August 2018,Uni Guest
94,e0ef7b77-5ef1-4bb1-bc0f-8fde482d0ee4,6978,1517529600000,dennis.irorere,Monguno,"12307",Monguno,"123",Borno,BR,INGO,Yes,Yes,207,12,9,141,115,122,99,84,68,23,18,BO_S203,Yes,Yes,Yes,Yes,0, , ,1474416000000,1474416000000,Informal,Collective Settlement/Centre,Chesala, ,4462,691,IOM DTM RD24 August 2018,Fulatari Camp
95,24f52ef3-c842-41c8-b3c2-1d7c1ce115f0,6979,1517529600000,dennis.irorere,Hambagda Limankara Jaje,"11107",Gwoza,"111",Borno,BR,INGO,Yes,Yes,776,96,78,985,805,696,570,504,413,120,98,BO_S073,Yes,Yes,Yes,Yes,0, , ,1427241600000,1427241600000, ,Formal,20 Housing Estate, ,0,4365,IOM DTM RD24 August 2018,20 Housing Estate
96,6210565a-8c7a-49fd-8619-92c303fdb5c0,7116,1517529600000,dennis.irorere,Baga,"11702",Kukawa,"117",Borno,BR, , , ,0,0,0,0,0,0,0,0,0,0,0,BO_S169, , ,Yes, ,0, , ,,,Informal,Camp,Barwati, ,0,0,IOM DTM RD24 August 2018,Baga Primary School
97,686dd53a-ba88-4be5-86bc-dbd722c90790,6980,1517529600000,dennis.irorere,Old Maiduguri,"11311",Jere,"113",Borno,BR,INGO,Yes,Yes,1105,56,58,1469,1108,922,852,536,494,112,117,BO_S068,Yes,Yes,Yes,Yes,0, ,INGO,,,Informal,Camp,Faria Comp, ,300,5724,IOM DTM RD24 August 2018,Faria Gidan Block Camp
98,ac53b7aa-762a-485b-af13-fb02b4bca099,6981,1517529600000,dennis.irorere,Monguno,"12307",Monguno,"123",Borno,BR,INGO,Yes,Yes,941,113,93,1393,1140,1205,986,828,678,226,185,BO_S098,Yes,Yes,Yes,Yes,0, ,Government,,,Formal,Collective Settlement/Centre,Monguno Town, ,0,6847,IOM DTM RD24 August 2018,Government Day Secondary Monguno
99,640c363c-b71c-42ca-a283-5963c5c9d574,6982,1517529600000,dennis.irorere,Monguno,"12307",Monguno,"123",Borno,BR,INGO,Yes,Yes,2905,266,218,4403,2936,2422,1981,1615,1321,532,436,BO_S092,Yes,Yes,Yes,Yes,0, ,Government,,,Formal,Collective Settlement/Centre,Monguno Town, ,0,16130,IOM DTM RD24 August 2018,Kuya Primary School Monguno
100,52ccb646-fe24-44f3-bce4-ad8c8d1b4ac7,6983,1517529600000,dennis.irorere,Monguno,"12307",Monguno,"123",Borno,BR,NGO,Yes,Yes,5241,459,375,6961,5695,4176,3417,2784,2278,918,751,BO_S133,Yes,Yes,No,Yes,0, ,Government,,,Formal,Collective Settlement/Centre,Monguno Town, ,0,27814,IOM DTM RD24 August 2018,Government Senior Science School Monguno
101,b184415d-c63e-48dc-8006-758aa24d7f47,6984,1517529600000,dennis.irorere,Bulabulin,"11103",Gwoza,"111",Borno,BR,INGO,Yes,Yes,235,15,12,311,255,215,176,156,127,45,36,BO_S111,Yes,Yes,Yes,Yes,0, , ,1427241600000,1427241600000,Informal,Collective Settlement/Centre,Gwoza Wakane Primary School, ,78,1348,IOM DTM RD24 August 2018,Gwoza Wakane Primary School
102,41792bd2-9025-4c00-be71-d80b6bf5ecda,6985,1517529600000,dennis.irorere,Dusuman,"11307",Jere,"113",Borno,BR,INGO,Yes,No,1467,142,115,1903,1556,586,479,439,359,159,130,BO_S151,Yes,Yes,Yes,Yes,0, ,Government,1465862400000,1465862400000,Informal,Collective Settlement/Centre,Muna Dutsman,Custom House,1722,5868,IOM DTM RD24 August 2018,Muna Custom House IDPs Camp
103,a973c264-3431-4191-abf8-3490ed1d73c7,6986,1517529600000,dennis.irorere,Dikwa,"10803",Dikwa,"108",Borno,BR,NGO,Yes,Yes,1523,93,63,1678,1647,1349,1039,902,739,194,127,BO_S138,Yes,Yes,Yes,Yes,0, ,INGO,1474329600000,1474329600000,Informal,Collective Settlement/Centre,Sangaya Idps Camp, ,1000,7831,IOM DTM RD24 August 2018,Sangaya Idp
104,4fb427a1-8517-4827-8dea-ac22fb5be33d,6987,1517529600000,dennis.irorere,Jigalta,"12606",Nganzai,"126",Borno,BR,Government,Yes,Yes,41,12,9,47,39,43,35,21,25,11,12,BO_S152,Yes,Yes,Yes,Yes,0, , ,,, ,Not identified,Nganzai, ,0,254,IOM DTM RD24 August 2018,Gasarwa Primary School Clinic
105,296e0277-2de7-4296-9e77-cf1df53edfbb,6988,1517529600000,dennis.irorere,Gajiganna,"12005",Magumeri,"120",Borno,BR,NGO,Yes,Yes,533,49,44,575,513,293,240,353,342,75,71,BO_S190,No,Yes,Yes,Yes,0, , ,,,Informal,Camp,Kori, ,0,2555,IOM DTM RD24 August 2018,Admin Block
106,dd98bec9-ce37-4d78-9a27-05df7fd22e37,6989,1517529600000,dennis.irorere,Dikwa,"10803",Dikwa,"108",Borno,BR,INGO,Yes,Yes,467,61,54,498,441,373,306,223,198,63,74,BO_S205,Yes,Yes,No,Yes,0, , ,,,Informal,Camp,Kulagoru, ,0,2291,IOM DTM RD24 August 2018,Ajari Camp
107,"0291d015-5847-4251-b4c1-912e96c93484",6990,1517529600000,dennis.irorere,Mashamari,"11305",Jere,"113",Borno,BR,INGO,Yes,Yes,31,3,2,45,39,19,13,19,15,4,3,BO_S197,Yes,Yes,No,No,0, , ,,,Informal,Collective Settlement/Centre,Goni Kachallari, ,0,162,IOM DTM RD24 August 2018,Alhaji Adam House 2
108,9de8659f-8104-4469-a5b6-1f62139a6d19,6991,1517529600000,dennis.irorere,Bolori 2,"12402",Maiduguri,"124",Borno,BR,Government,Yes,Yes,10,1,0,13,8,6,8,6,5,2,2,BO_S187,Yes,Yes,Yes,Yes,0, , ,,,Informal,Collective Settlement/Centre,Bolori Gana, ,0,51,IOM DTM RD24 August 2018,Beni Farin Gida
109,ec18fc46-2f58-4193-96be-31d0b58d3d78,6992,1517529600000,dennis.irorere,Gajiganna,"12005",Magumeri,"120",Borno,BR, , , ,0,0,0,0,0,0,0,0,0,0,0,BO_S191, , ,Yes,Yes,0, , ,,,Informal,Collective Settlement/Centre,Kori, ,0,0,IOM DTM RD24 August 2018,Central Primary School
110,5181d7b0-822e-48e3-ae6c-74a74f2ab15e,6993,1517529600000,dennis.irorere,Nzuba Wayaram,"10706",Damboa,"107",Borno,BR,INGO,Yes,Yes,68,4,3,69,57,48,39,36,30,8,7,BO_S220,Yes,Yes,Yes,Yes,0, , ,,,Informal,Camp,Wulari, ,0,301,IOM DTM RD24 August 2018,Estate Camp
111,"04cf9a67-9a8f-4a3b-af8f-a93bd822a3ac",7135,1517529600000,dennis.irorere,Rim,PLSRYM10,Riyom,"32015",Plateau,PL, , , ,0,0,0,0,0,0,0,0,0,0,0,PL_S007, , , , ,0, , ,,,Informal,Collective Settlement/Centre,Ekan Primary School, ,0,0,IOM DTM RD24 August 2018,Ekan Primary School
112,45b69fa1-9434-45b1-9ece-ed47f2819cd6,7189,1517529600000,adanna.alex,Maisandari,"12413",Maiduguri,"124",Borno,BR, , , ,0,0,0,0,0,0,0,0,0,0,0, , , , , ,0, , ,1397952000000,1397952000000,Open,Not identified,CBN Kushari, ,1981,0,eHA_Polio,CBN Kushari IDP Camp
113,9924b1f0-6d8d-49f4-96ad-7e3930db0e61,6994,1517529600000,dennis.irorere,Pulka Bokko,"11112",Gwoza,"111",Borno,BR,Local Clinic,Yes,Yes,539,32,27,667,546,504,413,326,266,106,71,BO_S224,Yes,Yes,Yes,Yes,0, , ,,,Informal,Camp,Bulama Manya Tada, ,0,2958,IOM DTM RD24 August 2018,General Hospital Transit Camp Pulka
114,5263c4d4-dabb-4f40-ace2-248ebc973dc6,7127,1517529600000,dennis.irorere,Karagawaru,"11409",Kaga,"114",Borno,BR, , , ,0,0,0,0,0,0,0,0,0,0,0,BO_S208, , ,No, ,0, , ,,,Informal,Collective Settlement/Centre,Usman Garden Husheri, ,0,0,IOM DTM RD24 August 2018,Usman Garden Husheri
115,df94e0d7-86a4-404e-8121-daeb6921df38,6996,1517529600000,dennis.irorere,Gongolong,"11310",Jere,"113",Borno,BR,Government,Yes,No,535,145,96,533,548,562,374,209,139,53,36,BO_S212,Yes,Yes,No,Yes,0, , ,,,Informal,Collective Settlement/Centre,Gongulong, ,0,2695,IOM DTM RD24 August 2018,Kessa Kura
116,dfe49783-ca67-4f0b-af9a-5a2ed208255e,6997,1517529600000,dennis.irorere,Maisandari,"12413",Maiduguri,"124",Borno,BR,INGO,Yes,Yes,76,12,18,127,70,84,69,36,38,28,27,BO_S199,Yes,Yes,No,Yes,0, , ,,,Informal,Collective Settlement/Centre,Kaigama, ,0,509,IOM DTM RD24 August 2018,Kuru Camp
117,e6285c38-e9b6-49a3-bdbd-c1258d215fe4,7186,1517529600000,adanna.alex,Bulabulin,"12403",Maiduguri,"124",Borno,BR, , , ,0,0,0,0,0,0,0,0,0,0,0, , , , , ,0, , ,,, ,Formal,Beya Fura, ,142,0,eHA_Polio,Konduga
118,6bf65b18-6d72-47cd-a557-18422e4c99b1,6998,1517529600000,dennis.irorere,Damboa,"10703",Damboa,"107",Borno,BR,INGO,Yes,Yes,20,3,2,14,18,15,11,7,5,2,1,BO_S218,Yes,Yes,No,Yes,0, , ,,,Informal,Camp,Arege, ,0,78,IOM DTM RD24 August 2018,Mobile Clinic
119,9f0a37c9-1ac6-430c-830c-8372ba957dba,6999,1517529600000,dennis.irorere,Maisandari,"12413",Maiduguri,"124",Borno,BR,INGO,Yes,Yes,36,4,3,47,31,32,22,13,9,7,5,BO_S198,Yes,Yes,No,Yes,0, , ,,,Informal,Camp,Kaigama, ,0,173,IOM DTM RD24 August 2018,Musine
120,83ac9758-9b0b-4668-81bb-83ceaf93d3d1,7000,1517529600000,dennis.irorere,Damboa,"10703",Damboa,"107",Borno,BR,INGO,Yes,Yes,48,7,5,42,37,35,27,16,12,5,3,BO_S221,Yes,Yes,Yes,Yes,0, , ,,,Informal,Camp,Arege, ,0,189,IOM DTM RD24 August 2018,Old Secretariat Camp
121,"0b1bb2a0-d489-4f50-82be-c440776a0978",7001,1517529600000,dennis.irorere,Damboa,"10703",Damboa,"107",Borno,BR,INGO,Yes,Yes,26,2,1,34,25,12,9,11,7,2,2,BO_S223,Yes,Yes,Yes,Yes,0, , ,,,Informal,Camp,Arege, ,0,105,IOM DTM RD24 August 2018,Police Barrack
122,24bacc24-2925-4591-8fcf-4d9ac8fca6a4,7002,1517529600000,dennis.irorere,Dikwa,"10803",Dikwa,"108",Borno,BR,INGO,Yes,Yes,1535,131,146,1467,1298,1023,836,782,665,286,265,BO_S182,Yes,Yes,No,Yes,0, ,INGO,,,Informal,Collective Settlement/Centre,Kulagoru, ,0,6899,IOM DTM RD24 August 2018,Shehuri Camp
123,8000011a-f268-467a-b903-f61272bd35d9,7003,1517529600000,dennis.irorere,Damboa,"10703",Damboa,"107",Borno,BR,INGO,Yes,Yes,161,20,14,123,112,97,87,46,38,13,9,BO_S222,Yes,Yes,Yes,Yes,0, , ,,,Informal,Camp,Arege, ,0,559,IOM DTM RD24 August 2018,Upper Court
124,fa6ecfb0-4c14-40ab-9349-59b176e87775,7004,1517529600000,dennis.irorere,Mashamari,"11305",Jere,"113",Borno,BR,INGO,Yes,Yes,6,1,1,7,5,6,4,4,2,1,0,BO_S165,Yes,Yes,No,No,0, ,Individual/Private,,,Informal,Collective Settlement/Centre,Goni Kachallari, ,0,31,IOM DTM RD24 August 2018,Alhaji Adams House
125,3c5ef1d9-8fa2-4f35-91f6-63d61db4122a,7005,1517529600000,dennis.irorere,Mashamari,"11305",Jere,"113",Borno,BR,NGO,Yes,No,45,7,5,75,61,36,30,38,30,17,11,BO_S163,Yes,Yes,Yes,No,0, , ,,,Informal,Collective Settlement/Centre,Goni Kachallari, ,0,310,IOM DTM RD24 August 2018,Alhaji Mustapha Babagana House
126,6c16927b-5185-4981-9b0f-424594f2262b,7006,1517529600000,dennis.irorere,Mashamari,"11305",Jere,"113",Borno,BR,INGO,Yes,Yes,23,5,2,28,24,28,21,19,14,5,4,BO_S166,Yes,Yes,No,No,0, ,Individual/Private,,,Informal,Collective Settlement/Centre,Goni Kachallari, ,0,150,IOM DTM RD24 August 2018,Bamodu House
127,a3bf945b-5c9b-4f7e-ad8a-ab8048d4e4ec,7007,1517529600000,dennis.irorere,Old Maiduguri,"11311",Jere,"113",Borno,BR,INGO,Yes,Yes,456,26,25,659,497,399,397,236,226,53,50,BO_S178,Yes,Yes,No,Yes,0, ,Government,,,Formal,Transitional Centre,Lari Kari, ,0,2568,IOM DTM RD24 August 2018,El Miskin Transit
128,bcea5a44-4454-4927-81a3-ef947ed0b7e1,7008,1517529600000,dennis.irorere,Song Gari,ADSSNG07,Song,"2018",Adamawa,AD,Government,Yes,No,17,0,0,11,10,10,10,12,10,5,4,AD_S018,Yes,Yes,Yes,No,0, , ,,, ,Collective Settlement/Centre,Anguwan Sarki Labbare, ,0,72,IOM DTM RD24 August 2018,Shagari Quarters Camp
129,44edd03d-006a-4d48-9437-5627a67bd0fd,7738,1517529600000,adanna.alex,Victoria Island,LASEOA20,Eti Osa,"25008",Lagos,LA, , , ,0,0,0,0,0,0,0,0,0,0,0, , , , , ,0, , ,,, ,Not identified,IDP Agoro, ,0,0,GRID,IDP Agoro
130,90d894f8-9929-490e-aeb4-b144b970a069,7009,1517529600000,dennis.irorere,Bolori 1,"12401",Maiduguri,"124",Borno,BR,INGO,Yes,Yes,25,4,2,30,26,26,20,8,5,6,5,BO_S084,Yes,Yes,Yes,Yes,0, ,Individual/Private,,, ,Collective Settlement/Centre,Shuwari, ,0,132,IOM DTM RD24 August 2018,Bullet Quarters
131,1019b390-1350-495f-b000-bdcc4569db23,7010,1517529600000,dennis.irorere,Old Maiduguri,"11311",Jere,"113",Borno,BR,INGO,Yes,Yes,518,102,82,705,512,485,397,284,233,135,108,BO_S113,Yes,Yes,Yes,Yes,0, ,Government,,, ,Camp,Lari Kari, ,0,3043,IOM DTM RD24 August 2018,El Maskin Centre
132,b9b5939a-e03a-4ee4-ba8b-58306735e781,7011,1517529600000,dennis.irorere,Monguno,"12307",Monguno,"123",Borno,BR,INGO,Yes,Yes,219,21,18,262,215,227,185,156,127,42,35,BO_S096,Yes,Yes,No,Yes,0, ,Government,,, ,Collective Settlement/Centre,Monguno, ,0,1288,IOM DTM RD24 August 2018,Gardener Lowcost
133,c1877d37-c25f-4b22-8b5c-2422764da5aa,7012,1517529600000,dennis.irorere,Old Maiduguri,"11311",Jere,"113",Borno,BR,NGO,Yes,Yes,156,6,7,162,118,103,91,55,58,13,12,BO_S072,Yes,Yes,No,Yes,0, , ,,, ,Collective Settlement/Centre,Lari Kari, ,0,625,IOM DTM RD24 August 2018,Korso Bashir Camp
134,5bd84271-5df7-488b-b265-e5be907016b2,7145,1517529600000,dennis.irorere,Kagarko South,KD1106,Kagarko,"19011",Kaduna,KD, , , ,0,0,0,0,0,0,0,0,0,0,0,KD_S005, , , , ,0, , ,,,Informal,Collective Settlement/Centre,Kagarko South, ,0,0,IOM DTM RD24 August 2018,Kagarko South Camp
135,478dd6fe-b3b6-45fd-b80b-c02a924efd30,7013,1517529600000,dennis.irorere,Benisheikh,"11401",Kaga,"114",Borno,BR,INGO,Yes,Yes,474,47,34,1215,974,822,806,248,234,151,137,BO_S101,Yes,Yes,Yes,No,0, , ,,, ,Collective Settlement/Centre,Bulama Bukar Kolo, ,0,4668,IOM DTM RD24 August 2018,Magistrate
136,3658ab97-1abd-4e68-9f04-2138c0b5ec43,7014,1517529600000,dennis.irorere,Mafa,"11908",Mafa,"119",Borno,BR, , , ,0,0,0,0,0,0,0,0,0,0,0,BO_S144, , ,Yes,Yes,0, ,INGO,,, ,Collective Settlement/Centre,Aji Sambori, ,0,0,IOM DTM RD24 August 2018,Mafa Primary School Camp
137,5c6828f3-46a0-488a-9495-f9e1a32af87b,7016,1517529600000,dennis.irorere,Old Maiduguri,"11311",Jere,"113",Borno,BR,Government,Yes,Yes,877,48,47,1208,911,744,716,440,408,96,93,BO_S076,Yes,Yes,No,Yes,0, , ,,, ,Collective Settlement/Centre,Lari Kari, ,0,4711,IOM DTM RD24 August 2018,Shuwari Camp
138,db873aab-c07e-4e02-b3c5-ed7217db1ffc,7168,1517529600000,dennis.irorere,Mutum Biyu A,TRSGAS03,Gassol,"35005",Taraba,TA, , , ,0,0,0,0,0,0,0,0,0,0,0,TR_S024, , ,Yes, ,0, , ,,, ,Collective Settlement/Centre,Government Lodge, ,0,0,IOM DTM RD24 August 2018,Government Lodge
139,a87cc13e-add7-4a73-80fa-84725bfd65f5,7017,1517529600000,dennis.irorere,Dikwa,"10803",Dikwa,"108",Borno,BR,INGO,Yes,Yes,356,29,25,670,447,537,359,328,215,64,44,BO_S140,Yes,Yes,Yes,Yes,0, ,INGO,,,Informal,Collective Settlement/Centre,Agric Store, ,0,2718,IOM DTM RD24 August 2018,Bulabulin Idp Camp
140,"07431c4d-78fb-426f-9463-23b87b844bd8",7019,1517529600000,dennis.irorere,Galtimari,"11306",Jere,"113",Borno,BR,INGO,Yes,Yes,15,2,4,14,11,9,6,9,5,2,1,BO_S124,Yes,Yes,Yes,Yes,0, ,INGO,,, ,Collective Settlement/Centre,Fori Lawanti, ,0,63,IOM DTM RD24 August 2018,Gidan Bredi
141,6a839496-a442-446d-bb7c-8febd54f4b9d,7021,1517529600000,dennis.irorere,Dusuman,"11307",Jere,"113",Borno,BR,NGO,Yes,Yes,33,6,4,44,36,24,20,18,15,5,6,BO_S195,Yes,Yes,No,Yes,0, , ,,, ,Not identified,Muna Dalti, ,0,178,IOM DTM RD24 August 2018,Muna Kori Bula Yalaye
142,edf38665-34b0-429f-8bd9-4e3cabeb222d,7022,1517529600000,dennis.irorere,Auno,"11602",Konduga,"116",Borno,BR,INGO,Yes,Yes,2354,249,210,3014,2640,2601,2135,1791,1570,589,480,BO_S017,Yes,Yes,Yes,Yes,8033208648,NEMA,Government,1431648000000,1431648000000,Open,Collective Settlement/Centre,Shagari Lowcost,400 Housing Esate Gubio,0,15279,IOM DTM RD24 August 2018,Shagari Lowcost IDPs Camp
143,702ba8b7-04d0-40ad-b641-231ad8e8bd60,7132,1517529600000,dennis.irorere,Boboshe,"10802",Dikwa,"108",Borno,BR, , , ,0,0,0,0,0,0,0,0,0,0,0,BO_S136, , ,Yes, ,0, , ,,, ,Collective Settlement/Centre,Alhaji Kolomi House, ,0,0,IOM DTM RD24 August 2018,Alhaji Kolomi House
144,dc7b2c10-c2bb-4513-9818-0bfae6676be3,7023,1517529600000,dennis.irorere,Kirawa Jimin,"11109",Gwoza,"111",Borno,BR,INGO,Yes,Yes,16,11,9,33,29,18,15,23,19,9,7,BO_S215,Yes,Yes,Yes,No,0, ,Individual/Private,,,Informal,Camp,Sabon Gari Bulama Shettima, ,0,173,IOM DTM RD24 August 2018,Alhaji Bashir Liman House
145,e77e6aa6-12a8-44f9-9d84-87a2557f39c9,7024,1517529600000,dennis.irorere,Dusuman,"11307",Jere,"113",Borno,BR,INGO,Yes,Yes,601,79,64,799,652,360,293,288,234,80,65,BO_S196,Yes,Yes,No,Yes,0, ,INGO,,,Informal,Collective Settlement/Centre,Harun Alana Idp Camp, ,0,2914,IOM DTM RD24 August 2018,Custom House 2
146,1c45b642-8cb9-4923-a49a-de0513b1c8ba,7025,1517529600000,dennis.irorere,Dalori,"11603",Konduga,"116",Borno,BR,INGO,Yes,Yes,148,10,8,172,140,71,59,48,40,23,18,BO_S201,Yes,Yes,No,Yes,0, , ,,,Informal,Collective Settlement/Centre,Dalorima House, ,0,589,IOM DTM RD24 August 2018,Dalorima
147,c515edda-cda7-4300-abb0-4bb8881228cb,7026,1517529600000,dennis.irorere,Dalori,"11603",Konduga,"116",Borno,BR,Government,Yes,Yes,234,17,10,262,214,109,89,74,61,37,26,BO_S202,Yes,Yes,No,No,0, , ,,,Informal,Collective Settlement/Centre,Dalorima House, ,0,899,IOM DTM RD24 August 2018,Fannamari
148,7848ac85-0ba6-4be7-aa30-046c41ceb131,7027,1517529600000,dennis.irorere,Gajiganna,"12005",Magumeri,"120",Borno,BR,NGO,Yes,Yes,244,19,32,176,262,210,172,145,195,64,33,BO_S192,No,Yes,Yes,Yes,0, , ,,,Informal,Collective Settlement/Centre,Ggss B Quarters, ,0,1308,IOM DTM RD24 August 2018,GGSS Quarters
149,515749bf-06bc-41f5-89c0-3cbb65056b67,7028,1517529600000,dennis.irorere,Dikwa,"10803",Dikwa,"108",Borno,BR,INGO,Yes,Yes,549,49,40,666,547,519,423,291,239,99,79,BO_S216,Yes,Yes,Yes,Yes,0, ,INGO,,,Informal,Camp,Jammaina, ,0,2952,IOM DTM RD24 August 2018,Shehu Musta II
150,8d414274-f386-49aa-ba58-b5334fa89fe5,7029,1517529600000,dennis.irorere,Khaddamari,"11308",Jere,"113",Borno,BR,Government,Yes,No,36,10,6,40,42,33,20,10,8,7,4,BO_S179,Yes,Yes,Yes,No,0, , ,,,Informal,Camp,Secretariat, ,0,180,IOM DTM RD24 August 2018,Ngud Khaddamari
151,f786d6e8-3acb-437a-97ed-f4eb41cf95a1,7030,1517529600000,dennis.irorere,Benisheikh,"11401",Kaga,"114",Borno,BR,INGO,Yes,Yes,589,87,101,559,498,720,578,196,148,151,123,BO_S160,Yes,Yes,Yes,No,0, , ,,,Informal,Camp,Nrc I D P, ,0,3161,IOM DTM RD24 August 2018,NRC Camp
152,65d8f87e-fa1f-4a66-9220-529b570d1a27,7031,1517529600000,dennis.irorere,Garu,"10601",Chibok,"106",Borno,BR,Government,Yes,Yes,55,2,2,67,61,41,51,31,25,7,4,BO_S167,No,Yes,Yes,Yes,0, ,INGO,,,Informal,Camp,20 House Mefa Road Idp, ,0,291,IOM DTM RD24 August 2018,Red Bricks Idp Camp
153,20215238-f5dc-44b9-bf15-4a5a43ec050c,7032,1517529600000,dennis.irorere,Old Maiduguri,"11311",Jere,"113",Borno,BR,Government,Yes,Yes,43,4,5,74,56,49,45,34,32,6,8,BO_S067,No,Yes,No,Yes,0, , ,,, ,Collective Settlement/Centre,Garken Alhaji Yaquba Goni, ,0,313,IOM DTM RD24 August 2018,Faria Buzu Camp
154,"03ff284a-f4bc-40b0-8d44-b8aa0b8fc408",7033,1517529600000,dennis.irorere,Gajiram,"12604",Nganzai,"126",Borno,BR,NGO,Yes,No,451,59,53,461,367,361,296,164,187,79,95,BO_S066,Yes,Yes,Yes,No,0, , ,,,Informal,Collective Settlement/Centre,Gss Gajiram, ,0,2122,IOM DTM RD24 August 2018,Boarding Primary School
155,69cdbaa8-c671-4f93-b9c0-19aed7b1c3cb,7034,1517529600000,dennis.irorere,Damboa,"10703",Damboa,"107",Borno,BR,INGO,Yes,Yes,991,38,32,886,591,561,459,426,348,97,79,BO_S176,Yes,Yes,Yes,Yes,0, , ,,, ,Not identified,General Hospital Quaters, ,0,3517,IOM DTM RD24 August 2018,Abori
156,19dbe6f8-aa72-4ef6-8537-a1c78e5f7229,7035,1517529600000,dennis.irorere,Mafa,"11908",Mafa,"119",Borno,BR,INGO,Yes,Yes,2239,353,288,2348,1921,1703,1393,998,817,470,384,BO_S204,Yes,Yes,Yes,Yes,0, , ,,, ,Not identified,Govt Girls Arab Sec Sch 1dps Camp, ,0,10675,IOM DTM RD24 August 2018,Government Girls Secondary School
157,8dbed526-61e0-4998-86e3-ce62b766de7a,7036,1517529600000,dennis.irorere,Gajiram,"12604",Nganzai,"126",Borno,BR,INGO,Yes,No,1006,107,98,949,808,672,572,339,382,146,172,BO_S184,Yes,Yes,Yes,No,0, , ,,, ,Not identified,Gss Gajiram, ,0,4245,IOM DTM RD24 August 2018,Bakkasi Camp
158,912e0b2f-32b1-4dcc-96ae-2c9de2b4c046,7037,1517529600000,dennis.irorere,Dusuman,"11307",Jere,"113",Borno,BR,INGO,Yes,No,286,41,27,409,272,190,126,154,102,73,49,BO_S159,Yes,Yes,No,No,0, , ,,,Informal,Collective Settlement/Centre,Musari Idp Camp, ,0,1443,IOM DTM RD24 August 2018,Musari Camp
159,acbcd120-2196-4d57-802e-1f974081d7e4,7038,1517529600000,dennis.irorere,Yale,"11611",Konduga,"116",Borno,BR,NGO,Yes,Yes,1782,157,125,2327,1903,1396,1142,932,761,362,296,BO_S058,Yes,Yes,Yes,Yes,0, ,Government,,, ,Collective Settlement/Centre,Ngubdori, ,0,9401,IOM DTM RD24 August 2018,Boarding School
160,b4ba4a01-4247-4d0f-a907-ea1e059dc62d,7039,1517529600000,dennis.irorere,Galtimari,"11306",Jere,"113",Borno,BR,INGO,Yes,Yes,18,5,3,23,18,16,14,10,8,4,2,BO_S118,Yes,Yes,Yes,Yes,0, , ,,, ,Collective Settlement/Centre,Ajajari Idp Camp, ,0,103,IOM DTM RD24 August 2018,Gidan Yan Bama
161,9ab503fa-6358-4292-94a2-e662925e2e7f,7081,1517529600000,dennis.irorere,Dusuman,"11307",Jere,"113",Borno,BR,INGO,Yes,No,85,23,17,110,90,37,30,28,24,19,14,BO_S229,Yes,Yes,Yes,No,0, , ,,, ,Not identified,Bolori Burin, ,0,392,IOM DTM RD24 August 2018,Bolori Burin
162,ecc152cb-0673-438a-b87f-009e40213bcc,7040,1517529600000,dennis.irorere,Khaddamari,"11308",Jere,"113",Borno,BR,Government,Yes,No,393,133,88,480,464,517,344,210,140,62,42,BO_S226,Yes,Yes,No,No,0, , ,,, ,Not identified,Khaddamari Quarters, ,0,2480,IOM DTM RD24 August 2018,Khaddamari Quarters
163,b63e81d3-7995-4888-b53a-d307668ef2d8,7041,1517529600000,dennis.irorere,Dusuman,"11307",Jere,"113",Borno,BR,INGO,Yes,No,55,6,4,66,54,40,32,26,23,7,3,BO_S209,Yes,Yes,No,No,0, , ,,,Informal,Camp,Abba Kura Hassan, ,0,261,IOM DTM RD24 August 2018,Abba Kura Hassan
164,b3d5bc4a-b7f5-4ef5-895d-c16af2b5abf7,7170,1517529600000,adanna.alex,Dikwa,"10803",Dikwa,"108",Borno,BR, , , ,0,0,0,0,0,0,0,0,0,0,0, , , , , ,0, , ,,, ,Not identified,Dikwa Town, ,15200,0,eHA_Polio,Dikwa
165,"0ea1b142-a0e9-4988-8774-e65b1f0dbf89",7042,1517529600000,dennis.irorere,Dusuman,"11307",Jere,"113",Borno,BR,NGO,Yes,No,51,11,9,73,61,45,36,32,25,5,7,BO_S210,Yes,Yes,No,No,0, , ,,,Informal,Camp,Bajauro Camp, ,0,304,IOM DTM RD24 August 2018,Bajauro Camp
166,fcaff6c6-aa90-42a1-bcb6-6595460794c1,7043,1517529600000,dennis.irorere,Mashamari,"11305",Jere,"113",Borno,BR,INGO,Yes,No,57,7,6,95,79,50,42,31,26,9,12,BO_S213,Yes,Yes,No,No,0, ,Individual/Private,,,Informal,Camp,Gidan Mangoro New, ,0,357,IOM DTM RD24 August 2018,Gidan Mangoro New
167,cf85db63-c108-4817-93d1-7b26cd1ca370,7201,1517529600000,adanna.alex,Gomari,"11303",Jere,"113",Borno,BR, , , ,0,0,0,0,0,0,0,0,0,0,0, , , , , ,0, , ,,, ,Formal,Karta, ,165,0,eHA_Polio,Karta
168,cdabd976-7405-44a2-be58-316588e83fab,7044,1517529600000,dennis.irorere,Dikwa,"10803",Dikwa,"108",Borno,BR,NGO,Yes,Yes,927,108,81,1082,782,707,554,545,481,144,182,BO_S183,Yes,Yes,Yes,No,0, ,INGO,,,Informal,Collective Settlement/Centre,Kulagaru, ,0,4666,IOM DTM RD24 August 2018,Kulagaru
169,e99c2d79-a872-489c-87a7-f8335753ea5e,7093,1517529600000,dennis.irorere,Gude,ADSGYL04,Mubi South,"2015",Adamawa,AD,NGO,Yes,Yes,29,1,2,27,1,21,2,6,0,1,2,AD_S021,Yes,Yes,Yes,Yes,0, ,INGO,,, ,Camp,Gude Camp, ,0,63,IOM DTM RD24 August 2018,Gude Camp
170,f0d152fb-9918-4533-85e4-2cead340b057,7045,1517529600000,dennis.irorere,Mashamari,"11305",Jere,"113",Borno,BR,INGO,Yes,Yes,64,9,6,103,81,82,67,54,44,12,8,BO_S214,Yes,Yes,No,No,0, , ,,,Informal,Collective Settlement/Centre,Mala Sheriff Construction Company, ,0,466,IOM DTM RD24 August 2018,Mala Sheriff Construction Company
171,ff8be0a3-9ceb-4bed-b8e5-815b2b018459,7046,1517529600000,dennis.irorere,Gajiganna,"12005",Magumeri,"120",Borno,BR,NGO,Yes,Yes,126,7,9,122,119,112,90,42,63,32,27,BO_S206,Yes,Yes,No,Yes,0, , ,,,Informal,Collective Settlement/Centre,Malayi Camp, ,0,623,IOM DTM RD24 August 2018,Malayi Camp
172,4dbae3a8-cb4a-4298-9ec7-f95a50959f8f,7047,1517529600000,dennis.irorere,Mairi,"11309",Jere,"113",Borno,BR,Government,Yes,Yes,321,18,15,310,253,155,127,99,81,37,31,BO_S200,Yes,Yes,No,Yes,0, , ,,,Informal,Collective Settlement/Centre,Shuwari, ,0,1126,IOM DTM RD24 August 2018,Shuwari
173,"046f4aa5-657f-474a-8ebd-1bac7c18e0d7",7103,1517529600000,dennis.irorere,Dille Huyim,"10202",Askira Uba,"102",Borno,BR, , , ,0,0,0,0,0,0,0,0,0,0,0,BO_S180, , ,Yes, ,0, , ,,,Informal,Transitional Centre,Dille Shishiwa, ,0,0,IOM DTM RD24 August 2018,Dille Primary School
174,fb677c84-d370-4fc9-9aa9-6e9f73b60ba3,7048,1517529600000,dennis.irorere,Damboa,"10703",Damboa,"107",Borno,BR,INGO,Yes,Yes,309,43,36,237,312,237,194,108,88,29,23,BO_S219,Yes,Yes,Yes,Yes,0, ,Armed Forces,,,Formal,Camp,SSS Quarters, ,0,1307,IOM DTM RD24 August 2018,SSS Quarters
175,93012efc-6ec2-48c7-a8c0-8054c7673d4a,7049,1517529600000,dennis.irorere,Likama,"10606",Chibok,"106",Borno,BR,Government,Yes,Yes,37,4,2,42,38,32,31,14,17,2,2,BO_S217,No,Yes,Yes,Yes,0, ,Government,,,Informal,Camp,10 Housing Quarters, ,0,184,IOM DTM RD24 August 2018,10 Housing Quarters
176,7c231490-205c-44bb-90d8-678b3c98bd9b,7050,1517529600000,dennis.irorere,Pulka Bokko,"11112",Gwoza,"111",Borno,BR,INGO,Yes,Yes,659,50,40,651,533,488,400,326,266,113,94,BO_S207,Yes,Yes,Yes,Yes,0, ,Armed Forces,,,Formal,Camp,Umbazah Rock Side Camp, ,0,2961,IOM DTM RD24 August 2018,Umbazah Rock Side Camp
177,37bd9a57-eb53-423a-a41d-a57bc9eb8902,7051,1517529600000,dennis.irorere,Lassa,"10205",Askira Uba,"102",Borno,BR,Government,Yes,No,489,4,5,494,489,845,840,118,112,15,12,BO_S181,No,No,Yes,No,0, , ,,,Informal,Collective Settlement/Centre,Vocational Training Centre, ,0,2934,IOM DTM RD24 August 2018,Vocational Training Centre
178,242ea13e-b58b-45e7-beb6-8623b4b61f87,7052,1517529600000,dennis.irorere,Benisheikh,"11401",Kaga,"114",Borno,BR,INGO,Yes,Yes,333,36,33,324,203,379,307,165,110,91,86,BO_S162,Yes,Yes,Yes,No,0, , ,,,Informal,Camp,Aisha Buhari Camp, ,0,1734,IOM DTM RD24 August 2018,Aisha Buhari Camp
179,"07024d5b-8bd6-45e8-9b48-35ae0fc209df",7053,1517529600000,dennis.irorere,Mashamari,"11305",Jere,"113",Borno,BR,INGO,Yes,No,7,1,1,11,7,9,6,6,4,1,1,BO_S164,Yes,Yes,Yes,No,0, ,Individual/Private,,,Informal,Collective Settlement/Centre,Bakura Ahmed House, ,0,47,IOM DTM RD24 August 2018,Bakura Ahmed House
180,855711ae-c312-4de0-90ac-e529bee2c3fe,7054,1517529600000,dennis.irorere,Dalori,"11603",Konduga,"116",Borno,BR,INGO,Yes,Yes,421,33,27,578,473,240,197,164,134,76,63,BO_S172,Yes,Yes,No,No,0, , ,,,Informal,Camp,Flatari, ,0,1985,IOM DTM RD24 August 2018,Flatari
181,57aa0d5a-3514-40f2-a342-b074fd959b10,7055,1517529600000,dennis.irorere,Dusuman,"11307",Jere,"113",Borno,BR,INGO,Yes,No,410,49,40,701,572,438,358,250,204,33,28,BO_S168,Yes,Yes,Yes,Yes,0, , ,,,Informal,Collective Settlement/Centre,Muna Moforo, ,0,2673,IOM DTM RD24 August 2018,Muna Moforo
182,3131ba4f-09f4-40f6-84b9-24660104ed0c,7205,1517529600000,adanna.alex,Monguno,"12307",Monguno,"123",Borno,BR, , , ,0,0,0,0,0,0,0,0,0,0,0, , , , , ,0, , ,1474675200000,1474675200000, ,Formal,GGSS, ,137,0,eHA_Polio,Gss Fulatari
183,"0ee740b1-1452-4de8-b1da-2d346535c3c6",7056,1517529600000,dennis.irorere,Kauwa,"11707",Kukawa,"117",Borno,BR,INGO,Yes,Yes,109,18,13,113,102,53,31,47,34,14,11,BO_S170,Yes,Yes,No,Yes,0, , ,,,Informal,Camp,Quarters Camp, ,0,436,IOM DTM RD24 August 2018,Quarters Camp
184,ae5c51ae-7734-4458-b320-7a7c95487d1f,7057,1517529600000,dennis.irorere,Dalori,"11603",Konduga,"116",Borno,BR,INGO,Yes,Yes,98,7,4,106,87,44,36,30,25,15,10,BO_S071,Yes,Yes,No,No,0, , ,,, ,Collective Settlement/Centre,Challunuri, ,0,364,IOM DTM RD24 August 2018,Challunuri
185,18fe60d1-23fc-4f64-8f74-9a8c73efee6f,7058,1517529600000,dennis.irorere,Alau,"11302",Jere,"113",Borno,BR, , , ,0,0,0,0,0,0,0,0,0,0,0,BO_S075, , ,No,No,0, , ,,, ,Collective Settlement/Centre,Gaya Kofa, ,0,0,IOM DTM RD24 August 2018,Gaya Kofa
186,fcb99c9d-0ea1-4352-a1e0-880660e7e751,7059,1517529600000,dennis.irorere,Mashamari,"11305",Jere,"113",Borno,BR,INGO,Yes,No,25,0,0,36,28,22,18,20,16,4,5,BO_S125,Yes,Yes,No,No,0, , ,,, ,Collective Settlement/Centre,Gidan Mongoro, ,0,149,IOM DTM RD24 August 2018,Gidan Mongoro
187,"0a451f3b-bfd2-4514-8edb-1bf256afe963",7187,1517529600000,adanna.alex,Bulabulin,"12403",Maiduguri,"124",Borno,BR, , , ,0,0,0,0,0,0,0,0,0,0,0, , , , , ,0, , ,,, ,Formal,Saha, ,175,0,eHA_Polio,Benisheik
188,18e20976-7b54-4058-a655-80a958385bac,7060,1517529600000,dennis.irorere,Ngala,"12507",Ngala,"125",Borno,BR,INGO,Yes,Yes,10337,672,549,9827,6451,6492,5311,4924,4029,1343,1099,BO_S135,Yes,Yes,No,Yes,0, ,Government,,, ,Collective Settlement/Centre,International School Camp, ,0,40697,IOM DTM RD24 August 2018,International School Camp
189,879c1317-7529-403e-b0bc-d8dd7877719a,7061,1517529600000,dennis.irorere,Yabal,"11610",Konduga,"116",Borno,BR,Government,Yes,Yes,827,82,50,1090,891,654,534,437,356,170,138,BO_S078,Yes,Yes,No,Yes,0, ,INGO,,, ,Collective Settlement/Centre,Mashuman Kuluye, ,0,4402,IOM DTM RD24 August 2018,Mashuman Kuluye
190,8bf69a5f-187a-42c0-a414-b668ab785c5a,7062,1517529600000,dennis.irorere,Mairi,"11309",Jere,"113",Borno,BR,Government,Yes,Yes,547,33,25,482,395,294,240,168,137,73,60,BO_S108,Yes,Yes,No,No,0, , ,,, ,Collective Settlement/Centre,Yawuri Camp, ,0,1907,IOM DTM RD24 August 2018,Yawuri Camp
191,8e5b8db0-c29e-4c57-a3e6-718c430e4949,7063,1517529600000,dennis.irorere,Monguno,"12307",Monguno,"123",Borno,BR,INGO,Yes,Yes,1590,179,146,3248,2165,1786,1462,654,536,357,292,BO_S097,Yes,Yes,No,Yes,0, ,Government,,, ,Collective Settlement/Centre,Water Board, ,0,10825,IOM DTM RD24 August 2018,Water Board
192,a06df3f4-27ff-4e49-8729-69b9352d9cc8,7064,1517529600000,dennis.irorere,Dikwa,"10803",Dikwa,"108",Borno,BR,NGO,Yes,Yes,968,99,86,1337,942,850,724,509,449,195,238,BO_S142,Yes,Yes,Yes,Yes,0, ,INGO,,,Informal,Collective Settlement/Centre,Agric Idp Camp, ,0,5429,IOM DTM RD24 August 2018,Agric Idp Camp
193,491fea82-6010-4315-aae7-81d52a411cee,7065,1517529600000,dennis.irorere,Nzuba Wayaram,"10706",Damboa,"107",Borno,BR,INGO,Yes,Yes,634,24,27,812,542,319,283,245,218,49,54,BO_S134,Yes,Yes,Yes,Yes,0, , ,,,Informal,Collective Settlement/Centre,Hausari Primary School Damboa, ,0,2573,IOM DTM RD24 August 2018,Hausari Primary School Damboa
194,"0a891869-ee24-4ff3-9fd5-a1b027784d25",7066,1517529600000,dennis.irorere,Maisandari,"12413",Maiduguri,"124",Borno,BR,INGO,Yes,Yes,47,6,11,72,41,49,39,18,24,13,14,BO_S102,Yes,Yes,Yes,Yes,0, , ,,,Informal,Camp,Kaduwa I, ,0,287,IOM DTM RD24 August 2018,Kaduwa I
195,d73f79b1-0ece-4402-9c4c-3099b1b92b02,7067,1517529600000,dennis.irorere,Galtimari,"11306",Jere,"113",Borno,BR,INGO,Yes,Yes,43,9,5,40,39,40,34,41,26,13,12,BO_S103,Yes,Yes,Yes,Yes,0, , ,,,Informal,Collective Settlement/Centre,Kaduwa II, ,0,259,IOM DTM RD24 August 2018,Kaduwa II
196,ded7ff78-c95b-4936-9184-77c082023a99,7094,1517529600000,dennis.irorere,Bolewa A,"71406",Potiskum,"714",Yobe,YO, , , ,0,0,0,0,0,0,0,0,0,0,0,YB_S014, , ,Yes,Yes,0, , ,,,Informal,Camp,Garin Liman, ,0,0,IOM DTM RD24 August 2018,Tandari
197,391dd448-fe4f-402b-ac7f-6977f1da1c41,7068,1517529600000,dennis.irorere,Dikwa,"10803",Dikwa,"108",Borno,BR,INGO,Yes,Yes,449,56,47,357,436,305,251,237,88,62,72,BO_S137,Yes,Yes,Yes,No,0, ,INGO,,,Informal,Collective Settlement/Centre,Kamchijin Prayer Ground, ,0,1911,IOM DTM RD24 August 2018,Kamchijin Prayer Ground
198,7d80897e-9770-4ed2-a428-e0f71de6fa78,7069,1517529600000,dennis.irorere,Boboshe,"10802",Dikwa,"108",Borno,BR,INGO,Yes,Yes,406,26,24,452,385,392,319,191,173,86,101,BO_S143,Yes,Yes,No,Yes,0, , ,,,Informal,Collective Settlement/Centre,Motor Park Idp Camp, ,0,2149,IOM DTM RD24 August 2018,Motor Park Idp Camp
199,6f72f7c1-d70c-486c-a1bf-12fc0801de7d,7070,1517529600000,dennis.irorere,Galtimari,"11306",Jere,"113",Borno,BR,INGO,Yes,Yes,223,24,22,246,201,282,231,74,58,32,26,BO_S117,Yes,Yes,Yes,Yes,0, , ,,,Informal,Collective Settlement/Centre,Yajiwa Camp Kusheri, ,0,1196,IOM DTM RD24 August 2018,Yajiwa Camp Kusheri
200,eb40d99a-4277-4e42-bdad-8bbd4d776305,7071,1517529600000,dennis.irorere,Dalori,"11603",Konduga,"116",Borno,BR,INGO,Yes,Yes,2150,227,150,2582,2070,2049,1850,2017,750,502,378,BO_S021,Yes,Yes,Yes,Yes,8033597914,NEMA,Government,1388620800000,1388620800000, ,Collective Settlement/Centre,Kofa,250 Housing Estate,0,12575,IOM DTM RD24 August 2018,Kofa
201,a9cbbff4-dff0-4049-a0ab-f4d222595ea3,7184,1517529600000,adanna.alex,Gajiram,"12604",Nganzai,"126",Borno,BR, , , ,0,0,0,0,0,0,0,0,0,0,0, , , , , ,0, , ,,, ,Not identified,Gajiram, ,0,0,eHA_Polio,Staff Quarters
202,8449c27e-d897-4350-a2d2-72266e3fb7bc,7072,1517529600000,dennis.irorere,Loskuri,"11906",Mafa,"119",Borno,BR,INGO,Yes,No,6137,393,321,7831,6406,6460,5286,4111,3363,783,640,BO_S047,Yes,Yes,No,Yes,0, ,Government,,, ,Collective Settlement/Centre,Muna Garage El Badawe, ,0,35594,IOM DTM RD24 August 2018,Muna Garage El Badawe
203,ece2a31c-3e2b-4b14-80cb-02ad45f95d50,7073,1517529600000,dennis.irorere,Monguno,"12307",Monguno,"123",Borno,BR,INGO,Yes,Yes,827,81,66,1001,818,865,708,595,486,162,133,BO_S091,Yes,Yes,No,Yes,0, ,Government,,, ,Collective Settlement/Centre,Ngurno, ,0,4915,IOM DTM RD24 August 2018,Ngurno
204,c4c4cd74-247f-4226-b836-8f450d80f44b,7074,1517529600000,dennis.irorere,Gajiram,"12604",Nganzai,"126",Borno,BR,NGO,Yes,No,1157,121,154,1380,883,875,726,441,497,195,247,BO_S064,Yes,Yes,Yes,No,0, , ,,, ,Collective Settlement/Centre,LG Quarters, ,0,5519,IOM DTM RD24 August 2018,LG Quarters
205,f9dc26d1-a95d-4411-9d19-10dc3d010e8b,7075,1517529600000,dennis.irorere,Galtimari,"11306",Jere,"113",Borno,BR,INGO,Yes,Yes,28,1,1,28,20,34,30,18,16,9,5,BO_S225,Yes,Yes,No,Yes,0, , ,,, ,Not identified,Ajiri II, ,0,162,IOM DTM RD24 August 2018,Ajiri II
206,f468a5cc-fc33-4b7b-973c-2e11c3f1bd89,7076,1517529600000,dennis.irorere,Sugundure,"12612",Nganzai,"126",Borno,BR,NGO,Yes,Yes,59,14,13,67,54,56,46,28,33,14,17,BO_S153,Yes,Yes,No,Yes,0, , ,,, ,Not identified,Gasarwa Camp, ,0,342,IOM DTM RD24 August 2018,Gasarwa Camp
207,1fea89d6-04b9-439a-9d2e-fdf070bc78d5,7077,1517529600000,dennis.irorere,Monguno,"12307",Monguno,"123",Borno,BR,INGO,Yes,Yes,1647,153,126,1886,1544,1631,1335,1121,918,306,250,BO_S177,Yes,Yes,No,Yes,0, , ,,, ,Not identified,Vertinary, ,0,9270,IOM DTM RD24 August 2018,Vertinary
208,569518a8-7e16-4c8e-96ce-7d0152b18174,7078,1517529600000,dennis.irorere,Gajiganna,"12005",Magumeri,"120",Borno,BR,INGO,Yes,Yes,265,32,28,219,262,201,172,91,113,39,45,BO_S185,No,Yes,No,No,0, , ,,, ,Not identified,Behind Secretariat, ,0,1202,IOM DTM RD24 August 2018,Behind Secretariat
209,592fd661-d9e4-4842-b368-ed69c62efd6c,7079,1517529600000,dennis.irorere,Maiwa,"12609",Nganzai,"126",Borno,BR,Government,Yes,No,39,8,7,44,38,39,34,18,21,8,10,BO_S186,Yes,No,No,No,0, , ,,, ,Not identified,Jigalta Lawanti, ,0,227,IOM DTM RD24 August 2018,Jigalta Lawanti
210,9aa883f5-17ec-4e0d-b8d9-7b85b25ec20c,7080,1517529600000,dennis.irorere,Gajiram,"12604",Nganzai,"126",Borno,BR,NGO,Yes,No,524,59,55,505,412,357,292,182,197,82,96,BO_S228,Yes,Yes,Yes,No,0, , ,,, ,Not identified,Bukarti Camp, ,0,2237,IOM DTM RD24 August 2018,Bukarti Camp
211,600ad614-4ac4-4c81-9d8d-88cd3c9c8192,7082,1517529600000,dennis.irorere,Monguno,"12307",Monguno,"123",Borno,BR,INGO,Yes,Yes,940,77,63,947,775,819,670,563,461,153,126,BO_S230,Yes,Yes,Yes,Yes,0, , ,,, ,Not identified,Stadium Camp, ,0,4654,IOM DTM RD24 August 2018,Stadium Camp
212,7e0d0a66-9ac6-4239-ab42-4e5abd9cdc2d,7083,1517529600000,dennis.irorere,Galtimari,"11306",Jere,"113",Borno,BR,Government,Yes,Yes,29,8,5,36,28,26,20,15,12,6,4,BO_S119,Yes,Yes,Yes,Yes,0, , ,,, ,Collective Settlement/Centre,Galtimari, ,0,160,IOM DTM RD24 August 2018,Kekeno Non Government IDP Camp
213,408d4169-f1e6-4803-b683-d28b3dd4c6ba,7084,1517529600000,dennis.irorere,Monguno,"12307",Monguno,"123",Borno,BR,INGO,Yes,Yes,504,62,49,748,612,646,529,444,364,121,99,BO_S099,Yes,Yes,Yes,Yes,0, ,Government,,, ,Collective Settlement/Centre,Monguno, ,0,3674,IOM DTM RD24 August 2018,NRC 1 and 2
214,93cde292-6701-4410-b3ef-ded7dd4b6ea8,7085,1517529600000,dennis.irorere,Damboa,"10703",Damboa,"107",Borno,BR,INGO,Yes,Yes,13,2,1,13,9,10,7,5,3,1,1,BO_S227,Yes,Yes,No,Yes,0, , ,,, ,Not identified,Arege, ,0,52,IOM DTM RD24 August 2018,Police Doki
215,433fd477-2fc7-489b-b046-e60c5881ce62,7086,1517529600000,dennis.irorere,Benisheikh,"11401",Kaga,"114",Borno,BR,INGO,Yes,Yes,327,40,28,325,263,443,322,93,76,63,44,BO_S028,Yes,Yes,Yes,No,8021217150, ,Armed Forces,1450051200000,1450051200000, ,Collective Settlement/Centre,Benisheik Town,GSSS Benisheikh,0,1697,IOM DTM RD24 August 2018,GSS Benishiek
216,d0cfbeb7-157f-4950-93b9-aabd899bc963,7087,1517529600000,dennis.irorere,Mayo Inne,ADSFUR06,Fufore,"2002",Adamawa,AD,Government,Yes,No,6,0,0,6,6,0,11,6,1,1,1,AD_S028,No,Yes,Yes,No,0, , ,,,Informal,Collective Settlement/Centre,Hullere, ,0,32,IOM DTM RD24 August 2018,Hullere
217,5c594839-0bac-463a-bf96-d12ed8c190de,7088,1517529600000,dennis.irorere,Mayo Inne,ADSFUR06,Fufore,"2002",Adamawa,AD,Local Clinic,Yes,Yes,50,1,0,61,33,22,35,8,9,3,2,AD_S036,Yes,Yes,No,Yes,0, , ,,,Informal,Collective Settlement/Centre,Anguwan Abuja, ,0,174,IOM DTM RD24 August 2018,Anguwan Abuja
218,ed1b1bdf-f6ce-44e9-b583-2d654641344d,7089,1517529600000,dennis.irorere,Sabon Gida,TRSGAS06,Gassol,"35005",Taraba,TA,Local Clinic,Yes,Yes,60,25,21,156,122,133,128,48,52,31,27,TR_S005,No,Yes,Yes,Yes,0, , ,,,Informal,Collective Settlement/Centre,LG Quarters, ,0,743,IOM DTM RD24 August 2018,LG Quarters
219,f6099e88-78f0-411d-8986-76731f914c08,7091,1517529600000,dennis.irorere,Rann,"11510",Kala Balge,"115",Borno,BR,INGO,Yes,Yes,1988,189,174,2506,2218,2058,1697,1240,1062,504,465,BO_S174,Yes,Yes,No,Yes,0, , ,,,Formal,Collective Settlement/Centre,Boarding Primary School Behind Boarding, ,0,12113,IOM DTM RD24 August 2018,Boarding Primary School
220,e650c439-84b0-410c-889c-afb310aabe5a,7136,1517529600000,dennis.irorere,Lamba,PLSWAS12,Wase,"32017",Plateau,PL, , , ,0,0,0,0,0,0,0,0,0,0,0,PL_S008, , , , ,0, , ,,,Informal,Collective Settlement/Centre,Jankwano, ,0,0,IOM DTM RD24 August 2018,Jankwano Camp
221,515ddbc7-6ff1-427c-b39e-9a425dcc289b,7092,1517529600000,dennis.irorere,Rann,"11510",Kala Balge,"115",Borno,BR,INGO,Yes,Yes,2254,215,198,2892,2462,2284,2108,1334,1136,571,527,BO_S175,Yes,Yes,No,Yes,0, ,Armed Forces,,,Formal,Collective Settlement/Centre,Boarding Primary School Behind Boarding, ,0,13727,IOM DTM RD24 August 2018,General Hospital Rann
222,9335712e-85da-43ac-809f-b4775b312766,7182,1517529600000,adanna.alex,Gajiram,"12604",Nganzai,"126",Borno,BR, , , ,0,0,0,0,0,0,0,0,0,0,0, , , , , ,0, , ,,, ,Not identified,Gajiram, ,0,0,eHA_Polio,Gajiram Boarding Primary School
223,485ab636-fd30-405e-be26-7667465becd2,7097,1517529600000,dennis.irorere,Rann,"11510",Kala Balge,"115",Borno,BR, , , ,0,0,0,0,0,0,0,0,0,0,0,BO_S173, , ,No, ,0, ,Armed Forces,,,Formal,Collective Settlement/Centre,Kalumari, ,0,0,IOM DTM RD24 August 2018,Rann Idp Site
224,1fd0889c-a09d-4581-b488-71403b299119,7099,1517529600000,dennis.irorere,Gajiram,"12604",Nganzai,"126",Borno,BR, , , ,0,0,0,0,0,0,0,0,0,0,0,BO_S100, , ,Yes,No,0, , ,,, ,Collective Settlement/Centre,Gss Gajiram 2,Government Secondary School Nganzai,0,0,IOM DTM RD24 August 2018,GSS Nganzai
225,ac1fcd73-047c-40c9-8848-657861b7d55d,7100,1517529600000,dennis.irorere,Dusuman,"11307",Jere,"113",Borno,BR, , , ,0,0,0,0,0,0,0,0,0,0,0,BO_S211, , ,Yes, ,0, , ,,,Informal,Collective Settlement/Centre,Alhaji Ali Kaka, ,0,0,IOM DTM RD24 August 2018,Alhaji Ali Kaka
226,c87b7126-7d64-4f6e-b868-e3521c9f14e6,7101,1517529600000,dennis.irorere,Galdimari,"10503",Biu,"105",Borno,BR, , , ,0,0,0,0,0,0,0,0,0,0,0,BO_S032, , ,Yes,Yes,7039759242,NRCS,Local NGO,1402704000000,1402704000000, ,Camp,Kenken Biu Town, ,0,0,IOM DTM RD24 August 2018,VTC Camp B
227,ff5ea719-297b-47cb-ae82-742afe6688d0,7102,1517529600000,dennis.irorere,Galdimari,"10503",Biu,"105",Borno,BR,Government,Yes,Yes,261,50,25,221,153,212,220,131,141,31,30,BO_S015,No,Yes,Yes,Yes,8067640070,NRCS,Local NGO,1450310400000,1450310400000, ,Camp,Kenken Biu Town,Zonal Education Center Biu,0,1214,IOM DTM RD24 August 2018,GGSS Biu
228,7fc37086-aba1-4b6c-9d5c-1af314dc8498,7104,1517529600000,dennis.irorere,Vih / Boka,ADSMCH14,Michika,"2013",Adamawa,AD, , , ,0,0,0,0,0,0,0,0,0,0,0,AD_S039, , ,Yes, ,0, , ,,,Informal,Transitional Centre,Sabon Layi, ,0,0,IOM DTM RD24 August 2018,Sabon Layi
229,98b43386-63de-41d5-8def-255f082bcc56,7105,1517529600000,dennis.irorere,Mashamari,"11305",Jere,"113",Borno,BR, , , ,0,0,0,0,0,0,0,0,0,0,0,BO_S126, , ,Yes, ,0, , ,,, ,Collective Settlement/Centre,Goni Kachallari, ,0,0,IOM DTM RD24 August 2018,Old Amana Hospital
230,ce01814e-a63d-40d5-a388-fc9206a54f89,7106,1517529600000,dennis.irorere,Mayo Inne,ADSFUR06,Fufore,"2002",Adamawa,AD, , , ,0,0,0,0,0,0,0,0,0,0,0,AD_S022, , ,Yes, ,0, , ,,,Informal,Collective Settlement/Centre,Labour House, ,0,0,IOM DTM RD24 August 2018,Labour House
231,848dce27-6662-4dcc-bbce-a3521eae5b54,7146,1517529600000,dennis.irorere,Mariri,KN2509,Kumbotso,"20044",Kano,KN, , , ,0,0,0,0,0,0,0,0,0,0,0,KN_S001, , , , ,0, ,Government,,,Informal,Camp,Mariri, ,0,0,IOM DTM RD24 August 2018,Mariri Boarding School
232,1496641d-9f3c-42ea-b038-7f9efc2da448,7107,1517529600000,dennis.irorere,Mashamari,"11305",Jere,"113",Borno,BR, , , ,0,0,0,0,0,0,0,0,0,0,0,BO_S020, , ,Yes, ,8023965522,SEMA/NEMA,Government,1440806400000,1440806400000,Open,Camp,Goni Kachallari Idp Camp,Goni Kachallari Pw,0,0,IOM DTM RD24 August 2018,Goni Kachallari IDP Camp
233,4b9c98de-7849-48a5-adbe-5341fdae1b1f,7108,1517529600000,dennis.irorere,Dakri,ADSGRE01,Girei,"2004",Adamawa,AD, , , ,0,0,0,0,0,0,0,0,0,0,0,AD_S001, , ,Yes, ,0, , ,,,Formal,Camp,NYSC Camp Adamawa, ,0,0,IOM DTM RD24 August 2018,NYSC Camp Adamawa
234,6139f6c6-b490-469c-9014-ce2177aa0e6d,7110,1517529600000,dennis.irorere,Mamudo,"71403",Potiskum,"714",Yobe,YO, , , ,0,0,0,0,0,0,0,0,0,0,0,YB_S009, , ,Yes, ,0, , ,,,Informal,Collective Settlement/Centre,Mamudo, ,0,0,IOM DTM RD24 August 2018,Dan Batta
235,41ed60c7-4905-4d12-9b06-f93414ee07b6,7112,1517529600000,dennis.irorere,Hausawa Asibiti,"71402",Potiskum,"714",Yobe,YO, , , ,0,0,0,0,0,0,0,0,0,0,0,YB_S011, , ,Yes, ,0, , ,,,Informal,Collective Settlement/Centre,Garin Liman, ,0,0,IOM DTM RD24 August 2018,Mai Disa
236,121e5670-2a59-4be9-8929-3e86a559e846,7113,1517529600000,dennis.irorere,Bolewa A,"71406",Potiskum,"714",Yobe,YO, , , ,0,0,0,0,0,0,0,0,0,0,0,YB_S015, , ,Yes, ,0, , ,,,Informal,Camp,Garin Liman, ,0,0,IOM DTM RD24 August 2018,Jibir Janko
237,ac9505f4-be78-4cc8-b479-d5e574340ca1,7114,1517529600000,dennis.irorere,Bolewa A,"71406",Potiskum,"714",Yobe,YO, , , ,0,0,0,0,0,0,0,0,0,0,0,YB_S016, , , , ,0, , ,,,Informal,Camp,Garin Liman, ,0,0,IOM DTM RD24 August 2018,Bayan Waya
238,a94ef5a2-7f93-49f6-8fbf-40db378eb009,7115,1517529600000,dennis.irorere,Monguno,"12307",Monguno,"123",Borno,BR, , , ,0,0,0,0,0,0,0,0,0,0,0,BO_S095, , , , ,0, ,Government,,, ,Transitional Centre,Monguno, ,0,0,IOM DTM RD24 August 2018,Local Government Sectariat
239,a0b52570-b90f-4c6a-b446-8c96ffac1c2a,7120,1517529600000,dennis.irorere,Pulka Bokko,"11112",Gwoza,"111",Borno,BR, , , ,0,0,0,0,0,0,0,0,0,0,0,BO_S112, , ,Yes, ,0, ,Armed Forces,,, ,Collective Settlement/Centre,Bulama Manya Tada, ,0,0,IOM DTM RD24 August 2018,General Hospital Pulka
240,a865b9bb-3c72-44b6-a467-86efbc46055b,7122,1517529600000,dennis.irorere,Bali A,TRSBAL01,Bali,"35002",Taraba,TA, , , ,0,0,0,0,0,0,0,0,0,0,0,TR_S017, , ,Yes, ,0, , ,,, ,Not identified,Angwan Nayinawa, ,0,0,IOM DTM RD24 August 2018,LG Council Hall
241,4e773578-f335-4ad4-a179-d6eb6faf71ef,7123,1517529600000,dennis.irorere,Bali A,TRSBAL01,Bali,"35002",Taraba,TA, , , ,0,0,0,0,0,0,0,0,0,0,0,TR_S036, , ,Yes, ,0, , ,,, ,Not identified,Angwan Nayinawa, ,0,0,IOM DTM RD24 August 2018,Tiv Council Hall
242,c542c59f-75ad-449d-9d65-557db9b5f7a2,7124,1517529600000,dennis.irorere,Yerimaram,"71409",Potiskum,"714",Yobe,YO, , , ,0,0,0,0,0,0,0,0,0,0,0,YB_S017, , ,Yes, ,0, , ,,, ,Not identified,Gishiwa Dabuwa, ,0,0,IOM DTM RD24 August 2018,Bayan NNPC
243,6cf2dbdb-0539-47c6-b99b-597e2eb1273d,7125,1517529600000,dennis.irorere,Garu,"10601",Chibok,"106",Borno,BR, , , ,0,0,0,0,0,0,0,0,0,0,0,BO_S150, , , , ,0, ,Individual/Private,,, ,Collective Settlement/Centre,Military Base, ,0,0,IOM DTM RD24 August 2018,20 Housing Unit Garu
244,ae4c5369-3f24-4b90-9b09-26c6e1db3c39,7226,1517529600000,adanna.alex,Dan Amar B,BA0202,Bauchi,"5002",Bauchi,BA, , , ,0,0,0,0,0,0,0,0,0,0,0, , , , , ,0, , ,,, ,Host Communities,Karofi Madaki, ,0,0,IOM DTM RD16 May 2017,Kandahar
245,84ea848e-1fc2-4b25-9bd4-9030e8d32cc3,7126,1517529600000,dennis.irorere,Benisheikh,"11401",Kaga,"114",Borno,BR, , , ,0,0,0,0,0,0,0,0,0,0,0,BO_S193, , ,Yes, ,0, , ,,,Informal,Collective Settlement/Centre,Fulatari Lamido Camp, ,0,0,IOM DTM RD24 August 2018,Fulatari Lamido Camp
246,"079b92e9-2431-42e1-bf4e-20dda7f063ba",7128,1517529600000,dennis.irorere,Kona,TRSJAL03,Jalingo,"35007",Taraba,TA, , , ,0,0,0,0,0,0,0,0,0,0,0,TR_S033, , , , ,0, , ,,,Informal,Camp,Mile Six Primary School Camp, ,0,0,IOM DTM RD24 August 2018,Mile Six Primary School Camp
247,cf248232-d718-4dcb-8f73-2e6a2d707fa6,7129,1517529600000,dennis.irorere,Mairi,"11309",Jere,"113",Borno,BR, , , ,0,0,0,0,0,0,0,0,0,0,0,BO_S109, , ,No, ,0, , ,,, ,Collective Settlement/Centre,Dalori Primary, ,0,0,IOM DTM RD24 August 2018,Dalori Primary
248,"0aaf2a32-2628-4eab-85a1-457d489aebb3",7138,1517529600000,dennis.irorere,Sopp,PLSRYM14,Riyom,"32015",Plateau,PL, , , ,0,0,0,0,0,0,0,0,0,0,0,PL_S011, , , , ,0, ,Individual/Private,,,Informal,Collective Settlement/Centre,Sopp Primary School, ,0,0,IOM DTM RD24 August 2018,Sopp Primary School
249,728afa77-24e2-4379-9f84-ba6fd4520da5,7139,1517529600000,dennis.irorere,City Center 1,FCTABC01,Municipal Area Council,"15006",Fct,FC, , , ,0,0,0,0,0,0,0,0,0,0,0,FC_S002, , , , ,0, , ,,,Informal,Camp,Kuchingoro Idp Site, ,0,0,IOM DTM RD24 August 2018,Kuchingoro Idp Site
250,efaeea06-0bb0-455d-a6e3-61314129003d,7140,1517529600000,dennis.irorere,Vwang,PLSBUU18,Jos South,"32006",Plateau,PL, , , ,0,0,0,0,0,0,0,0,0,0,0,PL_S012, , , , ,0, ,Local NGO,,,Informal,Collective Settlement/Centre,Favor Sister Foundation, ,0,0,IOM DTM RD24 August 2018,Favor Sister Foundation
251,cc2f027d-913f-4855-895f-df9963b013d0,7141,1517529600000,dennis.irorere,City Center 1,FCTABC01,Municipal Area Council,"15006",Fct,FC, , , ,0,0,0,0,0,0,0,0,0,0,0,FC_S007, , , , ,0, , ,,,Informal,Camp,Durumi, ,0,0,IOM DTM RD24 August 2018,Durumi Idp Site
252,c5208a89-9a9b-4192-b85e-0462b6c66b0c,7142,1517529600000,dennis.irorere,Gwarinpa,FCTABC05,Municipal Area Council,"15006",Fct,FC, , , ,0,0,0,0,0,0,0,0,0,0,0,FC_S008, , , , ,0, , ,,,Informal,Camp,Karmajiji, ,0,0,IOM DTM RD24 August 2018,Karmajiji
253,94e81e9a-cd3a-4847-ab18-13d5c5c60e24,7143,1517529600000,dennis.irorere,Jere South,KD1104,Kagarko,"19011",Kaduna,KD, , , ,0,0,0,0,0,0,0,0,0,0,0,KD_S002, , , , ,0, , ,,,Informal,Collective Settlement/Centre,Ungwan Rimi, ,0,0,IOM DTM RD24 August 2018,Ungwan Rimi Camp
254,3d8b7865-ceb1-4bc5-80d1-547844b263c0,7144,1517529600000,dennis.irorere,Kwarau,KD0407,Igabi,"19004",Kaduna,KD, , , ,0,0,0,0,0,0,0,0,0,0,0,KD_S006, , , , ,0, ,Individual/Private,,,Informal,Collective Settlement/Centre,Arfon, ,0,0,IOM DTM RD24 August 2018,Arfon
255,"0c1c52b1-e9fd-4008-83fc-ec280e7d321f",7149,1517529600000,dennis.irorere,Gurku-Kabusu,NASKRV04,Karu,"26004",Nasarawa,NA, , , ,0,0,0,0,0,0,0,0,0,0,0,NW_S005, , , , ,0, , ,,,Informal,Collective Settlement/Centre,Interfaith 2, ,0,0,IOM DTM RD24 August 2018,Interfaith 2
256,72b6934a-938e-496d-86e7-87cd4b3a2a3f,7150,1517529600000,dennis.irorere,Gurku-Kabusu,NASKRV04,Karu,"26004",Nasarawa,NA, , , ,0,0,0,0,0,0,0,0,0,0,0,NW_S006, , , , ,0, , ,,,Informal,Camp,Kugbaru, ,0,0,IOM DTM RD24 August 2018,Kugbaru
257,6dffd674-a9f8-4c23-8b48-495ca7754a61,7151,1517529600000,dennis.irorere,Gurku-Kabusu,NASKRV04,Karu,"26004",Nasarawa,NA, , , ,0,0,0,0,0,0,0,0,0,0,0,NW_S007, , , , ,0, , ,,,Informal,Camp,Interfaith 1, ,0,0,IOM DTM RD24 August 2018,Interfaith 1
258,64dedcf6-a625-4f12-a858-212332da4077,7153,1517529600000,dennis.irorere,North Bank 1,BNSMKD09,Makurdi,"7013",Benue,BE, , , ,0,0,0,0,0,0,0,0,0,0,0,BN_S001, , , , ,0, , ,,,Informal,Collective Settlement/Centre,Toll Gate, ,0,0,IOM DTM RD24 August 2018,Toll Gate
259,5c464f43-1232-42a3-bce9-bda97ec5bcf6,7154,1517529600000,dennis.irorere,Uba,"10211",Askira Uba,"102",Borno,BR, , , ,0,0,0,0,0,0,0,0,0,0,0,BO_S026, , , , ,0, , ,1433289600000,1433289600000, ,Collective Settlement/Centre,Kidisa,Government Lodge Uba,0,0,IOM DTM RD24 August 2018,Government Lodge Uba
260,44179da7-7bab-4fd9-ad29-923075b6aaa6,7155,1517529600000,dennis.irorere,Boboshe,"10802",Dikwa,"108",Borno,BR, , , ,0,0,0,0,0,0,0,0,0,0,0,BO_S054, , , , ,0, , ,1458172800000,1458172800000, ,Collective Settlement/Centre,Dikwa, ,0,0,IOM DTM RD24 August 2018,Holiday Resort Area
261,15d16f0a-559c-4627-a103-4a698650a176,7156,1517529600000,dennis.irorere,Khaddamari,"11308",Jere,"113",Borno,BR, , , ,0,0,0,0,0,0,0,0,0,0,0,BO_S055, , , , ,0, , ,1414800000000,1414800000000, ,Collective Settlement/Centre,Khaddammari, ,0,0,IOM DTM RD24 August 2018,Maryam Abacha Secretariat
262,9f737b82-e99d-4c97-b752-d68f603c3ab9,7157,1517529600000,dennis.irorere,Maisandari,"12413",Maiduguri,"124",Borno,BR, , , ,0,0,0,0,0,0,0,0,0,0,0,BO_S005, , , , ,8023041745,NEMA,Government,1415664000000,1415664000000,Open,Collective Settlement/Centre,Moduganari,Arabic Teachers College,0,0,IOM DTM RD24 August 2018,Arabic Teachers College Camp
263,e7db961a-171e-4e8e-95e1-2b44907e6fb1,7158,1517529600000,dennis.irorere,Mashamari,"11305",Jere,"113",Borno,BR, , , ,0,0,0,0,0,0,0,0,0,0,0,BO_S002, , , , ,8065629239,SEMA/NEMA,Government,1439596800000,1439596800000,Open,Collective Settlement/Centre,Sanda Kyarimi,Shehu Sanda Kyarimi Primary School,0,0,IOM DTM RD24 August 2018,Sanda Kyarimi IDP Camp
264,af00eeec-a15b-42de-9284-ddbf7a22aec6,7159,1517529600000,dennis.irorere,Kagarko South,KD1106,Kagarko,"19011",Kaduna,KD, , , ,0,0,0,0,0,0,0,0,0,0,0,KD_S004, , , , ,0, , ,,,Informal,Collective Settlement/Centre,Dan Mori, ,0,0,IOM DTM RD24 August 2018,Dan Mori Camp
265,84f13e5a-9d38-4a92-9d48-db55ec419baf,7206,1517529600000,adanna.alex,Maisandari,"12413",Maiduguri,"124",Borno,BR, , , ,0,0,0,0,0,0,0,0,0,0,0, , , , , ,0, , ,1474675200000,1474675200000, ,Formal,NYSC Camp, ,614,0,eHA_Polio,NYSC Camp
266,4957470e-9b51-4063-af94-5daabc7b01e7,7160,1517529600000,dennis.irorere,Kabusa,FCTABC07,Municipal Area Council,"15006",Fct,FC, , , ,0,0,0,0,0,0,0,0,0,0,0,FC_S005, , , , ,0, , ,,,Informal,Collective Settlement/Centre,Wasa Housing Estate, ,0,0,IOM DTM RD24 August 2018,Wasa Housing Estate
267,5364b3d7-220e-4956-bcdc-c2aa6caf76be,7161,1517529600000,dennis.irorere,Danburan,PLSWAS02,Wase,"32017",Plateau,PL, , , ,0,0,0,0,0,0,0,0,0,0,0,PL_S010, , , , ,0, , ,,,Informal,Collective Settlement/Centre,GSSS Wase, ,0,0,IOM DTM RD24 August 2018,GSS Wase
268,6c3bae46-d455-4ff7-99a1-c6e5256f05ba,7162,1517529600000,dennis.irorere,Iddah,KD1102,Kagarko,"19011",Kaduna,KD, , , ,0,0,0,0,0,0,0,0,0,0,0,KD_S001, , , , ,0, , ,,,Informal,Collective Settlement/Centre,Tafa Camp Iddah, ,0,0,IOM DTM RD24 August 2018,Tafa Camp Iddah
269,3332c619-7aba-45ae-8f99-63e48f7e1680,7200,1517529600000,adanna.alex,Maisandari,"12413",Maiduguri,"124",Borno,BR, , , ,0,0,0,0,0,0,0,0,0,0,0, , , , , ,0, , ,,, ,Formal,Wulari Police Barrack, ,160,0,eHA_Polio,Wulari Police Barrack
270,db9af4e7-e73d-49d6-b626-db4b95af98a3,7163,1517529600000,dennis.irorere,Bukuru,PLSBUU01,Jos South,"32006",Plateau,PL, , , ,0,0,0,0,0,0,0,0,0,0,0,PL_S002, , , , ,0, ,Local NGO,,,Informal,Collective Settlement/Centre,Stefanos IDP Camp, ,0,0,IOM DTM RD24 August 2018,Stefanos Idp Camp
271,294045a9-e5c9-4012-a876-67db568ae130,7164,1517529600000,dennis.irorere,Turu B,PLSBUU17,Jos South,"32006",Plateau,PL, , , ,0,0,0,0,0,0,0,0,0,0,0,PL_S005, , , , ,0, , ,,,Informal,Collective Settlement/Centre,Community Town Hall-Riyom, ,0,0,IOM DTM RD24 August 2018,Community Town Hall Riyom
272,1acbced8-0f68-4fd9-8549-488ffe74db4d,7165,1517529600000,dennis.irorere,Galtimari,"11306",Jere,"113",Borno,BR, , , ,0,0,0,0,0,0,0,0,0,0,0,BO_S001, , ,Yes, ,0, , ,1410307200000,1410307200000,Open,Collective Settlement/Centre,Fori,Fori Primary School,0,0,IOM DTM RD24 August 2018,Fori Primary School IDP Camp
273,60e7e190-910b-4dfb-94a6-43c0c388aebf,7166,1517529600000,dennis.irorere,Kasugula,"10310",Bama,"103",Borno,BR, , , ,0,0,0,0,0,0,0,0,0,0,0,BO_S057, , ,Yes, ,0, ,Government,1444176000000,1444176000000, ,Collective Settlement/Centre,Bama,General Hospital Bama,0,0,IOM DTM RD24 August 2018,General Hospital Bama
274,1cd539be-2780-425a-9790-f0619cf11068,7167,1517529600000,dennis.irorere,Maiwa,"12609",Nganzai,"126",Borno,BR, , , ,0,0,0,0,0,0,0,0,0,0,0,BO_S154, , ,No, ,0, , ,,, ,Not identified,Burimari Camp, ,0,0,IOM DTM RD24 August 2018,Burimari Camp
275,1da6f5f2-e317-42a1-85ad-1992021e07b2,7227,1517529600000,adanna.alex,Dan Amar B,BA0202,Bauchi,"5002",Bauchi,BA, , , ,0,0,0,0,0,0,0,0,0,0,0, , , , , ,0, , ,,, ,Host Communities,Karofi Madaki, ,0,0,IOM DTM RD16 May 2017,Anguwan Mahankata
276,f464a204-9b7e-4521-b486-5c3f3ff89c0b,7171,1517529600000,adanna.alex,Dusuman,"11307",Jere,"113",Borno,BR, , , ,0,0,0,0,0,0,0,0,0,0,0, , , , , ,0, , ,1395964800000,1395964800000,Open,Collective Settlement/Centre,Muna Kumburi,Muna Daalti 1 2 3 4,0,0,eHA_Polio,Muna Kumburi IDP Camp
277,"059170c8-53ea-499b-b848-ba430d07d93c",7172,1517529600000,adanna.alex,Dusuman,"11307",Jere,"113",Borno,BR, , , ,0,0,0,0,0,0,0,0,0,0,0, , , , , ,0, , ,,, ,Not identified,Chad Basin Ngala Road Maiduguri, ,1606,0,eHA_Polio,CBDA
278,139022cd-982c-4f40-a2d7-c5d3e56e9f23,7173,1517529600000,adanna.alex,Ngamdu,"11411",Kaga,"114",Borno,BR, , , ,0,0,0,0,0,0,0,0,0,0,0, , , , , ,0, , ,,, ,Not identified,Ngamdu Town, ,830,0,eHA_Polio,Ngamdu
279,af1a5c49-1420-4473-84ed-b16694e9b3c3,7174,1517529600000,adanna.alex,Jakana,"11606",Konduga,"116",Borno,BR, , , ,0,0,0,0,0,0,0,0,0,0,0, , , , , ,0, , ,,, ,Not identified,Jakana Town, ,0,0,eHA_Polio,Jakana
280,c9298fec-13e0-4a01-9c90-fa470bdc367a,7175,1517529600000,adanna.alex,Konduga,"11609",Konduga,"116",Borno,BR, , , ,0,0,0,0,0,0,0,0,0,0,0, , , , , ,0, , ,,, ,Not identified,Konduga Town, ,343,0,eHA_Polio,Konduga
281,6d615cb1-087e-45cb-9442-ac44aa16e2e0,7176,1517529600000,adanna.alex,Lamisula,"12410",Maiduguri,"124",Borno,BR, , , ,0,0,0,0,0,0,0,0,0,0,0, , , , , ,0, , ,1416009600000,1416009600000,Closed,Not identified,Wulari, ,0,0,eHA_Polio,Government College IDP Camp
282,c26803c5-8aa8-48b9-83ab-d388fd48968e,7177,1517529600000,adanna.alex,Lamisula,"12410",Maiduguri,"124",Borno,BR, , , ,0,0,0,0,0,0,0,0,0,0,0, , , , , ,0, , ,1409529600000,1409529600000,Closed,Not identified,Moduganari, ,0,0,eHA_Polio,Yerwa Government Girls Secondary School GGSS IDP Camp
283,3d76a7df-c44b-4884-b7a5-86a522caf124,7178,1517529600000,adanna.alex,Maisandari,"12413",Maiduguri,"124",Borno,BR, , , ,0,0,0,0,0,0,0,0,0,0,0, , , , , ,0, , ,1389657600000,1389657600000,Closed,Not identified,Government Girls College, ,0,0,eHA_Polio,Government Girls College GGC IDP Camp
284,ab8e7f8f-5119-4a18-a6e9-13ca5214c033,7179,1517529600000,adanna.alex,Maisandari,"12413",Maiduguri,"124",Borno,BR, , , ,0,0,0,0,0,0,0,0,0,0,0, , , , , ,0, , ,1410825600000,1410825600000,Closed,Not identified,Opposite Metro Police Barrack, ,0,0,eHA_Polio,Women Teachers College WTC IDP Camp
285,523ab215-f7b8-470e-9540-efa4ab901bdf,7180,1517529600000,adanna.alex,Shehuri North,"12414",Maiduguri,"124",Borno,BR, , , ,0,0,0,0,0,0,0,0,0,0,0, , , , , ,0, , ,,, ,Not identified,Shehuri North, ,0,0,eHA_Polio,Goni Musa Camp
286,792e41f0-8764-4cde-918f-55d9c3619e1e,7181,1517529600000,adanna.alex,Ngala,"12507",Ngala,"125",Borno,BR, , , ,0,0,0,0,0,0,0,0,0,0,0, , , , , ,0, , ,,, ,Not identified,Ngala, ,0,0,eHA_Polio,Government College Ngala
287,bfb7dfa4-db9f-47a5-b078-90f9cdd48aa6,7191,1517529600000,adanna.alex,Gomari,"11303",Jere,"113",Borno,BR, , , ,0,0,0,0,0,0,0,0,0,0,0, , , , , ,0, , ,,, ,Formal,Nursing Village, ,67,0,eHA_Polio,Nursing Village
288,66bfa832-8b83-4978-b53b-d693b6a778d8,7192,1517529600000,adanna.alex,Ngala,"12507",Ngala,"125",Borno,BR, , , ,0,0,0,0,0,0,0,0,0,0,0, , , , , ,0, , ,1474675200000,1474675200000, ,Formal,IDP Camp Ngala, ,9912,0,eHA_Polio,Idp Camp Ngala
289,35647544-38fb-47e8-a9e8-6a6e6f80e3d5,7193,1517529600000,adanna.alex,Mairi,"11309",Jere,"113",Borno,BR, , , ,0,0,0,0,0,0,0,0,0,0,0, , , , , ,0, , ,,, ,Formal,IPD Camp,Abba Goni,96,0,eHA_Polio,Fori Camp
290,d3c56d62-ced6-439d-bd5b-718bee5076b8,7194,1517529600000,adanna.alex,Mashamari,"11305",Jere,"113",Borno,BR, , , ,0,0,0,0,0,0,0,0,0,0,0, , , , , ,0, , ,,, ,Informal,Shakwari 1,Goni Kachallari Lawanti,1800,0,eHA_Polio,Inna Jamalt
291,a0367dd8-b84f-4c67-89ef-57b4f6e9aef0,7195,1517529600000,adanna.alex,Old Maiduguri,"11311",Jere,"113",Borno,BR, , , ,0,0,0,0,0,0,0,0,0,0,0, , , , , ,0, , ,,, ,Formal,Madinatu,Madinatu Camp,120,0,eHA_Polio,Madinatu 2
292,67623e0a-7f57-4344-83aa-82935aa6a33e,7196,1517529600000,adanna.alex,Auno,"11602",Konduga,"116",Borno,BR, , , ,0,0,0,0,0,0,0,0,0,0,0, , , , , ,0, , ,969321600000,969321600000, ,Formal,Gubio Camp, ,2430,0,eHA_Polio,Gubio Camp
293,46dc1754-f824-42b0-b6ec-7c389f2c3e78,7197,1517529600000,adanna.alex,Mafa,"11908",Mafa,"119",Borno,BR, , , ,0,0,0,0,0,0,0,0,0,0,0, , , , , ,0, , ,1474934400000,1474934400000, ,Formal,Lawanti IDP Camp 1, ,266,0,eHA_Polio,Lawanti Idp Camp 1
294,e2452e5a-40f6-4301-ab57-e1d0407726d8,7198,1517529600000,adanna.alex,Mafa,"11908",Mafa,"119",Borno,BR, , , ,0,0,0,0,0,0,0,0,0,0,0, , , , , ,0, , ,1475193600000,1475193600000, ,Formal,Lawanti IDP Camp 1, ,127,0,eHA_Polio,Lawanti Idp Camp 2
295,fbda6864-f8aa-4b36-a36b-cf6c4dffb3e2,7199,1517529600000,adanna.alex,Tamsum Gamdua,"11911",Mafa,"119",Borno,BR, , , ,0,0,0,0,0,0,0,0,0,0,0, , , , , ,0, , ,1474588800000,1474588800000, ,Formal,Ryjl, ,255,0,eHA_Polio,Eghk
296,9c2ff2e9-5297-434e-ad74-b1ce547f0a65,7208,1517529600000,adanna.alex,Gude,ADSGYL04,Mubi South,"2015",Adamawa,AD, , , ,0,0,0,0,0,0,0,0,0,0,0, , , , , ,0, ,INGO,,,Informal,Transitional Centre,Mubi, ,0,0,IOM,Mubi Burnt Brick Factory Transit Camp
297,52e26423-0cd3-4242-a3dc-3eb5eef606a8,7209,1517529600000,adanna.alex,Vih / Boka,ADSMCH14,Michika,"2013",Adamawa,AD, , , ,0,0,0,0,0,0,0,0,0,0,0, , , , , ,0, ,Individual/Private,,,Informal,Transitional Centre,Mararaba, ,0,0,IOM,Mararaba
298,7e8405ca-b2b1-4d7d-8089-37667f7dc748,7210,1517529600000,adanna.alex,Betso,ADSMUB02,Mubi North,"2014",Adamawa,AD, , , ,0,0,0,0,0,0,0,0,0,0,0, , , , , ,0, , ,,,Informal,Collective Settlement/Centre,Vapura, ,0,0,IOM,Vapura
299,"0768720f-8427-4da5-8728-df7cee9019f3",7211,1517529600000,adanna.alex,Kabusa,FCTABC07,Municipal Area Council,"15006",Fct,FC, , , ,0,0,0,0,0,0,0,0,0,0,0, , , , , ,0, , ,,,Informal,Collective Settlement/Centre,Waru, ,0,0,IOM,Waru Camp
300,85334205-96e2-42db-86ca-a5e3d6bdfbf0,7212,1517529600000,adanna.alex,Lamingo,PLSJJN12,Jos North,"32005",Plateau,PL, , , ,0,0,0,0,0,0,0,0,0,0,0, , , , , ,0, ,Local NGO,,,Informal,Collective Settlement/Centre,Rikkos, ,0,0,IOM,Rikkos Community School
301,1a61560e-1a6d-4fb3-90d7-8ea09dfabed5,7213,1517529600000,adanna.alex,Lassa,"10205",Askira Uba,"102",Borno,BR, , , ,0,0,0,0,0,0,0,0,0,0,0, , , , , ,0, , ,1378771200000,1378771200000, ,Collective Settlement/Centre,Shishiwa, ,0,0,IOM DTM RD10 June 2016,Central Primary School
302,1588275e-6f78-45d6-af33-e91cd3183cc4,7214,1517529600000,adanna.alex,Mairi,"11309",Jere,"113",Borno,BR, , , ,0,0,0,0,0,0,0,0,0,0,0, , , , , ,0, , ,1392076800000,1392076800000,Closed,Collective Settlement/Centre,Mairi,Uni Guest Main Bakin Kogi Camp,0,0,IOM DTM RD10 June 2016,Mairi IDP Camp
303,7ac66291-d542-4585-ae9a-3a668489f44b,7215,1517529600000,adanna.alex,Lamisula,"12410",Maiduguri,"124",Borno,BR, , , ,0,0,0,0,0,0,0,0,0,0,0, , , , , ,8038392752,SEMA/NEMA/CAN,Government,1413936000000,1413936000000,Open,Collective Settlement/Centre,Wulari Jerusalem,Eyn Camp,0,0,IOM DTM RD10 June 2016,Christian Association Of Nigeria
304,"07a099f6-c0e9-48a6-9761-a399493246df",7216,1517529600000,adanna.alex,Galtimari,"11306",Jere,"113",Borno,BR, , , ,0,0,0,0,0,0,0,0,0,0,0, , , , , ,0, , ,1407456000000,1407456000000, ,Collective Settlement/Centre,Galdimari,Galtimari Fori,0,0,IOM DTM RD10 June 2016,Galtimari Primary School
305,7e3c6aa8-baeb-4c10-94fd-dc7256d3593c,7217,1517529600000,adanna.alex,Alkaleri West,BA0112,Alkaleri,"5001",Bauchi,BA, , , ,0,0,0,0,0,0,0,0,0,0,0, , , , , ,0, , ,,, ,Host Communities,Alkaleri West, ,0,0,IOM DTM RD16 May 2017,Anguwan Baba
306,72766879-a77b-4ad0-b8c3-17794489dd35,7218,1517529600000,adanna.alex,Yuli,BA0119,Alkaleri,"5001",Bauchi,BA, , , ,0,0,0,0,0,0,0,0,0,0,0, , , , , ,0, , ,,, ,Host Communities,Yuli Unguwar Tsamiya, ,0,0,IOM DTM RD16 May 2017,Duguri
307,6c7cc240-f374-47c2-95af-2a5fe80b59c9,7219,1517529600000,adanna.alex,Birshi,BA0207,Bauchi,"5002",Bauchi,BA, , , ,0,0,0,0,0,0,0,0,0,0,0, , , , , ,0, , ,,, ,Host Communities,Birshi Fulani, ,0,0,IOM DTM RD16 May 2017,Birshin Fulani
308,c39f01cf-0287-402d-99d2-9013ebd16db7,7220,1517529600000,adanna.alex,Birshi,BA0207,Bauchi,"5002",Bauchi,BA, , , ,0,0,0,0,0,0,0,0,0,0,0, , , , , ,0, , ,,, ,Host Communities,Unguwan Baba, ,0,0,IOM DTM RD16 May 2017,Sabon Kaura
309,bda787dc-4236-4d29-8a56-3eb6a8cb2039,7221,1517529600000,adanna.alex,Dan Iya,BA0211,Bauchi,"5002",Bauchi,BA, , , ,0,0,0,0,0,0,0,0,0,0,0, , , , , ,0, , ,,, ,Host Communities,Unguwan Duhu, ,0,0,IOM DTM RD16 May 2017,Kofar Dumi
310,2796053d-7619-4d08-a223-3bceb6ad52b3,7222,1517529600000,adanna.alex,Dawaki,BA0212,Bauchi,"5002",Bauchi,BA, , , ,0,0,0,0,0,0,0,0,0,0,0, , , , , ,0, , ,,, ,Host Communities,Fadaman Mada Bayan Fariya, ,0,0,IOM DTM RD16 May 2017,Yakubu Wanka
311,2cca81bf-2bdd-419d-81b5-8ef15259ba54,7223,1517529600000,adanna.alex,Dawaki,BA0212,Bauchi,"5002",Bauchi,BA, , , ,0,0,0,0,0,0,0,0,0,0,0, , , , , ,0, , ,,, ,Host Communities,Fadaman Mada Bayan Fariya, ,0,0,IOM DTM RD16 May 2017,Dawaki Bauchi
312,945b2b4c-bf41-4cd2-b396-62e89af25b84,7224,1517529600000,adanna.alex,Tirwun,BA0209,Bauchi,"5002",Bauchi,BA, , , ,0,0,0,0,0,0,0,0,0,0,0, , , , , ,0, , ,,, ,Host Communities,Unguwar Turaki, ,0,0,IOM DTM RD16 May 2017,Turwun
313,63422b91-509c-4602-82a6-f8206ee80fdd,7225,1517529600000,adanna.alex,Dan Amar A,BA0201,Bauchi,"5002",Bauchi,BA, , , ,0,0,0,0,0,0,0,0,0,0,0, , , , , ,0, , ,,, ,Host Communities,Garin Liman, ,0,0,IOM DTM RD16 May 2017,Doya
314,82dda09e-22c1-4246-98fa-1bb49c4f0b48,7264,1517529600000,adanna.alex,Kubdiya,BA0704,Gamawa,"5007",Bauchi,BA, , , ,0,0,0,0,0,0,0,0,0,0,0, , , , , ,0, , ,,, ,Host Communities,Garin Liman, ,0,0,IOM DTM RD16 May 2017,Kubdiya
315,fb26aed1-cf3f-497a-b4c8-f67904494fac,7228,1517529600000,adanna.alex,Makama A,BA0203,Bauchi,"5002",Bauchi,BA, , , ,0,0,0,0,0,0,0,0,0,0,0, , , , , ,0, , ,,, ,Host Communities,Garin Liman, ,0,0,IOM DTM RD16 May 2017,Fadan Bayak
316,11968ac9-4cd7-441d-bc34-d09d65967f64,7229,1517529600000,adanna.alex,Dagauda,BA0406,Dambam,"5004",Bauchi,BA, , , ,0,0,0,0,0,0,0,0,0,0,0, , , , , ,0, , ,,, ,Host Communities,Garin Liman, ,0,0,IOM DTM RD16 May 2017,Sabon Layi
317,63e9aaf7-02cb-4407-8b10-130316c8fda1,7230,1517529600000,adanna.alex,Dagauda,BA0406,Dambam,"5004",Bauchi,BA, , , ,0,0,0,0,0,0,0,0,0,0,0, , , , , ,0, , ,,, ,Host Communities,Garin Liman, ,0,0,IOM DTM RD16 May 2017,Anguwar Gabar
318,9c2bc716-f117-4169-951e-f424fcc17a52,7231,1517529600000,adanna.alex,Dambam B,BA0410,Dambam,"5004",Bauchi,BA, , , ,0,0,0,0,0,0,0,0,0,0,0, , , , , ,0, , ,,, ,Host Communities,Madaki, ,0,0,IOM DTM RD16 May 2017,Gongola
319,9458c4de-322b-4cb1-ba78-b06e9090d349,7232,1517529600000,adanna.alex,Dambam A,BA0403,Dambam,"5004",Bauchi,BA, , , ,0,0,0,0,0,0,0,0,0,0,0, , , , , ,0, , ,,, ,Host Communities,Garin Liman, ,0,0,IOM DTM RD16 May 2017,Kofar Fada
320,30bc680f-9f24-44f5-9e6f-514239d2ca3d,7233,1517529600000,adanna.alex,Garuza,BA0401,Dambam,"5004",Bauchi,BA, , , ,0,0,0,0,0,0,0,0,0,0,0, , , , , ,0, , ,,, ,Host Communities,Wahu Fada, ,0,0,IOM DTM RD16 May 2017,Saminau
321,d25c7231-55c7-4d0e-81d2-6af46de2a182,7234,1517529600000,adanna.alex,Jalam,BA0409,Dambam,"5004",Bauchi,BA, , , ,0,0,0,0,0,0,0,0,0,0,0, , , , , ,0, , ,,, ,Host Communities,Garin Liman, ,0,0,IOM DTM RD16 May 2017,Sabonlayi
322,9f2cc4bb-a22d-42a0-93ae-23d16699564d,7235,1517529600000,adanna.alex,Jalam,BA0409,Dambam,"5004",Bauchi,BA, , , ,0,0,0,0,0,0,0,0,0,0,0, , , , , ,0, , ,,, ,Host Communities,Garin Liman, ,0,0,IOM DTM RD16 May 2017,Fadan Sarki
323,1c61356e-819b-4d72-a1ea-df121a22b327,7236,1517529600000,adanna.alex,Yame,BA0405,Dambam,"5004",Bauchi,BA, , , ,0,0,0,0,0,0,0,0,0,0,0, , , , , ,0, , ,,, ,Host Communities,Yame, ,0,0,IOM DTM RD16 May 2017,Yame
324,bb26d2f2-b58e-403a-805b-5766a3a8a503,7237,1517529600000,adanna.alex,Yanda,BA0404,Dambam,"5004",Bauchi,BA, , , ,0,0,0,0,0,0,0,0,0,0,0, , , , , ,0, , ,,, ,Host Communities,Yanda Bayo, ,0,0,IOM DTM RD16 May 2017,Fagaro
325,87ed20c8-a060-4e49-b3f5-2cf5582ca038,7238,1517529600000,adanna.alex,Yanda,BA0404,Dambam,"5004",Bauchi,BA, , , ,0,0,0,0,0,0,0,0,0,0,0, , , , , ,0, , ,,, ,Host Communities,Yanda Bayo, ,0,0,IOM DTM RD16 May 2017,Yanda Fada
326,4e2c27f0-b20e-4bdd-9bd2-fb6196b0c9f7,7239,1517529600000,adanna.alex,Darazo West,BA0512,Darazo,"5005",Bauchi,BA, , , ,0,0,0,0,0,0,0,0,0,0,0, , , , , ,0, , ,,, ,Host Communities,Darazo West, ,0,0,IOM DTM RD16 May 2017,Bakin Kasuwa
327,41090aa9-0a7e-4dc9-a501-16827cdc9144,7240,1517529600000,adanna.alex,Konkiyel,BA0504,Darazo,"5005",Bauchi,BA, , , ,0,0,0,0,0,0,0,0,0,0,0, , , , , ,0, , ,,, ,Host Communities,Jauro Ummaru, ,0,0,IOM DTM RD16 May 2017,Ung Gurajawa
328,dfa54794-9e4e-4a21-a881-d3b1ca63a8d9,7241,1517529600000,adanna.alex,Gabchiyari,BA0509,Darazo,"5005",Bauchi,BA, , , ,0,0,0,0,0,0,0,0,0,0,0, , , , , ,0, , ,,, ,Host Communities,Unguwar Yarima Gabchiyari, ,0,0,IOM DTM RD16 May 2017,Ung Sarki
329,18c9019d-da53-41dd-8139-2f722bd8c836,7242,1517529600000,adanna.alex,Konkiyel,BA0504,Darazo,"5005",Bauchi,BA, , , ,0,0,0,0,0,0,0,0,0,0,0, , , , , ,0, , ,,, ,Host Communities,Jauro Ummaru, ,0,0,IOM DTM RD16 May 2017,Ung Fada
330,e34e746e-fe33-4732-bf3d-a5b21671dea2,7243,1517529600000,adanna.alex,Konkiyel,BA0504,Darazo,"5005",Bauchi,BA, , , ,0,0,0,0,0,0,0,0,0,0,0, , , , , ,0, , ,,, ,Host Communities,Jauro Ummaru, ,0,0,IOM DTM RD16 May 2017,Ung Arewa
331,51079c46-690e-48d4-822e-ad9759f7749d,7244,1517529600000,adanna.alex,Lago,BA0505,Darazo,"5005",Bauchi,BA, , , ,0,0,0,0,0,0,0,0,0,0,0, , , , , ,0, , ,,, ,Host Communities,Unguwar Galadima Layin Tasha, ,0,0,IOM DTM RD16 May 2017,Ung Izala
332,4627b224-c369-4f15-bf3c-3629bb2b0028,7245,1517529600000,adanna.alex,Lago,BA0505,Darazo,"5005",Bauchi,BA, , , ,0,0,0,0,0,0,0,0,0,0,0, , , , , ,0, , ,,, ,Host Communities,Unguwar Galadima Layin Tasha, ,0,0,IOM DTM RD16 May 2017,Ganuwa Kafi
333,cc49f4cd-ee5d-46fb-a939-b2d63372fc7b,7246,1517529600000,adanna.alex,Sade West,BA0516,Darazo,"5005",Bauchi,BA, , , ,0,0,0,0,0,0,0,0,0,0,0, , , , , ,0, , ,,, ,Host Communities,Gwaccha, ,0,0,IOM DTM RD16 May 2017,Misau Road
334,2337ca1b-f122-47ae-b6c1-fe870f7b3a62,7247,1517529600000,adanna.alex,Lanzai East,BA0507,Darazo,"5005",Bauchi,BA, , , ,0,0,0,0,0,0,0,0,0,0,0, , , , , ,0, , ,,, ,Host Communities,Garin Liman, ,0,0,IOM DTM RD16 May 2017,Bakin Kasuwa
335,c8aef254-f5fa-4fb9-8386-96e9d8d1d45d,7248,1517529600000,adanna.alex,Lanzai East,BA0507,Darazo,"5005",Bauchi,BA, , , ,0,0,0,0,0,0,0,0,0,0,0, , , , , ,0, , ,,, ,Host Communities,Garin Liman, ,0,0,IOM DTM RD16 May 2017,Ung Turaki
336,3f00b3a3-7aef-45ba-9e2f-3c5b8fde4834,7249,1517529600000,adanna.alex,Lanzai East,BA0507,Darazo,"5005",Bauchi,BA, , , ,0,0,0,0,0,0,0,0,0,0,0, , , , , ,0, , ,,, ,Host Communities,Garin Liman, ,0,0,IOM DTM RD16 May 2017,Ung Waziri
337,b1584bff-4992-4073-89fa-b0ccfb51d53e,7250,1517529600000,adanna.alex,Lanzai East,BA0507,Darazo,"5005",Bauchi,BA, , , ,0,0,0,0,0,0,0,0,0,0,0, , , , , ,0, , ,,, ,Host Communities,Garin Liman, ,0,0,IOM DTM RD16 May 2017,Ung Fada
338,c02b6e7b-7cd1-4394-aa5f-12705eb8e936,7251,1517529600000,adanna.alex,Papa North,BA0511,Darazo,"5005",Bauchi,BA, , , ,0,0,0,0,0,0,0,0,0,0,0, , , , , ,0, , ,,, ,Host Communities,Sabon Gari Unguwar Galadima, ,0,0,IOM DTM RD16 May 2017,Ung Barde
339,94e9061e-0c5a-43f4-bd63-0d83ad736ab7,7252,1517529600000,adanna.alex,Sade East,BA0506,Darazo,"5005",Bauchi,BA, , , ,0,0,0,0,0,0,0,0,0,0,0, , , , , ,0, , ,,, ,Host Communities,Garin Liman, ,0,0,IOM DTM RD16 May 2017,Ung Fada
340,bec1927a-67c7-4149-bd03-14c7a50e9e3b,7253,1517529600000,adanna.alex,Sade East,BA0506,Darazo,"5005",Bauchi,BA, , , ,0,0,0,0,0,0,0,0,0,0,0, , , , , ,0, , ,,, ,Host Communities,Garin Liman, ,0,0,IOM DTM RD16 May 2017,Ung Shugaba
341,9a0d4db8-f987-4633-9364-68b6ed5bcecd,7254,1517529600000,adanna.alex,Lago,BA0505,Darazo,"5005",Bauchi,BA, , , ,0,0,0,0,0,0,0,0,0,0,0, , , , , ,0, , ,,, ,Host Communities,Kari Tasha, ,0,0,IOM DTM RD16 May 2017,Kano Road Kari
342,fec21b87-f611-4b2e-b8e2-f7bc0f424f4f,7255,1517529600000,adanna.alex,Lago,BA0505,Darazo,"5005",Bauchi,BA, , , ,0,0,0,0,0,0,0,0,0,0,0, , , , , ,0, , ,,, ,Host Communities,Kari Tasha, ,0,0,IOM DTM RD16 May 2017,Maidufuri Road Kari
343,7be902c1-d3de-410b-a1f9-36219718dedf,7256,1517529600000,adanna.alex,Bununu Central,BA0603,Dass,"5006",Bauchi,BA, , , ,0,0,0,0,0,0,0,0,0,0,0, , , , , ,0, , ,,, ,Host Communities,Garin Liman, ,0,0,IOM DTM RD16 May 2017,Banko
344,9a79f00b-bcb9-4695-abb6-5600c7ecdf4c,7257,1517529600000,adanna.alex,Alagarno,BA0705,Gamawa,"5007",Bauchi,BA, , , ,0,0,0,0,0,0,0,0,0,0,0, , , , , ,0, , ,,, ,Host Communities,Alagarno Ta Gabas, ,0,0,IOM DTM RD16 May 2017,Alagarno
345,17e46040-0406-4ed4-b1e5-604edee606ff,7258,1517529600000,adanna.alex,Gadiya,BA0710,Gamawa,"5007",Bauchi,BA, , , ,0,0,0,0,0,0,0,0,0,0,0, , , , , ,0, , ,,, ,Host Communities,Gadiya Unguwar Mallam Mohammed, ,0,0,IOM DTM RD16 May 2017,Gadiya
346,c0f0683a-0034-44de-bfea-4e28ef0aa642,7259,1517529600000,adanna.alex,Gamawa North,BA0701,Gamawa,"5007",Bauchi,BA, , , ,0,0,0,0,0,0,0,0,0,0,0, , , , , ,0, , ,,, ,Host Communities,Garin Liman, ,0,0,IOM DTM RD16 May 2017,Ang Sarki
347,4ccee034-f9a2-4c9b-8949-69a22d8ee249,7260,1517529600000,adanna.alex,Gamawa North,BA0701,Gamawa,"5007",Bauchi,BA, , , ,0,0,0,0,0,0,0,0,0,0,0, , , , , ,0, , ,,, ,Host Communities,Garin Liman, ,0,0,IOM DTM RD16 May 2017,Anguwar Abuja
348,"04a43b9a-dad6-4119-ae82-e01aab203f48",7261,1517529600000,adanna.alex,Gamawa North,BA0701,Gamawa,"5007",Bauchi,BA, , , ,0,0,0,0,0,0,0,0,0,0,0, , , , , ,0, , ,,, ,Host Communities,Garin Liman, ,0,0,IOM DTM RD16 May 2017,Anguwar Balele
349,5534533e-10e5-4ba0-bca1-b69d6b1ffbe9,7262,1517529600000,adanna.alex,Gololo North,BA0703,Gamawa,"5007",Bauchi,BA, , , ,0,0,0,0,0,0,0,0,0,0,0, , , , , ,0, , ,,, ,Host Communities,Garin Liman, ,0,0,IOM DTM RD16 May 2017,Kofar Fada
350,77d35b65-e8cf-4a2a-93a1-94346d92ff7e,7263,1517529600000,adanna.alex,Mainako North,BA2011,Zaki,"5020",Bauchi,BA, , , ,0,0,0,0,0,0,0,0,0,0,0, , , , , ,0, , ,,, ,Host Communities,Auyakari Fada, ,0,0,IOM DTM RD16 May 2017,Ariya
351,4d3b6b9a-423c-4c3c-840b-c4bf438baa25,7265,1517529600000,adanna.alex,Mainako North,BA2011,Zaki,"5020",Bauchi,BA, , , ,0,0,0,0,0,0,0,0,0,0,0, , , , , ,0, , ,,, ,Host Communities,Auyakari Fada, ,0,0,IOM DTM RD16 May 2017,Kore
352,3aa2eafe-90fc-405c-9aa9-ef425fce41f1,7266,1517529600000,adanna.alex,Raga,BA0709,Gamawa,"5007",Bauchi,BA, , , ,0,0,0,0,0,0,0,0,0,0,0, , , , , ,0, , ,,, ,Host Communities,Gumal, ,0,0,IOM DTM RD16 May 2017,Raga
353,d7daa405-4530-471f-9843-29d510cd1126,7267,1517529600000,adanna.alex,Tarmasuwa,BA0708,Gamawa,"5007",Bauchi,BA, , , ,0,0,0,0,0,0,0,0,0,0,0, , , , , ,0, , ,,, ,Host Communities,Sabon Layi, ,0,0,IOM DTM RD16 May 2017,Kofar Fada
354,26aa8852-ab9e-46bc-86d4-17ef83c0f5b5,7268,1517529600000,adanna.alex,Tumbi,BA0706,Gamawa,"5007",Bauchi,BA, , , ,0,0,0,0,0,0,0,0,0,0,0, , , , , ,0, , ,,, ,Host Communities,Tumbi, ,0,0,IOM DTM RD16 May 2017,Angwan Fada
355,69bc786d-2413-4340-868d-6369eb45e7ba,7269,1517529600000,adanna.alex,Udubo Central,BA0707,Gamawa,"5007",Bauchi,BA, , , ,0,0,0,0,0,0,0,0,0,0,0, , , , , ,0, , ,,, ,Host Communities,Sarki Asigia, ,0,0,IOM DTM RD16 May 2017,Udubo
356,32ce3e5a-8450-40b8-bbca-4b19e916835e,7270,1517529600000,adanna.alex,Zindiwa,BA0711,Gamawa,"5007",Bauchi,BA, , , ,0,0,0,0,0,0,0,0,0,0,0, , , , , ,0, , ,,, ,Host Communities,Garin Liman, ,0,0,IOM DTM RD16 May 2017,Zindi
357,cd5dc02d-76c0-4f28-be21-bc841403ac89,7271,1517529600000,adanna.alex,Ganjuwa B,BA0812,Ganjuwa,"5008",Bauchi,BA, , , ,0,0,0,0,0,0,0,0,0,0,0, , , , , ,0, , ,,, ,Host Communities,Unguwan Magaji, ,0,0,IOM DTM RD16 May 2017,Gungura Soro
358,b3c324d5-49d1-4f97-9340-d326d13d63c7,7272,1517529600000,adanna.alex,Gungura A,BA0802,Ganjuwa,"5008",Bauchi,BA, , , ,0,0,0,0,0,0,0,0,0,0,0, , , , , ,0, , ,,, ,Host Communities,Unguwan Madaki Gungura, ,0,0,IOM DTM RD16 May 2017,Anguwar Sarki
359,8fc1e6fa-e518-4dfc-9027-95dee03954bb,7273,1517529600000,adanna.alex,Kafin Madaki A,BA0803,Ganjuwa,"5008",Bauchi,BA, , , ,0,0,0,0,0,0,0,0,0,0,0, , , , , ,0, , ,,, ,Host Communities,Kafin Madaki, ,0,0,IOM DTM RD16 May 2017,Kofar Fada
360,e946f527-8bcd-47ef-8e42-29a48bf6bd4d,7274,1517529600000,adanna.alex,Kariya A,BA0804,Ganjuwa,"5008",Bauchi,BA, , , ,0,0,0,0,0,0,0,0,0,0,0, , , , , ,0, , ,,, ,Host Communities,Tulu, ,0,0,IOM DTM RD16 May 2017,Anguwar Tulu
361,7d6814a9-144f-4972-9c35-010c710f5702,7275,1517529600000,adanna.alex,Chinkani,BA0901,Giade,"5009",Bauchi,BA, , , ,0,0,0,0,0,0,0,0,0,0,0, , , , , ,0, ,Local NGO,,, ,Host Communities,Chikani Sabuwa Ungwar Kudu, ,0,0,IOM DTM RD16 May 2017,Angwan Chiroma
362,b0f5dd14-a68f-463f-9438-28b8e750a4ef,7276,1517529600000,adanna.alex,Jugudu,BA0911,Giade,"5009",Bauchi,BA, , , ,0,0,0,0,0,0,0,0,0,0,0, , , , , ,0, ,Local NGO,,, ,Host Communities,Jugudu, ,0,0,IOM DTM RD16 May 2017,Jugudu
363,629fd847-1bd0-440d-9350-979452ac1e83,7277,1517529600000,adanna.alex,Doguwa,BA0903,Giade,"5009",Bauchi,BA, , , ,0,0,0,0,0,0,0,0,0,0,0, , , , , ,0, ,Local NGO,,, ,Host Communities,Gulbun, ,0,0,IOM DTM RD16 May 2017,Gulubum
364,caf74c44-37d4-4fa9-9825-16cd4d40b7f8,7278,1517529600000,adanna.alex,Doguwa,BA0903,Giade,"5009",Bauchi,BA, , , ,0,0,0,0,0,0,0,0,0,0,0, , , , , ,0, , ,,, ,Host Communities,Unguwar Karofe, ,0,0,IOM DTM RD16 May 2017,Ang Fada
365,2b36efa0-8d89-47d7-b804-e9e5093aa3e8,7279,1517529600000,adanna.alex,Giade A,BA0905,Giade,"5009",Bauchi,BA, , , ,0,0,0,0,0,0,0,0,0,0,0, , , , , ,0, ,Local NGO,,, ,Host Communities,Garin Liman, ,0,0,IOM DTM RD16 May 2017,Ang Dan Isa
366,3a036e22-e01e-4444-b083-e535de9062aa,7280,1517529600000,adanna.alex,Giade A,BA0905,Giade,"5009",Bauchi,BA, , , ,0,0,0,0,0,0,0,0,0,0,0, , , , , ,0, ,Local NGO,,, ,Host Communities,Garin Liman, ,0,0,IOM DTM RD16 May 2017,Gangare
367,c339f803-31d1-4b92-8726-fbaaff96e8a9,7281,1517529600000,adanna.alex,Giade A,BA0905,Giade,"5009",Bauchi,BA, , , ,0,0,0,0,0,0,0,0,0,0,0, , , , , ,0, ,Local NGO,,, ,Host Communities,Garin Liman, ,0,0,IOM DTM RD16 May 2017,Sabon Layi
368,31720113-b45f-4c30-bc16-e9fa7a228856,7282,1517529600000,adanna.alex,Giade A,BA0905,Giade,"5009",Bauchi,BA, , , ,0,0,0,0,0,0,0,0,0,0,0, , , , , ,0, ,Local NGO,,, ,Host Communities,Garin Liman, ,0,0,IOM DTM RD16 May 2017,Tudun Maje
369,6043181b-2875-442f-8bfe-11d46154a83b,7283,1517529600000,adanna.alex,Isawa,BA0906,Giade,"5009",Bauchi,BA, , , ,0,0,0,0,0,0,0,0,0,0,0, , , , , ,0, , ,,, ,Host Communities,Garin Liman, ,0,0,IOM DTM RD16 May 2017,Fawari
370,30a34248-0ef4-46ff-bf2b-790e35f8dcbb,7284,1517529600000,adanna.alex,Faguji,BA0904,Giade,"5009",Bauchi,BA, , , ,0,0,0,0,0,0,0,0,0,0,0, , , , , ,0, , ,,, ,Host Communities,Garin Liman, ,0,0,IOM DTM RD16 May 2017,Ang Sale
371,bcad222a-d994-4711-b0dd-15e1be77c065,7285,1517529600000,adanna.alex,Zabi,BA0909,Giade,"5009",Bauchi,BA, , , ,0,0,0,0,0,0,0,0,0,0,0, , , , , ,0, , ,,, ,Host Communities,Garin Liman, ,0,0,IOM DTM RD16 May 2017,Zabi
372,85955c9f-f18f-4197-8d5e-404fd46e90ba,7286,1517529600000,adanna.alex,Zirami,BA0910,Giade,"5009",Bauchi,BA, , , ,0,0,0,0,0,0,0,0,0,0,0, , , , , ,0, , ,,, ,Host Communities,Zirami, ,0,0,IOM DTM RD16 May 2017,Ang Fada
373,d9d5c9cf-7c82-4d20-bb7d-df6e0b94002a,7287,1517529600000,adanna.alex,Buzawa,BA1006,Itas/Gadau,"5010",Bauchi,BA, , , ,0,0,0,0,0,0,0,0,0,0,0, , , , , ,0, , ,,, ,Host Communities,Galadimawa, ,0,0,IOM DTM RD16 May 2017,Galadimawa
374,4cc1b2ab-c330-47e0-a4e4-ac8abf64b50c,7288,1517529600000,adanna.alex,Buzawa,BA1006,Itas/Gadau,"5010",Bauchi,BA, , , ,0,0,0,0,0,0,0,0,0,0,0, , , , , ,0, , ,,, ,Host Communities,Buzawa Tsangayar Alaramma, ,0,0,IOM DTM RD16 May 2017,Buzawa
375,"0204eaba-0100-4ace-8792-adccd47af9a1",7289,1517529600000,adanna.alex,Melendigi,BA1016,Itas/Gadau,"5010",Bauchi,BA, , , ,0,0,0,0,0,0,0,0,0,0,0, , , , , ,0, , ,,, ,Host Communities,Melandige, ,0,0,IOM DTM RD16 May 2017,Malendige
376,6e7e5640-8da5-4636-b459-142853560a91,7290,1517529600000,adanna.alex,Gadau,BA1009,Itas/Gadau,"5010",Bauchi,BA, , , ,0,0,0,0,0,0,0,0,0,0,0, , , , , ,0, , ,,, ,Host Communities,Gadau, ,0,0,IOM DTM RD16 May 2017,Gadau
377,802802f4-bc7d-4711-b3a0-67d86e353df4,7291,1517529600000,adanna.alex,Gwarai,BA1003,Itas/Gadau,"5010",Bauchi,BA, , , ,0,0,0,0,0,0,0,0,0,0,0, , , , , ,0, , ,,, ,Host Communities,Gwarai, ,0,0,IOM DTM RD16 May 2017,Gwarai
378,62eba1bf-8560-483b-8e61-2965e3375a3b,7292,1517529600000,adanna.alex,Kashuri,BA1010,Itas/Gadau,"5010",Bauchi,BA, , , ,0,0,0,0,0,0,0,0,0,0,0, , , , , ,0, , ,,, ,Host Communities,Kashuri, ,0,0,IOM DTM RD16 May 2017,Kashuri
379,7dc9ea95-df44-4a80-b68c-24d27de600f3,7293,1517529600000,adanna.alex,Mashema,BA1002,Itas/Gadau,"5010",Bauchi,BA, , , ,0,0,0,0,0,0,0,0,0,0,0, , , , , ,0, , ,,, ,Host Communities,Mashema, ,0,0,IOM DTM RD16 May 2017,Mashema
380,e05dcf41-f2ec-4b77-9244-9a943d9652bb,7294,1517529600000,adanna.alex,Mashema,BA1002,Itas/Gadau,"5010",Bauchi,BA, , , ,0,0,0,0,0,0,0,0,0,0,0, , , , , ,0, , ,,, ,Host Communities,Majiya, ,0,0,IOM DTM RD16 May 2017,Majiya
381,5c4b84d6-56b1-445c-896f-2db5028ac5cb,7295,1517529600000,adanna.alex,Zubiki,BA1011,Itas/Gadau,"5010",Bauchi,BA, , , ,0,0,0,0,0,0,0,0,0,0,0, , , , , ,0, , ,,, ,Host Communities,Zubuki, ,0,0,IOM DTM RD16 May 2017,Zubuki
382,e408a601-af81-4754-a986-33cd16fc9129,7296,1517529600000,adanna.alex,Atafowa,BA1012,Itas/Gadau,"5010",Bauchi,BA, , , ,0,0,0,0,0,0,0,0,0,0,0, , , , , ,0, , ,,, ,Host Communities,Garin Malam, ,0,0,IOM DTM RD16 May 2017,Garin Mallam
383,9c8a5340-3537-4f5b-8684-aeaf685bf88e,7297,1517529600000,adanna.alex,Dogon Jeji A,BA1105,Jama'Are,"5011",Bauchi,BA, , , ,0,0,0,0,0,0,0,0,0,0,0, , , , , ,0, , ,,, ,Host Communities,Garin Liman, ,0,0,IOM DTM RD16 May 2017,Walawa
384,847a9b36-ed02-4ef3-a72a-476b0b12c6f1,7298,1517529600000,adanna.alex,Dogon Jeji C,BA1107,Jama'Are,"5011",Bauchi,BA, , , ,0,0,0,0,0,0,0,0,0,0,0, , , , , ,0, , ,,, ,Host Communities,Gongo Kofar, ,0,0,IOM DTM RD16 May 2017,Gongo
385,7059a360-a8a0-4502-a4f0-585b605c0bbe,7299,1517529600000,adanna.alex,Jama'are B,BA1102,Jama'Are,"5011",Bauchi,BA, , , ,0,0,0,0,0,0,0,0,0,0,0, , , , , ,0, , ,,, ,Host Communities,Garin Liman, ,0,0,IOM DTM RD16 May 2017,Yarimari
386,"0c638a00-d1da-438a-88ff-54449d7c8dba",7300,1517529600000,adanna.alex,Jama'are A,BA1101,Jama'Are,"5011",Bauchi,BA, , , ,0,0,0,0,0,0,0,0,0,0,0, , , , , ,0, , ,,, ,Host Communities,Garin Liman, ,0,0,IOM DTM RD16 May 2017,Tudun Wada
387,cca2bb0f-81dd-48c0-9209-3a379cf6f591,7301,1517529600000,adanna.alex,Jama'are B,BA1102,Jama'Are,"5011",Bauchi,BA, , , ,0,0,0,0,0,0,0,0,0,0,0, , , , , ,0, , ,,, ,Host Communities,Garin Liman, ,0,0,IOM DTM RD16 May 2017,Hurare
388,"00fcd127-2bcb-45b1-8d21-4b4c24a72d75",7302,1517529600000,adanna.alex,Jama'are C,BA1103,Jama'Are,"5011",Bauchi,BA, , , ,0,0,0,0,0,0,0,0,0,0,0, , , , , ,0, , ,,, ,Host Communities,Garin Liman, ,0,0,IOM DTM RD16 May 2017,Masallacin
389,24cf3b37-cf03-49d6-ae86-c52b5262951a,7303,1517529600000,adanna.alex,Jama'are D,BA1104,Jama'Are,"5011",Bauchi,BA, , , ,0,0,0,0,0,0,0,0,0,0,0, , , , , ,0, , ,,, ,Host Communities,Jama'are D, ,0,0,IOM DTM RD16 May 2017,Nasarawo
390,5e3e390c-eb5b-45c5-8058-c940757007a8,7304,1517529600000,adanna.alex,Jama'are D,BA1104,Jama'Are,"5011",Bauchi,BA, , , ,0,0,0,0,0,0,0,0,0,0,0, , , , , ,0, , ,,, ,Host Communities,Jama'are D, ,0,0,IOM DTM RD16 May 2017,Chikamadari
391,7917b008-778d-4b92-a4e5-ec66bb849fd6,7305,1517529600000,adanna.alex,Buskuri,BA1205,Katagum,"5012",Bauchi,BA, , , ,0,0,0,0,0,0,0,0,0,0,0, , , , , ,0, , ,,, ,Host Communities,Buskuri, ,0,0,IOM DTM RD16 May 2017,Buskuri
392,d6cdea52-0a66-4b26-ab12-a7e67d7957e6,7306,1517529600000,adanna.alex,Chinade,BA1208,Katagum,"5012",Bauchi,BA, , , ,0,0,0,0,0,0,0,0,0,0,0, , , , , ,0, , ,,, ,Host Communities,Garin Liman, ,0,0,IOM DTM RD16 May 2017,Chinade
393,d128fe68-021f-4c3a-8d8b-cdfdbffddaae,7307,1517529600000,adanna.alex,Bidir,BA1207,Katagum,"5012",Bauchi,BA, , , ,0,0,0,0,0,0,0,0,0,0,0, , , , , ,0, , ,,, ,Host Communities,Garin Liman, ,0,0,IOM DTM RD16 May 2017,Bidir
394,3595de17-a8e5-4e08-bae3-a0a638a65fe6,7308,1517529600000,adanna.alex,Gambaki,BA1212,Katagum,"5012",Bauchi,BA, , , ,0,0,0,0,0,0,0,0,0,0,0, , , , , ,0, , ,,, ,Host Communities,Garin Liman, ,0,0,IOM DTM RD16 May 2017,Gambaki
395,3889d43f-4729-417d-a2e9-0f8494bead6d,7309,1517529600000,adanna.alex,Madachi,BA1215,Katagum,"5012",Bauchi,BA, , , ,0,0,0,0,0,0,0,0,0,0,0, , , , , ,0, , ,,, ,Host Communities,Garin Liman, ,0,0,IOM DTM RD16 May 2017,Madachi
396,f2c97b0d-a501-49e5-99e5-819f1ad0a3d6,7310,1517529600000,adanna.alex,Madangala,BA1203,Katagum,"5012",Bauchi,BA, , , ,0,0,0,0,0,0,0,0,0,0,0, , , , , ,0, , ,,, ,Host Communities,Kujuru, ,0,0,IOM DTM RD16 May 2017,Kujuru
397,"075fa13b-7702-45b0-aadb-9db9efd48016",7311,1517529600000,adanna.alex,Madara,BA1204,Katagum,"5012",Bauchi,BA, , , ,0,0,0,0,0,0,0,0,0,0,0, , , , , ,0, , ,,, ,Host Communities,Madara, ,0,0,IOM DTM RD16 May 2017,Madara
398,18733027-d87c-45c3-93ee-bdf01bb4e564,7312,1517529600000,adanna.alex,Nasarawa A,BA1217,Katagum,"5012",Bauchi,BA, , , ,0,0,0,0,0,0,0,0,0,0,0, , , , , ,0, , ,,, ,Host Communities,Garin Liman, ,0,0,IOM DTM RD16 May 2017,Odoji
399,92051694-101d-4625-bef0-cdd5288de0c5,7353,1517529600000,adanna.alex,Kurmi,BA1511,Ningi,"5015",Bauchi,BA, , , ,0,0,0,0,0,0,0,0,0,0,0, , , , , ,0, , ,,, ,Host Communities,Kurmi, ,0,0,IOM DTM RD16 May 2017,Kofar Fada
400,3fd7a6ef-1941-41a3-a41c-0a601b8bf932,7313,1517529600000,adanna.alex,Matsango,BA1216,Katagum,"5012",Bauchi,BA, , , ,0,0,0,0,0,0,0,0,0,0,0, , , , , ,0, , ,,, ,Host Communities,Matsango, ,0,0,IOM DTM RD16 May 2017,Matsango
401,"0ab16083-1a14-4a09-8fb4-eb27ecaf48fa",7314,1517529600000,adanna.alex,Matsango,BA1216,Katagum,"5012",Bauchi,BA, , , ,0,0,0,0,0,0,0,0,0,0,0, , , , , ,0, , ,,, ,Host Communities,Matsango, ,0,0,IOM DTM RD16 May 2017,Dabar Makaho
402,354b1845-d767-4a84-b992-c49f1332f16a,7315,1517529600000,adanna.alex,Ragwam,BA1219,Katagum,"5012",Bauchi,BA, , , ,0,0,0,0,0,0,0,0,0,0,0, , , , , ,0, , ,,, ,Host Communities,Miga, ,0,0,IOM DTM RD16 May 2017,Ragwam
403,"012c185c-f406-469f-bca4-e4043bd79474",7316,1517529600000,adanna.alex,Ragwam,BA1219,Katagum,"5012",Bauchi,BA, , , ,0,0,0,0,0,0,0,0,0,0,0, , , , , ,0, , ,,, ,Host Communities,Tsangaya, ,0,0,IOM DTM RD16 May 2017,Mogonshi
404,b2be8840-56b3-4461-96d7-4d0d07cd8a90,7317,1517529600000,adanna.alex,Tsakuwa,BA1201,Katagum,"5012",Bauchi,BA, , , ,0,0,0,0,0,0,0,0,0,0,0, , , , , ,0, , ,,, ,Host Communities,Tatari Ali, ,0,0,IOM DTM RD16 May 2017,Kofar Gabas
405,9990ffb2-16d0-4a26-8269-d5df7b2fe311,7318,1517529600000,adanna.alex,Kafin Kuka,BA1214,Katagum,"5012",Bauchi,BA, , , ,0,0,0,0,0,0,0,0,0,0,0, , , , , ,0, , ,,, ,Host Communities,Ramin Kasa, ,0,0,IOM DTM RD16 May 2017,Tatari Quarters
406,db79b17b-f012-42c2-85f4-1aee1536a7c1,7319,1517529600000,adanna.alex,Tsakuwa,BA1201,Katagum,"5012",Bauchi,BA, , , ,0,0,0,0,0,0,0,0,0,0,0, , , , , ,0, , ,,, ,Host Communities,Tatari Ali, ,0,0,IOM DTM RD16 May 2017,Tsakuwa
407,e3de20ce-fb36-46b5-9050-25d8fa841b19,7320,1517529600000,adanna.alex,Akuyam,BA1408,Misau,"5014",Bauchi,BA, , , ,0,0,0,0,0,0,0,0,0,0,0, , , , , ,0, , ,,, ,Host Communities,Garin Liman, ,0,0,IOM DTM RD16 May 2017,Yayu
408,a269f935-4091-45b1-9d87-87fe0ae27db7,7321,1517529600000,adanna.alex,Badara,BA1301,Kirfi,"5013",Bauchi,BA, , , ,0,0,0,0,0,0,0,0,0,0,0, , , , , ,0, , ,,, ,Host Communities,Garin Liman, ,0,0,IOM DTM RD16 May 2017,Fada
409,fe3397e5-0d28-4189-8d95-70ebae1a5233,7322,1517529600000,adanna.alex,Bara,BA1302,Kirfi,"5013",Bauchi,BA, , , ,0,0,0,0,0,0,0,0,0,0,0, , , , , ,0, , ,,, ,Host Communities,Kalajanga West, ,0,0,IOM DTM RD16 May 2017,Kala Janga
410,ddf65d22-3f77-4933-9bb0-8d64df17aef2,7323,1517529600000,adanna.alex,Bara,BA1302,Kirfi,"5013",Bauchi,BA, , , ,0,0,0,0,0,0,0,0,0,0,0, , , , , ,0, , ,,, ,Host Communities,Unguwan Madaki, ,0,0,IOM DTM RD16 May 2017,Bara
411,3a2a9803-06f3-41b1-98ff-d9b71e51a4c1,7324,1517529600000,adanna.alex,Guyaba,BA1306,Kirfi,"5013",Bauchi,BA, , , ,0,0,0,0,0,0,0,0,0,0,0, , , , , ,0, , ,,, ,Host Communities,Garin Liman, ,0,0,IOM DTM RD16 May 2017,Nasarawa
412,b992c2a8-afaf-4f4f-8dd7-ecadffa178d5,7325,1517529600000,adanna.alex,Dewu,BA1305,Kirfi,"5013",Bauchi,BA, , , ,0,0,0,0,0,0,0,0,0,0,0, , , , , ,0, , ,,, ,Host Communities,Dewu Unguwar Sarki, ,0,0,IOM DTM RD16 May 2017,Kwanta
413,aa8b2436-e436-4373-b70c-ea5f001d039e,7326,1517529600000,adanna.alex,Kafin Iya,BA1311,Kirfi,"5013",Bauchi,BA, , , ,0,0,0,0,0,0,0,0,0,0,0, , , , , ,0, , ,,, ,Host Communities,Kafin Iya Ungwar Yamma, ,0,0,IOM DTM RD16 May 2017,Kafin Iya
414,215522d9-e786-44a9-acd0-e444a8623d28,7327,1517529600000,adanna.alex,Tubule,BA1309,Kirfi,"5013",Bauchi,BA, , , ,0,0,0,0,0,0,0,0,0,0,0, , , , , ,0, , ,,, ,Host Communities,Garin Liman, ,0,0,IOM DTM RD16 May 2017,Tubule
415,f31382cd-1fc8-4e34-bd3b-85048c96d802,7328,1517529600000,adanna.alex,Wanka,BA1310,Kirfi,"5013",Bauchi,BA, , , ,0,0,0,0,0,0,0,0,0,0,0, , , , , ,0, , ,,, ,Host Communities,Wanka Bakin Kasuwa, ,0,0,IOM DTM RD16 May 2017,Wanka
416,2c9276ef-ce56-40e2-9752-94a2138eafea,7329,1517529600000,adanna.alex,Gwaram,BA1410,Misau,"5014",Bauchi,BA, , , ,0,0,0,0,0,0,0,0,0,0,0, , , , , ,0, , ,,, ,Host Communities,Garin Liman, ,0,0,IOM DTM RD16 May 2017,Kasuwa Sabo
417,3e8c68e9-1364-4c13-b9a1-811a0eca8980,7330,1517529600000,adanna.alex,Gwaram,BA1410,Misau,"5014",Bauchi,BA, , , ,0,0,0,0,0,0,0,0,0,0,0, , , , , ,0, , ,,, ,Host Communities,Garin Liman, ,0,0,IOM DTM RD16 May 2017,Gwaram
418,b0e7dc45-f617-4f4a-ad9a-57bc4081012a,7331,1517529600000,adanna.alex,Hardawa,BA1407,Misau,"5014",Bauchi,BA, , , ,0,0,0,0,0,0,0,0,0,0,0, , , , , ,0, , ,,, ,Host Communities,Garin Liman, ,0,0,IOM DTM RD16 May 2017,Angwan Dutse
419,81f339d1-2f90-42de-995d-eeb703a36252,7332,1517529600000,adanna.alex,Hardawa,BA1407,Misau,"5014",Bauchi,BA, , , ,0,0,0,0,0,0,0,0,0,0,0, , , , , ,0, , ,,, ,Host Communities,Garin Liman, ,0,0,IOM DTM RD16 May 2017,Angwan Ganu
420,b1be6bfa-e025-4ed9-bd6a-748cf1fa11ad,7333,1517529600000,adanna.alex,Kukadi A,BA1404,Misau,"5014",Bauchi,BA, , , ,0,0,0,0,0,0,0,0,0,0,0, , , , , ,0, , ,,, ,Host Communities,Garin Liman, ,0,0,IOM DTM RD16 May 2017,Tamsagari
421,141c6e0e-da9a-4557-b2fb-a7ae36907a66,7334,1517529600000,adanna.alex,Gundari,BA1413,Misau,"5014",Bauchi,BA, , , ,0,0,0,0,0,0,0,0,0,0,0, , , , , ,0, , ,,, ,Host Communities,Garin Liman, ,0,0,IOM DTM RD16 May 2017,Mangari
422,dda21498-f8b9-47d5-9254-f567ce5d72a5,7335,1517529600000,adanna.alex,Akuyam,BA1408,Misau,"5014",Bauchi,BA, , , ,0,0,0,0,0,0,0,0,0,0,0, , , , , ,0, , ,,, ,Host Communities,Garin Liman, ,0,0,IOM DTM RD16 May 2017,Sarma
423,33229a1c-ac5b-43fe-abb8-acf8003afc08,7336,1517529600000,adanna.alex,Akuyam,BA1408,Misau,"5014",Bauchi,BA, , , ,0,0,0,0,0,0,0,0,0,0,0, , , , , ,0, , ,,, ,Host Communities,Garin Liman, ,0,0,IOM DTM RD16 May 2017,Kofar Fada
424,c7bda567-09ae-4cb7-98a6-e68b6228edba,7337,1517529600000,adanna.alex,Akuyam,BA1408,Misau,"5014",Bauchi,BA, , , ,0,0,0,0,0,0,0,0,0,0,0, , , , , ,0, , ,,, ,Host Communities,Garin Liman, ,0,0,IOM DTM RD16 May 2017,Turaki
425,239b7f44-33f8-4a59-beb6-64847dd14e52,7338,1517529600000,adanna.alex,Hardawa,BA1407,Misau,"5014",Bauchi,BA, , , ,0,0,0,0,0,0,0,0,0,0,0, , , , , ,0, , ,,, ,Host Communities,Garin Liman, ,0,0,IOM DTM RD16 May 2017,Burungutu
426,"0e144271-ca42-44a3-91ea-10803de9d9a3",7339,1517529600000,adanna.alex,Zadawa,BA1401,Misau,"5014",Bauchi,BA, , , ,0,0,0,0,0,0,0,0,0,0,0, , , , , ,0, , ,,, ,Host Communities,Garin Liman, ,0,0,IOM DTM RD16 May 2017,Angwa Ganu
427,63d51b74-cb30-48c7-9fd3-2d8467f8fadc,7340,1517529600000,adanna.alex,Zadawa,BA1401,Misau,"5014",Bauchi,BA, , , ,0,0,0,0,0,0,0,0,0,0,0, , , , , ,0, , ,,, ,Host Communities,Garin Liman, ,0,0,IOM DTM RD16 May 2017,Angwan Garu
428,36577b7b-3839-4ef3-848f-4d36a2ab5346,7341,1517529600000,adanna.alex,Zadawa,BA1401,Misau,"5014",Bauchi,BA, , , ,0,0,0,0,0,0,0,0,0,0,0, , , , , ,0, , ,,, ,Host Communities,Garin Liman, ,0,0,IOM DTM RD16 May 2017,Angwan Dutse
429,2deddab5-0550-4b98-85f5-9b2988114e77,7342,1517529600000,adanna.alex,Balma,BA1505,Ningi,"5015",Bauchi,BA, , , ,0,0,0,0,0,0,0,0,0,0,0, , , , , ,0, , ,,, ,Host Communities,Balma, ,0,0,IOM DTM RD16 May 2017,Kara
430,cd1c27f8-a963-4b44-987a-c2ba6725b3c3,7343,1517529600000,adanna.alex,Balma,BA1505,Ningi,"5015",Bauchi,BA, , , ,0,0,0,0,0,0,0,0,0,0,0, , , , , ,0, , ,,, ,Host Communities,Balma, ,0,0,IOM DTM RD16 May 2017,Toran Kawa
431,e10a4a6b-cf45-49fc-b94f-cbc67fdee44f,7344,1517529600000,adanna.alex,Balma,BA1505,Ningi,"5015",Bauchi,BA, , , ,0,0,0,0,0,0,0,0,0,0,0, , , , , ,0, , ,,, ,Host Communities,Balma, ,0,0,IOM DTM RD16 May 2017,Kofar Fada
432,"0128124a-44e9-400f-b7f9-8b4283e47b4b",7345,1517529600000,adanna.alex,Kyata,BA1514,Ningi,"5015",Bauchi,BA, , , ,0,0,0,0,0,0,0,0,0,0,0, , , , , ,0, , ,,, ,Host Communities,Kofar Sarkin Kyata, ,0,0,IOM DTM RD16 May 2017,Kyata
433,e7b8c0da-a8c2-4e0c-92c5-443b05168670,7346,1517529600000,adanna.alex,Burra,BA1508,Ningi,"5015",Bauchi,BA, , , ,0,0,0,0,0,0,0,0,0,0,0, , , , , ,0, , ,,, ,Host Communities,Budugu, ,0,0,IOM DTM RD16 May 2017,Burra
434,4a7ab471-9bb2-428b-95b1-b53c625587ed,7347,1517529600000,adanna.alex,Dingis,BA1502,Ningi,"5015",Bauchi,BA, , , ,0,0,0,0,0,0,0,0,0,0,0, , , , , ,0, , ,,, ,Host Communities,Bugaje, ,0,0,IOM DTM RD16 May 2017,Katsinawa Dingis
435,"0ce09741-e191-4d2a-b0af-359f563dcae4",7348,1517529600000,adanna.alex,Jangu,BA1504,Ningi,"5015",Bauchi,BA, , , ,0,0,0,0,0,0,0,0,0,0,0, , , , , ,0, , ,,, ,Host Communities,Bekwala, ,0,0,IOM DTM RD16 May 2017,Zakara
436,8acb1838-4ed2-4103-8835-70ed40765bf0,7349,1517529600000,adanna.alex,Jangu,BA1504,Ningi,"5015",Bauchi,BA, , , ,0,0,0,0,0,0,0,0,0,0,0, , , , , ,0, , ,,, ,Host Communities,Kujera Cikin Gari, ,0,0,IOM DTM RD16 May 2017,Kujera
437,42e097b3-cef2-4702-a9c1-7d80ba22245b,7350,1517529600000,adanna.alex,Jangu,BA1504,Ningi,"5015",Bauchi,BA, , , ,0,0,0,0,0,0,0,0,0,0,0, , , , , ,0, , ,,, ,Host Communities,Tsangayar Guda, ,0,0,IOM DTM RD16 May 2017,Gadar Maiwa
438,4e61998d-b5af-4f81-88ca-847d3faa53ca,7351,1517529600000,adanna.alex,Kudu Yamma,BA1506,Ningi,"5015",Bauchi,BA, , , ,0,0,0,0,0,0,0,0,0,0,0, , , , , ,0, , ,,, ,Host Communities,Katsinawa, ,0,0,IOM DTM RD16 May 2017,Katsinanwa Tabula
439,690eae81-52a5-4dcc-bb50-212db4619d83,7352,1517529600000,adanna.alex,Kudu Yamma,BA1506,Ningi,"5015",Bauchi,BA, , , ,0,0,0,0,0,0,0,0,0,0,0, , , , , ,0, , ,,, ,Host Communities,Batu Tudun, ,0,0,IOM DTM RD16 May 2017,Baju
440,6fc01fe0-80ce-43f0-8620-dc935258c796,7354,1517529600000,adanna.alex,Nasaru A,BA1503,Ningi,"5015",Bauchi,BA, , , ,0,0,0,0,0,0,0,0,0,0,0, , , , , ,0, , ,,, ,Host Communities,Garin Liman, ,0,0,IOM DTM RD16 May 2017,Ung Galadima
441,f0f7c6f1-65a0-4245-a6f1-10c812ac353e,7355,1517529600000,adanna.alex,Tudun Wada,BA1909,Warji,"5019",Bauchi,BA, , , ,0,0,0,0,0,0,0,0,0,0,0, , , , , ,0, , ,,, ,Host Communities,Unguwar Abdu Kamisu, ,0,0,IOM DTM RD16 May 2017,Tsangaya Tudu
442,d111bde5-4966-4933-becf-8e530093fe31,7356,1517529600000,adanna.alex,Nasaru A,BA1503,Ningi,"5015",Bauchi,BA, , , ,0,0,0,0,0,0,0,0,0,0,0, , , , , ,0, , ,,, ,Host Communities,Garin Liman, ,0,0,IOM DTM RD16 May 2017,Ung Madaki
443,8fa0e209-7449-4f57-b043-e6dd57e86ac8,7357,1517529600000,adanna.alex,Ningi East,BA1501,Ningi,"5015",Bauchi,BA, , , ,0,0,0,0,0,0,0,0,0,0,0, , , , , ,0, , ,,, ,Host Communities,Tatari Ali, ,0,0,IOM DTM RD16 May 2017,Ningi East
444,31f30e21-c281-4847-aec3-9d7569039fef,7358,1517529600000,adanna.alex,Sama,BA1509,Ningi,"5015",Bauchi,BA, , , ,0,0,0,0,0,0,0,0,0,0,0, , , , , ,0, , ,,, ,Host Communities,Yada Gungume, ,0,0,IOM DTM RD16 May 2017,Yada Gugunme
445,27a90ff3-faed-412d-9202-f2a502daa533,7359,1517529600000,adanna.alex,Tiffi,BA1517,Ningi,"5015",Bauchi,BA, , , ,0,0,0,0,0,0,0,0,0,0,0, , , , , ,0, , ,,, ,Host Communities,Zidani, ,0,0,IOM DTM RD16 May 2017,Wushani
446,a80f0baa-3ead-4dec-bce5-e544df037713,7360,1517529600000,adanna.alex,Tiffi,BA1517,Ningi,"5015",Bauchi,BA, , , ,0,0,0,0,0,0,0,0,0,0,0, , , , , ,0, , ,,, ,Host Communities,Zidani, ,0,0,IOM DTM RD16 May 2017,Bakin Kasuwa
447,366f7347-509e-46b8-81b9-4ab2cfed1769,7361,1517529600000,adanna.alex,Tiffi,BA1517,Ningi,"5015",Bauchi,BA, , , ,0,0,0,0,0,0,0,0,0,0,0, , , , , ,0, , ,,, ,Host Communities,Zidani, ,0,0,IOM DTM RD16 May 2017,Unguwan Fada
448,99e13db5-4571-4521-9483-1189e1f2d2d4,7362,1517529600000,adanna.alex,Beli,BA1606,Shira,"5016",Bauchi,BA, , , ,0,0,0,0,0,0,0,0,0,0,0, , , , , ,0, , ,,, ,Host Communities,Unguwar Rimi, ,0,0,IOM DTM RD16 May 2017,Bel 1
449,278c19cf-de5d-4fe4-9feb-c97e4d758916,7363,1517529600000,adanna.alex,Bangire,BA1612,Shira,"5016",Bauchi,BA, , , ,0,0,0,0,0,0,0,0,0,0,0, , , , , ,0, , ,,, ,Host Communities,Garin Liman, ,0,0,IOM DTM RD16 May 2017,Bangire
450,90fe43c8-4168-46d9-8949-832eb3355f09,7364,1517529600000,adanna.alex,Bukul,BA1603,Shira,"5016",Bauchi,BA, , , ,0,0,0,0,0,0,0,0,0,0,0, , , , , ,0, , ,,, ,Host Communities,Kurna A, ,0,0,IOM DTM RD16 May 2017,Bukul
451,381142f7-fbe9-4e3a-9610-c04de3204efc,7365,1517529600000,adanna.alex,Disina A,BA1604,Shira,"5016",Bauchi,BA, , , ,0,0,0,0,0,0,0,0,0,0,0, , , , , ,0, , ,,, ,Host Communities,Disina Sabon Gari, ,0,0,IOM DTM RD16 May 2017,Andumami
452,7ebae7d1-66f6-4dcf-a338-e5a63e4422a1,7366,1517529600000,adanna.alex,Faggo A,BA1605,Shira,"5016",Bauchi,BA, , , ,0,0,0,0,0,0,0,0,0,0,0, , , , , ,0, , ,,, ,Host Communities,Unguwar Mai Tebur, ,0,0,IOM DTM RD16 May 2017,Faggo
453,41ef309c-1ebd-4a91-9378-255c6514dacc,7367,1517529600000,adanna.alex,Tsafi,BA1609,Shira,"5016",Bauchi,BA, , , ,0,0,0,0,0,0,0,0,0,0,0, , , , , ,0, , ,,, ,Host Communities,Rigar Dago, ,0,0,IOM DTM RD16 May 2017,Kilbori
454,6b27ad1a-b0f7-4aa3-99bd-29204f716ea6,7368,1517529600000,adanna.alex,Disina A,BA1604,Shira,"5016",Bauchi,BA, , , ,0,0,0,0,0,0,0,0,0,0,0, , , , , ,0, , ,,, ,Host Communities,Alkaleri, ,0,0,IOM DTM RD16 May 2017,Katabarawa
455,4d2f0721-c1c8-41b5-bfb9-98b022f705a6,7369,1517529600000,adanna.alex,Tsafi,BA1609,Shira,"5016",Bauchi,BA, , , ,0,0,0,0,0,0,0,0,0,0,0, , , , , ,0, , ,,, ,Host Communities,Unguwar Beni, ,0,0,IOM DTM RD16 May 2017,Makwalaw Tsafi
456,37f7b517-c840-4f48-a13d-e1ce41189aff,7370,1517529600000,adanna.alex,Bununu A,BA1711,Tafawa-Balewa,"5017",Bauchi,BA, , , ,0,0,0,0,0,0,0,0,0,0,0, , , , , ,0, , ,,, ,Host Communities,Garin Liman, ,0,0,IOM DTM RD16 May 2017,Bununu
457,475a6f57-eeb3-4330-8d5d-ef1887be2657,7371,1517529600000,adanna.alex,Kardam B,BA1702,Tafawa-Balewa,"5017",Bauchi,BA, , , ,0,0,0,0,0,0,0,0,0,0,0, , , , , ,0, , ,,, ,Host Communities,Boto Babba A, ,0,0,IOM DTM RD16 May 2017,Boto
458,588130ae-84e1-467f-9715-fc2d84b2158b,7372,1517529600000,adanna.alex,Lere North,BA1703,Tafawa-Balewa,"5017",Bauchi,BA, , , ,0,0,0,0,0,0,0,0,0,0,0, , , , , ,0, , ,,, ,Host Communities,Garin Liman, ,0,0,IOM DTM RD16 May 2017,Kofar Bai
459,7dfc79ad-16c1-438f-9b6e-e671ccf478e2,7373,1517529600000,adanna.alex,Wai B,BA1716,Tafawa-Balewa,"5017",Bauchi,BA, , , ,0,0,0,0,0,0,0,0,0,0,0, , , , , ,0, , ,,, ,Host Communities,Garin Liman, ,0,0,IOM DTM RD16 May 2017,Tafawa Balewa
460,a9a81706-e8e7-46a4-9062-5fbaa99e8444,7374,1517529600000,adanna.alex,Ribina East,BA1803,Toro,"5018",Bauchi,BA, , , ,0,0,0,0,0,0,0,0,0,0,0, , , , , ,0, , ,,, ,Host Communities,Sabon Layi, ,0,0,IOM DTM RD16 May 2017,Ringi Gari
461,e40b0e5b-7a8d-415d-ae03-22ec3983cc19,7375,1517529600000,adanna.alex,Tilde,BA1802,Toro,"5018",Bauchi,BA, , , ,0,0,0,0,0,0,0,0,0,0,0, , , , , ,0, , ,,, ,Host Communities,Unguwar Kasa, ,0,0,IOM DTM RD16 May 2017,Kawuli
462,5c1100f5-2287-4935-ab68-971397e021db,7376,1517529600000,adanna.alex,Zalau,BA1816,Toro,"5018",Bauchi,BA, , , ,0,0,0,0,0,0,0,0,0,0,0, , , , , ,0, , ,,, ,Host Communities,Garin Liman, ,0,0,IOM DTM RD16 May 2017,Zalau Rishi
463,eb2a912a-ea1d-40eb-9584-5986a4dbaac7,7377,1517529600000,adanna.alex,Baima,BA1901,Warji,"5019",Bauchi,BA, , , ,0,0,0,0,0,0,0,0,0,0,0, , , , , ,0, , ,,, ,Host Communities,Duguniyan, ,0,0,IOM DTM RD16 May 2017,Warido
464,9b20ede8-cda6-4b5b-b2d6-7e83b1e0097a,7378,1517529600000,adanna.alex,Baima,BA1901,Warji,"5019",Bauchi,BA, , , ,0,0,0,0,0,0,0,0,0,0,0, , , , , ,0, , ,,, ,Host Communities,Duguniyan, ,0,0,IOM DTM RD16 May 2017,Bama Tsamiya
465,8da89e5b-565c-4a4f-981e-b941b15c1095,7379,1517529600000,adanna.alex,Gabanga A,BA1905,Warji,"5019",Bauchi,BA, , , ,0,0,0,0,0,0,0,0,0,0,0, , , , , ,0, , ,,, ,Host Communities,Unguwan Madaki, ,0,0,IOM DTM RD16 May 2017,Gabanga
466,5c75d217-0c97-4e1c-9bdb-1f76740e7c37,7380,1517529600000,adanna.alex,Katanga,BA1906,Warji,"5019",Bauchi,BA, , , ,0,0,0,0,0,0,0,0,0,0,0, , , , , ,0, , ,,, ,Host Communities,Garin Liman, ,0,0,IOM DTM RD16 May 2017,Dansai
467,"06d6c3dc-f6a2-4242-861f-5f58723ab9c2",7381,1517529600000,adanna.alex,Tiyin B,BA1911,Warji,"5019",Bauchi,BA, , , ,0,0,0,0,0,0,0,0,0,0,0, , , , , ,0, , ,,, ,Host Communities,Garin Liman, ,0,0,IOM DTM RD16 May 2017,Kahan
468,4647d486-17cc-4438-8818-9c8630f956f0,7382,1517529600000,adanna.alex,Dallaji,BA1902,Warji,"5019",Bauchi,BA, , , ,0,0,0,0,0,0,0,0,0,0,0, , , , , ,0, , ,,, ,Host Communities,Dallaji, ,0,0,IOM DTM RD16 May 2017,Tundu Wada
469,8a298cb4-b92b-4aab-8574-cd9a95dcefe3,7383,1517529600000,adanna.alex,Kafin Larabawa,BA2015,Zaki,"5020",Bauchi,BA, , , ,0,0,0,0,0,0,0,0,0,0,0, , , , , ,0, , ,,, ,Host Communities,Garin Liman, ,0,0,IOM DTM RD16 May 2017,Kafin Larabawa
470,55563167-9f24-4742-8d96-0f7c863b11a8,7384,1517529600000,adanna.alex,Lodiyo,BA2016,Zaki,"5020",Bauchi,BA, , , ,0,0,0,0,0,0,0,0,0,0,0, , , , , ,0, , ,,, ,Host Communities,Garin Liman, ,0,0,IOM DTM RD16 May 2017,Musa A Mohammed
471,934c437a-424b-4f7e-aa2f-02c342e16deb,7385,1517529600000,adanna.alex,Katagum,BA2002,Zaki,"5020",Bauchi,BA, , , ,0,0,0,0,0,0,0,0,0,0,0, , , , , ,0, , ,,, ,Host Communities,Garin Liman, ,0,0,IOM DTM RD16 May 2017,Anguwan Sojoji
472,91fc788e-ff8e-41c4-8f17-8992ce8c2b60,7386,1517529600000,adanna.alex,Katagum,BA2002,Zaki,"5020",Bauchi,BA, , , ,0,0,0,0,0,0,0,0,0,0,0, , , , , ,0, , ,,, ,Host Communities,Garin Liman, ,0,0,IOM DTM RD16 May 2017,Bakin Kasuwa
473,63773248-d864-4fd1-9c82-e90c91348b12,7387,1517529600000,adanna.alex,Mainako South,BA2018,Zaki,"5020",Bauchi,BA, , , ,0,0,0,0,0,0,0,0,0,0,0, , , , , ,0, , ,,, ,Host Communities,Mainako Kenyari, ,0,0,IOM DTM RD16 May 2017,Mainako
474,aa2fb51b-42cc-4efb-b20c-4a5018aa3803,7388,1517529600000,adanna.alex,Maiwa,BA2010,Zaki,"5020",Bauchi,BA, , , ,0,0,0,0,0,0,0,0,0,0,0, , , , , ,0, , ,,, ,Host Communities,Aboke Fulani, ,0,0,IOM DTM RD16 May 2017,Gurka
475,b8744c0b-7e83-49f1-b7c8-7e35d281ca8c,7389,1517529600000,adanna.alex,Makawa,BA2004,Zaki,"5020",Bauchi,BA, , , ,0,0,0,0,0,0,0,0,0,0,0, , , , , ,0, ,None,,, ,Host Communities,Makawa Arewa, ,0,0,IOM DTM RD16 May 2017,Makawa
476,e004c5bc-066f-4193-9229-374be421a472,7390,1517529600000,adanna.alex,Murmur South,BA2008,Zaki,"5020",Bauchi,BA, , , ,0,0,0,0,0,0,0,0,0,0,0, , , , , ,0, , ,,, ,Host Communities,Chibiyayi Daba, ,0,0,IOM DTM RD16 May 2017,Chibiyayi
477,552590d4-f6d2-479e-903d-0bd34676d763,7391,1517529600000,adanna.alex,Murmur North,BA2007,Zaki,"5020",Bauchi,BA, , , ,0,0,0,0,0,0,0,0,0,0,0, , , , , ,0, , ,,, ,Host Communities,Garin Liman, ,0,0,IOM DTM RD16 May 2017,Murmur
478,ee588eb6-f502-4a58-9f16-e2bba2d30ec7,7392,1517529600000,adanna.alex,Sakwa,BA2005,Zaki,"5020",Bauchi,BA, , , ,0,0,0,0,0,0,0,0,0,0,0, , , , , ,0, , ,,, ,Host Communities,Garin Liman, ,0,0,IOM DTM RD16 May 2017,Sakwa
479,357079b5-4d68-4fb0-bcb9-1eae1620e7a9,7393,1517529600000,adanna.alex,Tashena,BA2012,Zaki,"5020",Bauchi,BA, , , ,0,0,0,0,0,0,0,0,0,0,0, , , , , ,0, , ,,, ,Host Communities,Tashene Yamma, ,0,0,IOM DTM RD16 May 2017,Tashena
480,e515f272-697c-4b72-b4b9-91b945fc0675,7394,1517529600000,adanna.alex,Garko,GMSAKK02,Akko,"16001",Gombe,GO, , , ,0,0,0,0,0,0,0,0,0,0,0, , , , , ,0, , ,,, ,Host Communities,Garko, ,0,0,IOM DTM RD16 May 2017,Barundi
481,74776c7f-dab3-4db1-9715-188fb2a704e9,7395,1517529600000,adanna.alex,Garko,GMSAKK02,Akko,"16001",Gombe,GO, , , ,0,0,0,0,0,0,0,0,0,0,0, , , , , ,0, , ,,, ,Host Communities,Garko, ,0,0,IOM DTM RD16 May 2017,Bogo
482,9f15eec9-e739-45da-8fb5-04acd5c732ff,7396,1517529600000,adanna.alex,Pantami,GMSGME10,Gombe,"16006",Gombe,GO, , , ,0,0,0,0,0,0,0,0,0,0,0, , , , , ,0, , ,,, ,Host Communities,Garin Liman, ,0,0,IOM DTM RD16 May 2017,Libya
483,5d0c41e4-78ff-4eec-a0ac-753909571df9,7397,1517529600000,adanna.alex,Garko,GMSAKK02,Akko,"16001",Gombe,GO, , , ,0,0,0,0,0,0,0,0,0,0,0, , , , , ,0, , ,,, ,Host Communities,Garko, ,0,0,IOM DTM RD16 May 2017,Hammadu Kafi
484,8a7d051c-ec99-40c0-8ab3-d1f6ddc1888c,7398,1517529600000,adanna.alex,Garko,GMSAKK02,Akko,"16001",Gombe,GO, , , ,0,0,0,0,0,0,0,0,0,0,0, , , , , ,0, , ,,, ,Host Communities,Garko, ,0,0,IOM DTM RD16 May 2017,Wuro Biriji
485,c6235c30-ed53-49e8-9e31-11b1989fc594,7399,1517529600000,adanna.alex,Garko,GMSAKK02,Akko,"16001",Gombe,GO, , , ,0,0,0,0,0,0,0,0,0,0,0, , , , , ,0, , ,,, ,Host Communities,Garko, ,0,0,IOM DTM RD16 May 2017,Zirin Gaza
486,120b44db-f89b-4f86-98b5-d6eead37ce01,7400,1517529600000,adanna.alex,Kwadon / Liji / Kurba,GMSYDB07,Yamaltu/Deba,"16011",Gombe,GO, , , ,0,0,0,0,0,0,0,0,0,0,0, , , , , ,0, , ,,, ,Host Communities,Tabra, ,0,0,IOM DTM RD16 May 2017,Tabra
487,8a4b9780-66f0-4825-aa67-6a07fca16a47,7401,1517529600000,adanna.alex,Tumu,GMSAKK11,Akko,"16001",Gombe,GO, , , ,0,0,0,0,0,0,0,0,0,0,0, , , , , ,0, , ,,, ,Host Communities,Tumu, ,0,0,IOM DTM RD16 May 2017,Central Primary School
488,33b8885e-5088-4e06-9852-e7b1e5a0a3dd,7402,1517529600000,adanna.alex,Bambam,GMSBLG01,Balanga,"16002",Gombe,GO, , , ,0,0,0,0,0,0,0,0,0,0,0, , , , , ,0, , ,,, ,Host Communities,Garin Liman, ,0,0,IOM DTM RD16 May 2017,Angwan Yoribawa
489,c2318712-a9d5-4f7d-b55d-92835782e804,7403,1517529600000,adanna.alex,Bambam,GMSBLG01,Balanga,"16002",Gombe,GO, , , ,0,0,0,0,0,0,0,0,0,0,0, , , , , ,0, , ,,, ,Host Communities,Garin Liman, ,0,0,IOM DTM RD16 May 2017,Taliyaye
490,b1edd68e-3166-44e8-9177-476765fe3b7e,7404,1517529600000,adanna.alex,Gelengu,GMSBLG05,Balanga,"16002",Gombe,GO, , , ,0,0,0,0,0,0,0,0,0,0,0, , , , , ,0, , ,,, ,Host Communities,Balansane, ,0,0,IOM DTM RD16 May 2017,Balamsene
491,961740a5-c05a-48aa-a91a-6a9cfb6fb0a4,7405,1517529600000,adanna.alex,Gelengu,GMSBLG05,Balanga,"16002",Gombe,GO, , , ,0,0,0,0,0,0,0,0,0,0,0, , , , , ,0, , ,,, ,Host Communities,Garin Kuka, ,0,0,IOM DTM RD16 May 2017,Garin Kuka
492,6f70de6a-8641-4349-a216-274bfeeb1031,7406,1517529600000,adanna.alex,Gelengu,GMSBLG05,Balanga,"16002",Gombe,GO, , , ,0,0,0,0,0,0,0,0,0,0,0, , , , , ,0, , ,,, ,Host Communities,Unguwan Gumsa, ,0,0,IOM DTM RD16 May 2017,Gara
493,ef767b6a-1d0b-4f9d-8bd4-778ce6c5fed3,7407,1517529600000,adanna.alex,Gelengu,GMSBLG05,Balanga,"16002",Gombe,GO, , , ,0,0,0,0,0,0,0,0,0,0,0, , , , , ,0, , ,,, ,Host Communities,Bakasi, ,0,0,IOM DTM RD16 May 2017,Bakusi
494,dffcfa44-c246-4c96-ac72-576288b0536e,7408,1517529600000,adanna.alex,Kindiyo,GMSBLG06,Balanga,"16002",Gombe,GO, , , ,0,0,0,0,0,0,0,0,0,0,0, , , , , ,0, , ,,, ,Host Communities,Kwata Tudu, ,0,0,IOM DTM RD16 May 2017,Kundiya
495,5630b11a-2a05-4f2b-bb14-4ef8c48324d6,7409,1517529600000,adanna.alex,Nyuwar / Jessu,GMSBLG08,Balanga,"16002",Gombe,GO, , , ,0,0,0,0,0,0,0,0,0,0,0, , , , , ,0, , ,,, ,Host Communities,Jessu, ,0,0,IOM DTM RD16 May 2017,Shilla
496,c483bc62-48a5-4ccc-aacb-eda1671ccb70,7410,1517529600000,adanna.alex,Bare,GMSBLR03,Billiri,"16003",Gombe,GO, , , ,0,0,0,0,0,0,0,0,0,0,0, , , , , ,0, , ,,, ,Host Communities,Kolkos, ,0,0,IOM DTM RD16 May 2017,Kentengereng
497,3c5844e0-7dc0-4490-8d30-714bb40bd555,7411,1517529600000,adanna.alex,Billiri South,GMSBLR05,Billiri,"16003",Gombe,GO, , , ,0,0,0,0,0,0,0,0,0,0,0, , , , , ,0, , ,,, ,Host Communities,Billiri, ,0,0,IOM DTM RD16 May 2017,Ladun Kansha
498,958e16f2-e878-4b02-bcec-034b19a9e8e1,7412,1517529600000,adanna.alex,Billiri South,GMSBLR05,Billiri,"16003",Gombe,GO, , , ,0,0,0,0,0,0,0,0,0,0,0, , , , , ,0, , ,,, ,Host Communities,Billiri, ,0,0,IOM DTM RD16 May 2017,Kekel
499,6fc60f2f-18aa-4313-87b2-ed1ac1147283,7413,1517529600000,adanna.alex,Todi,GMSBLR09,Billiri,"16003",Gombe,GO, , , ,0,0,0,0,0,0,0,0,0,0,0, , , , , ,0, , ,,, ,Host Communities,Shela, ,0,0,IOM DTM RD16 May 2017,Shella
500,eb107631-842b-40d3-aba5-af74cafda82a,7414,1517529600000,adanna.alex,Gombe Abba,GMSDKU01,Dukku,"16004",Gombe,GO, , , ,0,0,0,0,0,0,0,0,0,0,0, , , , , ,0, , ,,, ,Host Communities,Garin Liman, ,0,0,IOM DTM RD16 May 2017,Hina
501,f9c1a47d-0267-49dc-9608-bf299d799f24,7415,1517529600000,adanna.alex,Hashidu,GMSDKU02,Dukku,"16004",Gombe,GO, , , ,0,0,0,0,0,0,0,0,0,0,0, , , , , ,0, , ,,, ,Host Communities,Anguwan Chiroma, ,0,0,IOM DTM RD16 May 2017,Anguwar Maoaki
502,b260d2cd-bad6-462b-bc16-b4a4ff8c0a1d,7416,1517529600000,adanna.alex,Malala,GMSDKU06,Dukku,"16004",Gombe,GO, , , ,0,0,0,0,0,0,0,0,0,0,0, , , , , ,0, , ,,, ,Host Communities,Malala, ,0,0,IOM DTM RD16 May 2017,Auyakari
503,f1f29203-725b-45cd-80c5-251c99595886,7417,1517529600000,adanna.alex,Malala,GMSDKU06,Dukku,"16004",Gombe,GO, , , ,0,0,0,0,0,0,0,0,0,0,0, , , , , ,0, , ,,, ,Host Communities,Malala, ,0,0,IOM DTM RD16 May 2017,Anguwar Bauchi
504,3a0d7e21-3c0c-425d-a5a9-7b2100c555cd,7418,1517529600000,adanna.alex,Waziri North,GMSDKU07,Dukku,"16004",Gombe,GO, , , ,0,0,0,0,0,0,0,0,0,0,0, , , , , ,0, ,None,,, ,Host Communities,Wuro Bali, ,0,0,IOM DTM RD16 May 2017,Chiroma
505,e84e5ee9-053e-4bc6-a4d8-96c75b843fe9,7419,1517529600000,adanna.alex,Waziri North,GMSDKU07,Dukku,"16004",Gombe,GO, , , ,0,0,0,0,0,0,0,0,0,0,0, , , , , ,0, ,None,,, ,Host Communities,Wuro Bali, ,0,0,IOM DTM RD16 May 2017,Babiya Quarters
506,d184e898-8aaf-4394-9c37-b0c0c7cbe259,7420,1517529600000,adanna.alex,Waziri South,GMSDKU08,Dukku,"16004",Gombe,GO, , , ,0,0,0,0,0,0,0,0,0,0,0, , , , , ,0, , ,,, ,Host Communities,Sebidu Kari, ,0,0,IOM DTM RD16 May 2017,Nayelwa
507,37b59271-e427-4260-b76e-6332cbf6d427,7421,1517529600000,adanna.alex,Ribadu,GMSFKY07,Funakaye,"16005",Gombe,GO, , , ,0,0,0,0,0,0,0,0,0,0,0, , , , , ,0, , ,,, ,Host Communities,Bojijji, ,0,0,IOM DTM RD16 May 2017,Ribadu
508,43f73ac0-69ff-43a2-8312-806425e4db7f,7422,1517529600000,adanna.alex,Tongo,GMSFKY09,Funakaye,"16005",Gombe,GO, , , ,0,0,0,0,0,0,0,0,0,0,0, , , , , ,0, , ,,, ,Host Communities,Garin Liman, ,0,0,IOM DTM RD16 May 2017,Tongo
509,eca154b3-48e4-4e62-b35a-27dc218fb931,7423,1517529600000,adanna.alex,Waziri South,GMSDKU08,Dukku,"16004",Gombe,GO, , , ,0,0,0,0,0,0,0,0,0,0,0, , , , , ,0, , ,,, ,Host Communities,Wawa, ,0,0,IOM DTM RD16 May 2017,Wawa
510,4d558268-0f4e-441c-87e0-b9024ba4adbc,7424,1517529600000,adanna.alex,Shamaki,GMSGME11,Gombe,"16006",Gombe,GO, , , ,0,0,0,0,0,0,0,0,0,0,0, , , , , ,0, , ,,, ,Host Communities,Garin Liman, ,0,0,IOM DTM RD16 May 2017,Ajiya B
511,6deea730-6bcf-4c65-9d15-4da953ea318f,7425,1517529600000,adanna.alex,Shamaki,GMSGME11,Gombe,"16006",Gombe,GO, , , ,0,0,0,0,0,0,0,0,0,0,0, , , , , ,0, , ,,, ,Host Communities,Garin Liman, ,0,0,IOM DTM RD16 May 2017,Jirkin Katako
512,130e111f-7b12-4a6e-bae2-d9b4db323d15,7426,1517529600000,adanna.alex,Ajiya,GMSGME01,Gombe,"16006",Gombe,GO, , , ,0,0,0,0,0,0,0,0,0,0,0, , , , , ,0, , ,,, ,Host Communities,Garin Liman, ,0,0,IOM DTM RD16 May 2017,Federal Low Cost
513,481fbcb4-5990-4ec8-9864-b669d2f1297e,7427,1517529600000,adanna.alex,Shamaki,GMSGME11,Gombe,"16006",Gombe,GO, , , ,0,0,0,0,0,0,0,0,0,0,0, , , , , ,0, , ,,, ,Host Communities,Garin Liman, ,0,0,IOM DTM RD16 May 2017,London Maindorowa
514,d9866626-1a7d-4b24-9ba8-20afc982e621,7428,1517529600000,adanna.alex,Bolari West,GMSGME04,Gombe,"16006",Gombe,GO, , , ,0,0,0,0,0,0,0,0,0,0,0, , , , , ,0, , ,,, ,Host Communities,Garin Liman, ,0,0,IOM DTM RD16 May 2017,Bayan Gidan Sarki
515,b77d1350-2f6d-426a-a1cb-85291a330d62,7429,1517529600000,adanna.alex,Pantami,GMSGME10,Gombe,"16006",Gombe,GO, , , ,0,0,0,0,0,0,0,0,0,0,0, , , , , ,0, , ,,, ,Host Communities,Garin Liman, ,0,0,IOM DTM RD16 May 2017,Madaki Quarters
516,82fc4d36-e794-4e6a-8b9c-c0570e6ac5da,7430,1517529600000,adanna.alex,Bolari West,GMSGME04,Gombe,"16006",Gombe,GO, , , ,0,0,0,0,0,0,0,0,0,0,0, , , , , ,0, , ,,, ,Host Communities,Garin Liman, ,0,0,IOM DTM RD16 May 2017,Layin Masalaci
517,5fc59303-9b0f-4137-ab86-994893cd4701,7431,1517529600000,adanna.alex,Herwa Gana,GMSGME06,Gombe,"16006",Gombe,GO, , , ,0,0,0,0,0,0,0,0,0,0,0, , , , , ,0, , ,,, ,Host Communities,Herwa Gana, ,0,0,IOM DTM RD16 May 2017,Bayan Gidan Modibbo
518,128c98b4-e1b5-4482-9f07-b82524b912af,7432,1517529600000,adanna.alex,Herwa Gana,GMSGME06,Gombe,"16006",Gombe,GO, , , ,0,0,0,0,0,0,0,0,0,0,0, , , , , ,0, , ,,, ,Host Communities,Herwa Gana, ,0,0,IOM DTM RD16 May 2017,Herwagana C
519,397e7bdf-b79e-4f3c-9269-838df64db792,7433,1517529600000,adanna.alex,Herwa Gana,GMSGME06,Gombe,"16006",Gombe,GO, , , ,0,0,0,0,0,0,0,0,0,0,0, , , , , ,0, , ,,, ,Host Communities,Herwa Gana, ,0,0,IOM DTM RD16 May 2017,Herwagana A
520,fba38789-2bdb-48b2-84e3-9e7b3ab2596c,7434,1517529600000,adanna.alex,Bolari West,GMSGME04,Gombe,"16006",Gombe,GO, , , ,0,0,0,0,0,0,0,0,0,0,0, , , , , ,0, , ,,, ,Host Communities,Garin Liman, ,0,0,IOM DTM RD16 May 2017,Herwagana D
521,79500f47-43c7-482b-8be3-ffd9b308d46e,7642,1517529600000,adanna.alex,Kashere,GMSAKK04,Akko,"16001",Gombe,GO, , , ,0,0,0,0,0,0,0,0,0,0,0, , , , , ,0, , ,,, ,Host Communities,Kashere, ,0,0,IOM DTM RD16 May 2017,Kashere
522,bcd5e89b-653d-47a1-9ac6-d51bb6123584,7435,1517529600000,adanna.alex,Herwa Gana,GMSGME06,Gombe,"16006",Gombe,GO, , , ,0,0,0,0,0,0,0,0,0,0,0, , , , , ,0, , ,,, ,Host Communities,Herwa Gana, ,0,0,IOM DTM RD16 May 2017,Herwagana B
523,1105f95c-5226-4abb-84ea-3950738181ef,7436,1517529600000,adanna.alex,Jekadafari,GMSGME07,Gombe,"16006",Gombe,GO, , , ,0,0,0,0,0,0,0,0,0,0,0, , , , , ,0, ,Government,,, ,Host Communities,Garin Liman, ,0,0,IOM DTM RD16 May 2017,Jekadafari
524,a335aec6-ffd9-4c5b-8e07-612764f0e7a2,7437,1517529600000,adanna.alex,Jekadafari,GMSGME07,Gombe,"16006",Gombe,GO, , , ,0,0,0,0,0,0,0,0,0,0,0, , , , , ,0, , ,,, ,Host Communities,Garin Liman, ,0,0,IOM DTM RD16 May 2017,Jankai
525,f900aeed-a4dc-464e-bbf1-4455c58bf6c5,7438,1517529600000,adanna.alex,Shamaki,GMSGME11,Gombe,"16006",Gombe,GO, , , ,0,0,0,0,0,0,0,0,0,0,0, , , , , ,0, , ,,, ,Host Communities,Garin Liman, ,0,0,IOM DTM RD16 May 2017,Checheniya
526,fea238eb-637d-402d-bd4e-f3b81d9b8918,7439,1517529600000,adanna.alex,Jekadafari,GMSGME07,Gombe,"16006",Gombe,GO, , , ,0,0,0,0,0,0,0,0,0,0,0, , , , , ,0, , ,,, ,Host Communities,Garin Liman, ,0,0,IOM DTM RD16 May 2017,Bayan Aroma
527,d9cfbf2c-694b-4787-8b3c-b2d289db720a,7440,1517529600000,adanna.alex,Kumbiya Kumbiya,GMSGME08,Gombe,"16006",Gombe,GO, , , ,0,0,0,0,0,0,0,0,0,0,0, , , , , ,0, , ,,, ,Host Communities,Kumbiya Kumbiya, ,0,0,IOM DTM RD16 May 2017,Bayan Nepa
528,c4140c0f-d986-4116-bfd4-2c1d8849cb23,7441,1517529600000,adanna.alex,Pantami,GMSGME10,Gombe,"16006",Gombe,GO, , , ,0,0,0,0,0,0,0,0,0,0,0, , , , , ,0, , ,,, ,Host Communities,Garin Liman, ,0,0,IOM DTM RD16 May 2017,Tudun Wada Pantami
529,48a0f5a0-8d88-4d8b-bf3f-5cad62157320,7442,1517529600000,adanna.alex,Pantami,GMSGME10,Gombe,"16006",Gombe,GO, , , ,0,0,0,0,0,0,0,0,0,0,0, , , , , ,0, , ,,, ,Host Communities,Garin Liman, ,0,0,IOM DTM RD16 May 2017,Kusuwan Pantami
530,d1549e87-2ca1-48e6-a65a-d337c10325ef,7443,1517529600000,adanna.alex,Pantami,GMSGME10,Gombe,"16006",Gombe,GO, , , ,0,0,0,0,0,0,0,0,0,0,0, , , , , ,0, , ,,, ,Host Communities,Garin Liman, ,0,0,IOM DTM RD16 May 2017,Manawachi
531,c680281a-d538-4975-9d6e-d08125128717,7444,1517529600000,adanna.alex,Pantami,GMSGME10,Gombe,"16006",Gombe,GO, , , ,0,0,0,0,0,0,0,0,0,0,0, , , , , ,0, , ,,, ,Host Communities,Garin Liman, ,0,0,IOM DTM RD16 May 2017,Gabukka
532,bed1f54a-bcb8-4911-89d2-0de914b838fa,7445,1517529600000,adanna.alex,Bajoga,GMSGME02,Gombe,"16006",Gombe,GO, , , ,0,0,0,0,0,0,0,0,0,0,0, , , , , ,0, , ,,, ,Host Communities,Garin Liman, ,0,0,IOM DTM RD16 May 2017,Kagarawal
533,353bb4df-e7a4-4757-a506-2878e1d0119b,7446,1517529600000,adanna.alex,Kamo,GMSKLT06,Kaltungo,"16007",Gombe,GO, , , ,0,0,0,0,0,0,0,0,0,0,0, , , , , ,0, , ,,, ,Host Communities,Sabon Layi Awak, ,0,0,IOM DTM RD16 May 2017,Ang Magaji
534,d39f33a2-95ff-4568-8d62-d440f0238f40,7447,1517529600000,adanna.alex,Kamo,GMSKLT06,Kaltungo,"16007",Gombe,GO, , , ,0,0,0,0,0,0,0,0,0,0,0, , , , , ,0, , ,,, ,Host Communities,Sabon Layi Awak, ,0,0,IOM DTM RD16 May 2017,Kwalashini
535,85e007c0-fd4d-46c2-ba66-7646136bcedb,7448,1517529600000,adanna.alex,Kamo,GMSKLT06,Kaltungo,"16007",Gombe,GO, , , ,0,0,0,0,0,0,0,0,0,0,0, , , , , ,0, , ,,, ,Host Communities,Sabon Layi Awak, ,0,0,IOM DTM RD16 May 2017,Gangari
536,d0b5da1c-87fa-4fed-b008-5b02f66558cd,7449,1517529600000,adanna.alex,Kaltungo West,GMSKLT05,Kaltungo,"16007",Gombe,GO, , , ,0,0,0,0,0,0,0,0,0,0,0, , , , , ,0, , ,,, ,Host Communities,Polanabak, ,0,0,IOM DTM RD16 May 2017,Sabonlayi Lapandita
537,7ade93c8-3497-49a5-9a2a-df73f8ad8b16,7450,1517529600000,adanna.alex,Wange,GMSKLT09,Kaltungo,"16007",Gombe,GO, , , ,0,0,0,0,0,0,0,0,0,0,0, , , , , ,0, , ,,, ,Host Communities,Bulanghe, ,0,0,IOM DTM RD16 May 2017,Wange
538,694f7226-5e43-4338-be87-69136033a35d,7451,1517529600000,adanna.alex,Ture,GMSKLT08,Kaltungo,"16007",Gombe,GO, , , ,0,0,0,0,0,0,0,0,0,0,0, , , , , ,0, ,None,,, ,Host Communities,Okwaldi, ,0,0,IOM DTM RD16 May 2017,Ture Mai
539,df4dfacc-0e5a-4f99-b30d-304591426837,7452,1517529600000,adanna.alex,Bojude,GMSKWM01,Kwami,"16008",Gombe,GO, , , ,0,0,0,0,0,0,0,0,0,0,0, , , , , ,0, , ,,, ,Host Communities,Bojude Community, ,0,0,IOM DTM RD16 May 2017,Lafiya Gabatta
540,360c0d0b-013b-485e-b9b8-864d648736f3,7453,1517529600000,adanna.alex,Daban Fulani,GMSKWM02,Kwami,"16008",Gombe,GO, , , ,0,0,0,0,0,0,0,0,0,0,0, , , , , ,0, , ,,, ,Host Communities,Daban Fulani, ,0,0,IOM DTM RD16 May 2017,Madaki
541,524f18a6-2779-4e91-adae-3d4bceed6ff2,7454,1517529600000,adanna.alex,Doho,GMSKWM03,Kwami,"16008",Gombe,GO, , , ,0,0,0,0,0,0,0,0,0,0,0, , , , , ,0, ,Individual/Private,,, ,Host Communities,Gidan Ibrahim Daki Unguwan Yerima, ,0,0,IOM DTM RD16 May 2017,Ang Yerima
542,6cb6add5-3e0e-4faa-9429-59ef5877a9a8,7455,1517529600000,adanna.alex,Dukul,GMSKWM04,Kwami,"16008",Gombe,GO, , , ,0,0,0,0,0,0,0,0,0,0,0, , , , , ,0, ,Individual/Private,,, ,Host Communities,Garin Liman, ,0,0,IOM DTM RD16 May 2017,Fadan Yerima
543,d6e9d974-f775-423b-bbf4-7e8f3cf4fd49,7456,1517529600000,adanna.alex,Gadam,GMSKWM05,Kwami,"16008",Gombe,GO, , , ,0,0,0,0,0,0,0,0,0,0,0, , , , , ,0, , ,,, ,Host Communities,Nassarawu, ,0,0,IOM DTM RD16 May 2017,Madaki
544,a518e354-f191-4f53-9a37-e0e5b91665f2,7457,1517529600000,adanna.alex,Kwami,GMSKWM08,Kwami,"16008",Gombe,GO, , , ,0,0,0,0,0,0,0,0,0,0,0, , , , , ,0, , ,,, ,Host Communities,Unguwan Zani, ,0,0,IOM DTM RD16 May 2017,Pawo Marafa
545,61b6a787-b8d2-476a-b91e-7cc15a70f777,7458,1517529600000,adanna.alex,Malam Sidi,GMSKWM09,Kwami,"16008",Gombe,GO, , , ,0,0,0,0,0,0,0,0,0,0,0, , , , , ,0, , ,,, ,Host Communities,Kurugu, ,0,0,IOM DTM RD16 May 2017,Kukrugu
546,7eb484b6-f96f-4702-9c29-4339457e5a3a,7459,1517529600000,adanna.alex,Malam Sidi,GMSKWM09,Kwami,"16008",Gombe,GO, , , ,0,0,0,0,0,0,0,0,0,0,0, , , , , ,0, , ,,, ,Host Communities,Kiyari, ,0,0,IOM DTM RD16 May 2017,Kiyari
547,"04e59518-1a5f-4e29-aa02-28a4b0c95787",7460,1517529600000,adanna.alex,Malleri,GMSKWM10,Kwami,"16008",Gombe,GO, , , ,0,0,0,0,0,0,0,0,0,0,0, , , , , ,0, , ,,, ,Host Communities,Malleri, ,0,0,IOM DTM RD16 May 2017,Angwan Yerima
548,c3480222-a1d7-4346-9ecb-5e62d4d24e5b,7461,1517529600000,adanna.alex,Malleri,GMSKWM10,Kwami,"16008",Gombe,GO, , , ,0,0,0,0,0,0,0,0,0,0,0, , , , , ,0, , ,,, ,Host Communities,Malleri, ,0,0,IOM DTM RD16 May 2017,Tafida Palace
549,2cbbe0ce-2bfd-41bf-af63-f06625a7ea0b,7462,1517529600000,adanna.alex,Barwo Nasarawo,GMSNFD01,Nafada,"16009",Gombe,GO, , , ,0,0,0,0,0,0,0,0,0,0,0, , , , , ,0, , ,,, ,Host Communities,Barwo Sabon Gari, ,0,0,IOM DTM RD16 May 2017,Madaki
550,1338ab35-0fbe-4adb-85ed-180575056ba7,7463,1517529600000,adanna.alex,Barwo Nasarawo,GMSNFD01,Nafada,"16009",Gombe,GO, , , ,0,0,0,0,0,0,0,0,0,0,0, , , , , ,0, , ,,, ,Host Communities,Barwo Sabon Gari, ,0,0,IOM DTM RD16 May 2017,Nasarawo
551,9e616402-8445-4f91-983a-6851e9e5492e,7464,1517529600000,adanna.alex,Barwo Winde,GMSNFD02,Nafada,"16009",Gombe,GO, , , ,0,0,0,0,0,0,0,0,0,0,0, , , , , ,0, ,None,,, ,Host Communities,Barwo Winde, ,0,0,IOM DTM RD16 May 2017,Kanti
552,9f2deb34-2892-4686-aded-b1a89987e289,7465,1517529600000,adanna.alex,Nafada Central,GMSNFD08,Nafada,"16009",Gombe,GO, , , ,0,0,0,0,0,0,0,0,0,0,0, , , , , ,0, , ,,, ,Host Communities,Nafada Central, ,0,0,IOM DTM RD16 May 2017,Madaki
553,e311f1de-7771-454f-b281-af59f8c3771c,7466,1517529600000,adanna.alex,Nafada East,GMSNFD09,Nafada,"16009",Gombe,GO, , , ,0,0,0,0,0,0,0,0,0,0,0, , , , , ,0, , ,,, ,Host Communities,Unguwan Dallati Nafada, ,0,0,IOM DTM RD16 May 2017,Dalati
554,532dae00-3ca7-486a-83f3-9be0b7434586,7467,1517529600000,adanna.alex,Nafada Central,GMSNFD08,Nafada,"16009",Gombe,GO, , , ,0,0,0,0,0,0,0,0,0,0,0, , , , , ,0, , ,,, ,Host Communities,Nafada Central, ,0,0,IOM DTM RD16 May 2017,Hari
555,4354982c-c6c9-4315-97cb-caf24fa8b304,7468,1517529600000,adanna.alex,Nafada Central,GMSNFD08,Nafada,"16009",Gombe,GO, , , ,0,0,0,0,0,0,0,0,0,0,0, , , , , ,0, , ,,, ,Host Communities,Nafada Central, ,0,0,IOM DTM RD16 May 2017,Ganza
556,10220ed0-1e93-435f-81fd-c444093ac72e,7469,1517529600000,adanna.alex,Burak,GMSSHM03,Shomgom,"16010",Gombe,GO, , , ,0,0,0,0,0,0,0,0,0,0,0, , , , , ,0, , ,,, ,Host Communities,Garin Liman, ,0,0,IOM DTM RD16 May 2017,Sabon Layin
557,aa69ffc8-b9ff-4e75-96cf-46a7d2ca8037,7470,1517529600000,adanna.alex,Gwandum,GMSSHM06,Shomgom,"16010",Gombe,GO, , , ,0,0,0,0,0,0,0,0,0,0,0, , , , , ,0, ,None,,, ,Host Communities,Gwandum, ,0,0,IOM DTM RD16 May 2017,Ungwan Barrede
558,51857bb2-c9ed-4aae-831f-bcfdb7523229,7471,1517529600000,adanna.alex,Lalaipido,GMSSHM09,Shomgom,"16010",Gombe,GO, , , ,0,0,0,0,0,0,0,0,0,0,0, , , , , ,0, , ,,, ,Host Communities,Lapem, ,0,0,IOM DTM RD16 May 2017,Ungwan Konga
559,457362f4-3e7a-4d00-8d1d-cabc49164097,7472,1517529600000,adanna.alex,Lapan,GMSSHM10,Shomgom,"16010",Gombe,GO, , , ,0,0,0,0,0,0,0,0,0,0,0, , , , , ,0, , ,,, ,Host Communities,Lapan, ,0,0,IOM DTM RD16 May 2017,Kwalkwari
560,35db508d-00df-44a4-b521-dbf954fd91d6,7473,1517529600000,adanna.alex,Deba,GMSYDB01,Yamaltu/Deba,"16011",Gombe,GO, , , ,0,0,0,0,0,0,0,0,0,0,0, , , , , ,0, , ,,, ,Host Communities,Garin Liman, ,0,0,IOM DTM RD16 May 2017,Deba
561,611449a9-ae7a-4481-8b36-7c1c2f9cca31,7474,1517529600000,adanna.alex,Hinna,GMSYDB03,Yamaltu/Deba,"16011",Gombe,GO, , , ,0,0,0,0,0,0,0,0,0,0,0, , , , , ,0, , ,,, ,Host Communities,Garin Dala Anguwan Jauro, ,0,0,IOM DTM RD16 May 2017,Dadin Kowa
562,b43477b7-a521-4422-b6cb-5d904cfb8013,7475,1517529600000,adanna.alex,Jagali South,GMSYDB05,Yamaltu/Deba,"16011",Gombe,GO, , , ,0,0,0,0,0,0,0,0,0,0,0, , , , , ,0, , ,,, ,Host Communities,Dumburawa, ,0,0,IOM DTM RD16 May 2017,Kurjelli
563,29c02c59-3447-4069-81b3-1a7eebea3ddd,7476,1517529600000,adanna.alex,Jagali North,GMSYDB04,Yamaltu/Deba,"16011",Gombe,GO, , , ,0,0,0,0,0,0,0,0,0,0,0, , , , , ,0, , ,,, ,Host Communities,Jaurp Musa, ,0,0,IOM DTM RD16 May 2017,Maikaho
564,dfa82774-ffb2-432c-93e5-6c9553117649,7477,1517529600000,adanna.alex,Lano / Kuri / Lambam,GMSYDB08,Yamaltu/Deba,"16011",Gombe,GO, , , ,0,0,0,0,0,0,0,0,0,0,0, , , , , ,0, , ,,, ,Host Communities,Gangare, ,0,0,IOM DTM RD16 May 2017,Kuri
565,6fb73fdc-7f49-48ab-8285-31213d053a3c,7478,1517529600000,adanna.alex,Kwadon / Liji / Kurba,GMSYDB07,Yamaltu/Deba,"16011",Gombe,GO, , , ,0,0,0,0,0,0,0,0,0,0,0, , , , , ,0, , ,,, ,Host Communities,Gadawo Alhaji Danlami Street, ,0,0,IOM DTM RD16 May 2017,Kwadon
566,cd3d6712-1626-4981-b3ee-8210ae86770f,7480,1517529600000,adanna.alex,Kpiri-Kpiri,EBSUGB10,Ebonyi,"11004",Ebonyi,EB, , , ,0,0,0,0,0,0,0,0,0,0,0, , , , , ,0, , ,,, ,Not identified,Muoneke, ,0,0,GRID,Saint Vincent For The Poor
567,"06c61e2c-5774-4580-af10-2fa0674776eb",7481,1517529600000,adanna.alex,Chugwi,PLSBUU02,Jos South,"32006",Plateau,PL, , , ,0,0,0,0,0,0,0,0,0,0,0, , , , , ,0, , ,,, ,Not identified,Chugwi, ,0,0,GRID,Rebecca Yohana Gyang
568,97f792a9-8c53-4111-8bc9-7a365596d5b9,7482,1517529600000,adanna.alex,Urban 2,CRSGGJ07,Ogoja,"9016",Cross River,CR, , , ,0,0,0,0,0,0,0,0,0,0,0, , , , , ,0, , ,,, ,Not identified,Ogboja Ishikareb, ,0,0,GRID,Flood Victims Resettlement Centre Abakpa
569,fc9f1fb0-fe4e-4c17-95b3-0da0d904dead,7483,1517529600000,adanna.alex,Egbema A,IMSEBM03,Ohaji/Egbema,"17018",Imo,IM, , , ,0,0,0,0,0,0,0,0,0,0,0, , , , , ,0, , ,,, ,Not identified,Iyioji, ,0,0,GRID,Mmahu IDP Camp
570,ddeef3de-8640-4fca-bb26-88b2960a80d8,7484,1517529600000,adanna.alex,Oru / Awa,OGSIUN10,Ijebu North,"28009",Ogun,OG, , , ,0,0,0,0,0,0,0,0,0,0,0, , , , , ,0, , ,,, ,Not identified,Ayegbami Awa Town, ,0,0,GRID,Oru Refugee Camp
571,6c09c036-98e1-42a1-831b-e17adc46e3e9,7485,1517529600000,adanna.alex,Iju,OGSADO10,Ado Odo/Ota,"28003",Ogun,OG, , , ,0,0,0,0,0,0,0,0,0,0,0, , , , , ,0, , ,,, ,Not identified,Ilogbo Eremi, ,0,0,GRID,Obasanjo
572,c5aaa2e5-cdb0-4240-9d6d-9a0796ef2487,7486,1517529600000,adanna.alex,Itas,BA1001,Itas/Gadau,"5010",Bauchi,BA, , , ,0,0,0,0,0,0,0,0,0,0,0, , , , , ,0, , ,,, ,Host Communities,Unguwan Gambo, ,0,0,IOM DTM RD16 May 2017,Itas
573,a210adb3-d63d-4615-a0c4-bd6a09386626,7487,1517529600000,adanna.alex,Waziri South,GMSDKU08,Dukku,"16004",Gombe,GO, , , ,0,0,0,0,0,0,0,0,0,0,0, , , , , ,0, , ,,, ,Host Communities,Sebidu Kari, ,0,0,IOM DTM RD16 May 2017,Tudun Magaji
574,2b6b9150-ebe5-4b7a-91d3-1466375debd2,7488,1517529600000,adanna.alex,Kungibar,BA0115,Alkaleri,"5001",Bauchi,BA, , , ,0,0,0,0,0,0,0,0,0,0,0, , , , , ,0, , ,,, ,Host Communities,Rafawa, ,0,0,IOM DTM RD16 May 2017,Rafawa
575,f2153ec3-cb6d-4e95-a8e7-d5ba6ffaee8f,7489,1517529600000,adanna.alex,Gyara,BA0311,Bogoro,"5003",Bauchi,BA, , , ,0,0,0,0,0,0,0,0,0,0,0, , , , , ,0, , ,,, ,Host Communities,Kagadama, ,0,0,IOM DTM RD16 May 2017,Gyara
576,8ebb4399-8717-4ee5-b92a-b16daa52d699,7490,1517529600000,adanna.alex,Dazara,BA0307,Bogoro,"5003",Bauchi,BA, , , ,0,0,0,0,0,0,0,0,0,0,0, , , , , ,0, , ,,, ,Host Communities,Guh, ,0,0,IOM DTM RD16 May 2017,Dazara
577,3163d8fc-3450-41c1-9c10-8774d6c52570,7491,1517529600000,adanna.alex,Boi,BA0304,Bogoro,"5003",Bauchi,BA, , , ,0,0,0,0,0,0,0,0,0,0,0, , , , , ,0, , ,,, ,Host Communities,Kubong, ,0,0,IOM DTM RD16 May 2017,Boi
578,ae8c3a49-6cd3-414c-95c6-7b2e6dd77338,7492,1517529600000,adanna.alex,Gambar,BA0309,Bogoro,"5003",Bauchi,BA, , , ,0,0,0,0,0,0,0,0,0,0,0, , , , , ,0, , ,,, ,Host Communities,Taran, ,0,0,IOM DTM RD16 May 2017,Gambar
579,9af27ed9-5475-4512-8246-ba81dfd639a8,7493,1517529600000,adanna.alex,Dutsen Lawan,BA0308,Bogoro,"5003",Bauchi,BA, , , ,0,0,0,0,0,0,0,0,0,0,0, , , , , ,0, , ,,, ,Host Communities,Sang Kudu, ,0,0,IOM DTM RD16 May 2017,Dutsen Lawan
580,56e99a0c-f901-4bf9-adf6-fa840aea5a61,7494,1517529600000,adanna.alex,Dutsen Lawan,BA0308,Bogoro,"5003",Bauchi,BA, , , ,0,0,0,0,0,0,0,0,0,0,0, , , , , ,0, , ,,, ,Host Communities,Sang Kudu, ,0,0,IOM DTM RD16 May 2017,Dinkin Fate
581,231a4a68-e673-401e-b23f-48ca2662759c,7495,1517529600000,adanna.alex,Gobbiya,BA0310,Bogoro,"5003",Bauchi,BA, , , ,0,0,0,0,0,0,0,0,0,0,0, , , , , ,0, , ,,, ,Host Communities,Gobbiya Centre, ,0,0,IOM DTM RD16 May 2017,Gobiyan Kasuwa
582,809844c8-7dec-4f0c-b245-c4f9d886d5ed,7496,1517529600000,adanna.alex,Bogoro,BA0303,Bogoro,"5003",Bauchi,BA, , , ,0,0,0,0,0,0,0,0,0,0,0, , , , , ,0, , ,,, ,Host Communities,Ginzum, ,0,0,IOM DTM RD16 May 2017,Gimsum
583,5abaaf7c-16b7-4d58-87af-02ad2149c881,7497,1517529600000,adanna.alex,Bogoro,BA0303,Bogoro,"5003",Bauchi,BA, , , ,0,0,0,0,0,0,0,0,0,0,0, , , , , ,0, , ,,, ,Host Communities,Namu, ,0,0,IOM DTM RD16 May 2017,Bom
584,40528cad-c1bb-4505-a9a2-899967bf84b9,7498,1517529600000,adanna.alex,Bogoro,BA0303,Bogoro,"5003",Bauchi,BA, , , ,0,0,0,0,0,0,0,0,0,0,0, , , , , ,0, , ,,, ,Host Communities,Gungu Dadi, ,0,0,IOM DTM RD16 May 2017,Gwaranka
585,66d3027c-765c-4381-9d39-ff8f34f8890e,7499,1517529600000,adanna.alex,Bar,BA0302,Bogoro,"5003",Bauchi,BA, , , ,0,0,0,0,0,0,0,0,0,0,0, , , , , ,0, , ,,, ,Host Communities,Bar Bakin Kogi, ,0,0,IOM DTM RD16 May 2017,Bar
586,"07797a08-3ff1-45ca-88ec-d255c3366cd1",7500,1517529600000,adanna.alex,Mwari,BA0313,Bogoro,"5003",Bauchi,BA, , , ,0,0,0,0,0,0,0,0,0,0,0, , , , , ,0, , ,,, ,Host Communities,Arewa, ,0,0,IOM DTM RD16 May 2017,Mwari
587,76791502-89ba-4ca6-9cb1-3fc8045d1d45,7501,1517529600000,adanna.alex,Lusa,BA0312,Bogoro,"5003",Bauchi,BA, , , ,0,0,0,0,0,0,0,0,0,0,0, , , , , ,0, , ,,, ,Host Communities,Bakin Kasuwa, ,0,0,IOM DTM RD16 May 2017,Tadnum
588,991a4871-7c14-4ee7-8010-da86b5d509f9,7502,1517529600000,adanna.alex,Boi,BA0304,Bogoro,"5003",Bauchi,BA, , , ,0,0,0,0,0,0,0,0,0,0,0, , , , , ,0, , ,,, ,Host Communities,Kubong, ,0,0,IOM DTM RD16 May 2017,Bonga
589,c7b32e7c-fc40-4ec3-9e25-6c93dcba3074,7503,1517529600000,adanna.alex,Lusa,BA0312,Bogoro,"5003",Bauchi,BA, , , ,0,0,0,0,0,0,0,0,0,0,0, , , , , ,0, , ,,, ,Host Communities,Bakin Kasuwa, ,0,0,IOM DTM RD16 May 2017,Mallar
590,63b3c8e1-e0ed-430a-9b5d-253f52a55710,7504,1517529600000,adanna.alex,Lusa,BA0312,Bogoro,"5003",Bauchi,BA, , , ,0,0,0,0,0,0,0,0,0,0,0, , , , , ,0, , ,,, ,Host Communities,Bakin Kasuwa, ,0,0,IOM DTM RD16 May 2017,Badagari
591,a194fad2-41e4-469e-809c-7637a9a94510,7505,1517529600000,adanna.alex,Garuza,BA0401,Dambam,"5004",Bauchi,BA, , , ,0,0,0,0,0,0,0,0,0,0,0, , , , , ,0, , ,,, ,Host Communities,Garuza, ,0,0,IOM DTM RD16 May 2017,Garuza
592,a70704a3-228f-45b6-b5dd-25525ac35d7c,7506,1517529600000,adanna.alex,Gurbana,BA0402,Dambam,"5004",Bauchi,BA, , , ,0,0,0,0,0,0,0,0,0,0,0, , , , , ,0, , ,,, ,Host Communities,Garin Baro, ,0,0,IOM DTM RD16 May 2017,Gurbana Fada
593,3269d313-d14a-430d-9c3c-a978d6242690,7507,1517529600000,adanna.alex,Janda,BA0413,Dambam,"5004",Bauchi,BA, , , ,0,0,0,0,0,0,0,0,0,0,0, , , , , ,0, , ,,, ,Host Communities,Janda Fada, ,0,0,IOM DTM RD16 May 2017,Kofar Fada
594,735e9dc2-3f98-4eca-8479-08950c881bf7,7508,1517529600000,adanna.alex,Janda,BA0413,Dambam,"5004",Bauchi,BA, , , ,0,0,0,0,0,0,0,0,0,0,0, , , , , ,0, , ,,, ,Host Communities,Janda Fada, ,0,0,IOM DTM RD16 May 2017,Janda
595,bea13a66-d8e4-4327-98ff-f164a20fb56a,7509,1517529600000,adanna.alex,Bula B,BA1712,Tafawa-Balewa,"5017",Bauchi,BA, , , ,0,0,0,0,0,0,0,0,0,0,0, , , , , ,0, , ,,, ,Host Communities,Bogga A, ,0,0,IOM DTM RD16 May 2017,Nahuta
596,b854afa1-9042-4fc1-b472-3c684ed4b869,7510,1517529600000,adanna.alex,Bununu South,BA0604,Dass,"5006",Bauchi,BA, , , ,0,0,0,0,0,0,0,0,0,0,0, , , , , ,0, , ,,, ,Host Communities,Gwui, ,0,0,IOM DTM RD16 May 2017,Yalwan Bashe
597,d05aa9b5-a539-4c6f-8987-2f2f7892e4bc,7511,1517529600000,adanna.alex,Bununu South,BA0604,Dass,"5006",Bauchi,BA, , , ,0,0,0,0,0,0,0,0,0,0,0, , , , , ,0, , ,,, ,Host Communities,Gajwal, ,0,0,IOM DTM RD16 May 2017,Gajiwal
598,2164184d-b7cf-469e-aed0-ad265bcb2ec4,7512,1517529600000,adanna.alex,Dott,BA0606,Dass,"5006",Bauchi,BA, , , ,0,0,0,0,0,0,0,0,0,0,0, , , , , ,0, , ,,, ,Host Communities,Kuletu, ,0,0,IOM DTM RD16 May 2017,Keletu
599,fe3de1b2-611d-4b06-8b45-757022817666,7513,1517529600000,adanna.alex,Polchi,BA0608,Dass,"5006",Bauchi,BA, , , ,0,0,0,0,0,0,0,0,0,0,0, , , , , ,0, , ,,, ,Host Communities,Dott, ,0,0,IOM DTM RD16 May 2017,Bazali
600,37430c12-1b00-425c-bf80-fd06d4a2ee72,7514,1517529600000,adanna.alex,Wandi,BA0609,Dass,"5006",Bauchi,BA, , , ,0,0,0,0,0,0,0,0,0,0,0, , , , , ,0, , ,,, ,Host Communities,Kwafa, ,0,0,IOM DTM RD16 May 2017,Gwartukurwa
601,ece76023-d6c8-467c-b739-e838e4e0bd46,7515,1517529600000,adanna.alex,Jadori,BA0714,Gamawa,"5007",Bauchi,BA, , , ,0,0,0,0,0,0,0,0,0,0,0, , , , , ,0, , ,,, ,Host Communities,Raba Raba, ,0,0,IOM DTM RD16 May 2017,Jadori
602,a7cde3ac-eead-412b-9ec3-e54a11f1a2eb,7516,1517529600000,adanna.alex,Kafin Romi,BA0702,Gamawa,"5007",Bauchi,BA, , , ,0,0,0,0,0,0,0,0,0,0,0, , , , , ,0, , ,,, ,Host Communities,Alluga, ,0,0,IOM DTM RD16 May 2017,Bakin Kasuwa
603,"08c26846-7cc4-4b31-bdd9-e068f175c80b",7517,1517529600000,adanna.alex,Nassarawa B,BA0810,Ganjuwa,"5008",Bauchi,BA, , , ,0,0,0,0,0,0,0,0,0,0,0, , , , , ,0, , ,,, ,Host Communities,Jalingo 2, ,0,0,IOM DTM RD16 May 2017,Sabunwa Jalingo
604,535edebd-a0ad-4917-87b6-c64dd33c140c,7518,1517529600000,adanna.alex,Yali,BA0811,Ganjuwa,"5008",Bauchi,BA, , , ,0,0,0,0,0,0,0,0,0,0,0, , , , , ,0, , ,,, ,Host Communities,Firo Unguwan Fulani, ,0,0,IOM DTM RD16 May 2017,Firo
605,fd79d8ee-613b-41a4-a794-6cd3d3dab923,7519,1517529600000,adanna.alex,Sabon Sara A,BA0902,Giade,"5009",Bauchi,BA, , , ,0,0,0,0,0,0,0,0,0,0,0, , , , , ,0, , ,,, ,Host Communities,Sabo Sara Unguwar, ,0,0,IOM DTM RD16 May 2017,Ang Kaba
606,a9803a50-759f-42e0-adac-44d6ef877309,7520,1517529600000,adanna.alex,Sabon Sara B,BA0913,Giade,"5009",Bauchi,BA, , , ,0,0,0,0,0,0,0,0,0,0,0, , , , , ,0, , ,,, ,Host Communities,Laila, ,0,0,IOM DTM RD16 May 2017,Albunari
607,7f603e2a-5fbb-4dd2-83d8-010488676f26,7521,1517529600000,adanna.alex,Zabi,BA0909,Giade,"5009",Bauchi,BA, , , ,0,0,0,0,0,0,0,0,0,0,0, , , , , ,0, , ,,, ,Host Communities,Kimari, ,0,0,IOM DTM RD16 May 2017,Kimari
608,95e57aac-a7c9-4826-a26f-9e64732b4eb7,7522,1517529600000,adanna.alex,Beni,BA1303,Kirfi,"5013",Bauchi,BA, , , ,0,0,0,0,0,0,0,0,0,0,0, , , , , ,0, , ,,, ,Host Communities,Gumbulwo, ,0,0,IOM DTM RD16 May 2017,Kojeleu
609,1e30a76f-5c47-48e2-a125-42b590456731,7523,1517529600000,adanna.alex,Madachi,BA1215,Katagum,"5012",Bauchi,BA, , , ,0,0,0,0,0,0,0,0,0,0,0, , , , , ,0, , ,,, ,Host Communities,Bela Taba B, ,0,0,IOM DTM RD16 May 2017,Safin Yamma
610,b9adc270-2da6-4b82-a15f-f6bee7617368,7524,1517529600000,adanna.alex,Jarkasa,BA1403,Misau,"5014",Bauchi,BA, , , ,0,0,0,0,0,0,0,0,0,0,0, , , , , ,0, , ,,, ,Host Communities,Jarkasa Fada, ,0,0,IOM DTM RD16 May 2017,Jarkasa
611,"0342d2b1-a350-4847-bc30-4e4cbd80a93a",7525,1517529600000,adanna.alex,Jarkasa,BA1403,Misau,"5014",Bauchi,BA, , , ,0,0,0,0,0,0,0,0,0,0,0, , , , , ,0, , ,,, ,Host Communities,Jarkasa Fada, ,0,0,IOM DTM RD16 May 2017,Yamma
612,"0bcb6262-5a36-4bd0-a0e7-f6539da71594",7526,1517529600000,adanna.alex,Jarkasa,BA1403,Misau,"5014",Bauchi,BA, , , ,0,0,0,0,0,0,0,0,0,0,0, , , , , ,0, , ,,, ,Host Communities,Jarkasa Fada, ,0,0,IOM DTM RD16 May 2017,Wanzami
613,11d2c245-dfc4-4eee-8a0a-1273a9153e99,7527,1517529600000,adanna.alex,Kukadi A,BA1404,Misau,"5014",Bauchi,BA, , , ,0,0,0,0,0,0,0,0,0,0,0, , , , , ,0, , ,,, ,Host Communities,General Hopital Qaurters, ,0,0,IOM DTM RD16 May 2017,Angwan Maje
614,da1762cb-380c-48d6-8b89-1f3fbe349097,7528,1517529600000,adanna.alex,Sirko,BA1409,Misau,"5014",Bauchi,BA, , , ,0,0,0,0,0,0,0,0,0,0,0, , , , , ,0, , ,,, ,Host Communities,Gawo, ,0,0,IOM DTM RD16 May 2017,Wailule
615,a0ed88aa-2b25-4dfe-8fac-1cf347dc8933,7529,1517529600000,adanna.alex,Sirko,BA1409,Misau,"5014",Bauchi,BA, , , ,0,0,0,0,0,0,0,0,0,0,0, , , , , ,0, , ,,, ,Host Communities,Gawo, ,0,0,IOM DTM RD16 May 2017,Funbinari
616,ee44bab2-aadc-4386-b2f8-c206ecc7577f,7532,1517529600000,adanna.alex,Kurmi,BA1511,Ningi,"5015",Bauchi,BA, , , ,0,0,0,0,0,0,0,0,0,0,0, , , , , ,0, , ,,, ,Host Communities,Kwari, ,0,0,IOM DTM RD16 May 2017,Kwari
617,e6a35186-c6e2-41ba-ba07-72260910ec01,7533,1517529600000,adanna.alex,Tumfafi,BA1610,Shira,"5016",Bauchi,BA, , , ,0,0,0,0,0,0,0,0,0,0,0, , , , , ,0, , ,,, ,Host Communities,Wuro Nareje, ,0,0,IOM DTM RD16 May 2017,Tsangaya
618,59e41016-5ffe-4694-9db5-d2d1c2d77595,7534,1517529600000,adanna.alex,Mball,BA1707,Tafawa-Balewa,"5017",Bauchi,BA, , , ,0,0,0,0,0,0,0,0,0,0,0, , , , , ,0, , ,,, ,Host Communities,Ball Gabas, ,0,0,IOM DTM RD16 May 2017,Ball
619,48628f11-11a7-4ff6-a2ce-9b5c7c96985b,7535,1517529600000,adanna.alex,Mball,BA1707,Tafawa-Balewa,"5017",Bauchi,BA, , , ,0,0,0,0,0,0,0,0,0,0,0, , , , , ,0, , ,,, ,Host Communities,Sakare, ,0,0,IOM DTM RD16 May 2017,Sakare
620,367e7595-19a5-4f46-8f1b-a334c00a6f18,7536,1517529600000,adanna.alex,Bula B,BA1712,Tafawa-Balewa,"5017",Bauchi,BA, , , ,0,0,0,0,0,0,0,0,0,0,0, , , , , ,0, , ,,, ,Host Communities,Shabiya, ,0,0,IOM DTM RD16 May 2017,Sabiya
621,f29e0eb5-6075-49a5-972a-2f328ff7f32f,7537,1517529600000,adanna.alex,Bununu A,BA1711,Tafawa-Balewa,"5017",Bauchi,BA, , , ,0,0,0,0,0,0,0,0,0,0,0, , , , , ,0, , ,,, ,Host Communities,Mararraban Burga, ,0,0,IOM DTM RD16 May 2017,Maraban Burga
622,57bd3109-9b3b-4918-a89a-7db301134486,7538,1517529600000,adanna.alex,Dajin,BA1709,Tafawa-Balewa,"5017",Bauchi,BA, , , ,0,0,0,0,0,0,0,0,0,0,0, , , , , ,0, , ,,, ,Host Communities,Luri 1, ,0,0,IOM DTM RD16 May 2017,Luri
623,7e70f6c0-afe2-4a50-806f-f605249872e4,7539,1517529600000,adanna.alex,Dajin,BA1709,Tafawa-Balewa,"5017",Bauchi,BA, , , ,0,0,0,0,0,0,0,0,0,0,0, , , , , ,0, , ,,, ,Host Communities,Sabon Gari, ,0,0,IOM DTM RD16 May 2017,Dajin
624,6a017b81-8b5e-4360-8c0b-d29acc57c408,7540,1517529600000,adanna.alex,Kardam A,BA1701,Tafawa-Balewa,"5017",Bauchi,BA, , , ,0,0,0,0,0,0,0,0,0,0,0, , , , , ,0, , ,,, ,Host Communities,Ungwan Magaji, ,0,0,IOM DTM RD16 May 2017,Sabon Kaura
625,4f8b13c6-30fd-4645-b3a1-38bed8654bb2,7541,1517529600000,adanna.alex,Kardam A,BA1701,Tafawa-Balewa,"5017",Bauchi,BA, , , ,0,0,0,0,0,0,0,0,0,0,0, , , , , ,0, , ,,, ,Host Communities,Beli, ,0,0,IOM DTM RD16 May 2017,Kardam Beli
626,c78a2071-192a-4b33-8374-70f07d4f3113,7542,1517529600000,adanna.alex,Lere South,BA1704,Tafawa-Balewa,"5017",Bauchi,BA, , , ,0,0,0,0,0,0,0,0,0,0,0, , , , , ,0, , ,,, ,Host Communities,Dadinkowa, ,0,0,IOM DTM RD16 May 2017,Martigiji
627,"0bedb4b5-47e5-459f-a082-091196171863",7543,1517529600000,adanna.alex,Wai B,BA1716,Tafawa-Balewa,"5017",Bauchi,BA, , , ,0,0,0,0,0,0,0,0,0,0,0, , , , , ,0, , ,,, ,Host Communities,Muntokshi, ,0,0,IOM DTM RD16 May 2017,Pansarki
628,3cd4c2e6-e53f-4d26-8081-78f1d65cce23,7544,1517529600000,adanna.alex,Tapshin,BA1705,Tafawa-Balewa,"5017",Bauchi,BA, , , ,0,0,0,0,0,0,0,0,0,0,0, , , , , ,0, , ,,, ,Host Communities,Rambam Bisa, ,0,0,IOM DTM RD16 May 2017,Fadan Bijim
629,"0df67fc8-213d-45c4-87de-299842919643",7545,1517529600000,adanna.alex,Tapshin,BA1705,Tafawa-Balewa,"5017",Bauchi,BA, , , ,0,0,0,0,0,0,0,0,0,0,0, , , , , ,0, , ,,, ,Host Communities,Shishar, ,0,0,IOM DTM RD16 May 2017,Tapshin
630,7c3d3e4a-cd86-4649-9f34-ab9ab800b91a,7546,1517529600000,adanna.alex,Wai A,BA1706,Tafawa-Balewa,"5017",Bauchi,BA, , , ,0,0,0,0,0,0,0,0,0,0,0, , , , , ,0, , ,,, ,Host Communities,Bagas Unguwar Madaki, ,0,0,IOM DTM RD16 May 2017,Zwall
631,1dd9096b-d2af-47e7-ab0a-b2410775fa43,7547,1517529600000,adanna.alex,Zaranda,BA1817,Toro,"5018",Bauchi,BA, , , ,0,0,0,0,0,0,0,0,0,0,0, , , , , ,0, , ,,, ,Host Communities,Sabon Gari Ta Yamma, ,0,0,IOM DTM RD16 May 2017,Anguwan Sarki
632,528e0cb7-cb6a-4460-9410-4cc874caebad,7548,1517529600000,adanna.alex,Zaranda,BA1817,Toro,"5018",Bauchi,BA, , , ,0,0,0,0,0,0,0,0,0,0,0, , , , , ,0, , ,,, ,Host Communities,Wumfi, ,0,0,IOM DTM RD16 May 2017,Nabordo
633,b922aee1-f573-4e55-844e-85a275191bb0,7549,1517529600000,adanna.alex,Zaranda,BA1817,Toro,"5018",Bauchi,BA, , , ,0,0,0,0,0,0,0,0,0,0,0, , , , , ,0, , ,,, ,Host Communities,Sabon Gari Ta Yamma, ,0,0,IOM DTM RD16 May 2017,Sabon Gari
634,c76c0144-c569-4a89-b2ac-1452203576e2,7550,1517529600000,adanna.alex,Mara,BA1804,Toro,"5018",Bauchi,BA, , , ,0,0,0,0,0,0,0,0,0,0,0, , , , , ,0, , ,,, ,Host Communities,Ranjin Bukur, ,0,0,IOM DTM RD16 May 2017,Bukaji
635,59a0e0ff-d052-48eb-9ddc-7ff6892cded4,7551,1517529600000,adanna.alex,Ribina East,BA1803,Toro,"5018",Bauchi,BA, , , ,0,0,0,0,0,0,0,0,0,0,0, , , , , ,0, , ,,, ,Host Communities,Unguwan Wakili, ,0,0,IOM DTM RD16 May 2017,Rahama
636,98ab5e11-e7ed-4d72-b26b-b18c018a4ab5,7552,1517529600000,adanna.alex,Ribina East,BA1803,Toro,"5018",Bauchi,BA, , , ,0,0,0,0,0,0,0,0,0,0,0, , , , , ,0, , ,,, ,Host Communities,Gidan Sabulu, ,0,0,IOM DTM RD16 May 2017,Kara
637,7dff1d9d-af9e-4b64-8cb8-61257c32089f,7553,1517529600000,adanna.alex,Katanga,BA1906,Warji,"5019",Bauchi,BA, , , ,0,0,0,0,0,0,0,0,0,0,0, , , , , ,0, , ,,, ,Host Communities,Kidatuwa, ,0,0,IOM DTM RD16 May 2017,Angwan Gandi
638,fa5b66b4-d727-4201-9e50-26f2465f5b38,7554,1517529600000,adanna.alex,Katanga,BA1906,Warji,"5019",Bauchi,BA, , , ,0,0,0,0,0,0,0,0,0,0,0, , , , , ,0, , ,,, ,Host Communities,Kidatuwa, ,0,0,IOM DTM RD16 May 2017,Danina
639,37f62d48-4290-4ebf-9cba-1ed1dc5b712d,7555,1517529600000,adanna.alex,Lodiyo,BA2016,Zaki,"5020",Bauchi,BA, , , ,0,0,0,0,0,0,0,0,0,0,0, , , , , ,0, , ,,, ,Host Communities,Bagam Unguwar Dan Dalma, ,0,0,IOM DTM RD16 May 2017,Busali
640,53732c18-0dda-46c5-936f-452b5e17fccd,7556,1517529600000,adanna.alex,Maiwa,BA2010,Zaki,"5020",Bauchi,BA, , , ,0,0,0,0,0,0,0,0,0,0,0, , , , , ,0, ,None,,, ,Host Communities,Babu Wuri, ,0,0,IOM DTM RD16 May 2017,Nasarawa
641,"0e199a8d-7046-474f-ba61-2acf642d4bb2",7557,1517529600000,adanna.alex,Gombe Abba,GMSDKU01,Dukku,"16004",Gombe,GO, , , ,0,0,0,0,0,0,0,0,0,0,0, , , , , ,0, , ,,, ,Host Communities,Lule, ,0,0,IOM DTM RD16 May 2017,Kunde
642,c48b4a8c-c250-4d4f-898f-220dd3fb44af,7558,1517529600000,adanna.alex,Garko,GMSAKK02,Akko,"16001",Gombe,GO, , , ,0,0,0,0,0,0,0,0,0,0,0, , , , , ,0, , ,,, ,Host Communities,Wuro Karal, ,0,0,IOM DTM RD16 May 2017,Mallam Inna
643,"0aeb0133-f45e-498b-b0b1-50540986a927",7560,1517529600000,adanna.alex,Amachi Ndiechi,EBSAKL04,Abakaliki,"11001",Ebonyi,EB, , , ,0,0,0,0,0,0,0,0,0,0,0, , , , , ,0, , ,,, ,Not identified,Ndiebor Ndingwuta, ,0,0,GRID,Imeoffia
644,69aa694a-4670-421a-9ff5-ff3be2a0fcd7,7562,1517529600000,adanna.alex,Umuchima / Ihenu,EBSBZR19,Ohaozara,"11011",Ebonyi,EB, , , ,0,0,0,0,0,0,0,0,0,0,0, , , , , ,0, , ,,, ,Not identified,Asuakawo, ,0,0,GRID,Asuakawo Site
645,d937ac43-c18a-46d2-a98a-1ad5b4544755,7563,1517529600000,adanna.alex,Ntezi 2,EBSZLL20,Ishielu,"11008",Ebonyi,EB, , , ,0,0,0,0,0,0,0,0,0,0,0, , , , , ,0, , ,,, ,Not identified,Otukpeye Ameffia, ,0,0,GRID,Ndiaguogwu
646,6f320db4-e26d-4660-aa6a-43a36e0cd7b9,7564,1517529600000,adanna.alex,Ogboji,EBSEBJ08,Ezza North,"11005",Ebonyi,EB, , , ,0,0,0,0,0,0,0,0,0,0,0, , , , , ,0, , ,,, ,Not identified,Eliewhuru Ogboji, ,0,0,GRID,Egu Eliefuru
647,9943e302-4c68-4798-a831-7679bc56fdb9,7567,1517529600000,adanna.alex,Archibong,CRSBKS09,Bakassi,"9004",Cross River,CR, , , ,0,0,0,0,0,0,0,0,0,0,0, , , , , ,0, , ,,, ,Not identified,Ifiang Ayong, ,0,0,GRID,Circus Estate Internally Displaced Persons
648,e186bd90-325f-46c2-a4a2-f7a14528d110,7568,1517529600000,adanna.alex,Kardam B,BA1702,Tafawa-Balewa,"5017",Bauchi,BA, , , ,0,0,0,0,0,0,0,0,0,0,0, , , , , ,0, , ,,, ,Host Communities,Jambil, ,0,0,IOM DTM RD16 May 2017,Anguwan Leate
649,dcdc6a8c-95b9-4c4a-9f66-d4ec312b5034,7569,1517529600000,adanna.alex,Pali West,BA0117,Alkaleri,"5001",Bauchi,BA, , , ,0,0,0,0,0,0,0,0,0,0,0, , , , , ,0, , ,,, ,Host Communities,Yala Ungwan Wambai, ,0,0,IOM DTM RD16 May 2017,Baladde
650,acd07c92-1263-49b1-8b66-666da09422d9,7570,1517529600000,adanna.alex,Zaura,BA0408,Dambam,"5004",Bauchi,BA, , , ,0,0,0,0,0,0,0,0,0,0,0, , , , , ,0, , ,,, ,Host Communities,Zaura Unguwar Wakili, ,0,0,IOM DTM RD16 May 2017,Kaikaso
651,2f295951-5c5a-461f-9bde-49acfaa035af,7571,1517529600000,adanna.alex,Gabarin West,BA0513,Darazo,"5005",Bauchi,BA, , , ,0,0,0,0,0,0,0,0,0,0,0, , , , , ,0, , ,,, ,Host Communities,Salihawa, ,0,0,IOM DTM RD16 May 2017,Ung Fada
652,e06e203d-1d0b-479b-bf92-e3ba804db6f5,7572,1517529600000,adanna.alex,Tauya East,BA0517,Darazo,"5005",Bauchi,BA, , , ,0,0,0,0,0,0,0,0,0,0,0, , , , , ,0, , ,,, ,Host Communities,Ganjigina Makera, ,0,0,IOM DTM RD16 May 2017,Ganjigina
653,56b0fcff-1e04-4f09-ab21-e71d4d890488,7573,1517529600000,adanna.alex,Tauya East,BA0517,Darazo,"5005",Bauchi,BA, , , ,0,0,0,0,0,0,0,0,0,0,0, , , , , ,0, , ,,, ,Host Communities,Ganjigina Makera, ,0,0,IOM DTM RD16 May 2017,Ganjigana
654,1e2d54b2-3274-49b0-be9e-96c2afefed66,7574,1517529600000,adanna.alex,Chinkani,BA0901,Giade,"5009",Bauchi,BA, , , ,0,0,0,0,0,0,0,0,0,0,0, , , , , ,0, ,Local NGO,,, ,Host Communities,Madilmo, ,0,0,IOM DTM RD16 May 2017,Madilmo
655,7194d0e7-58a0-43ed-8f92-a874c5ff5dbc,7575,1517529600000,adanna.alex,Uzum,BA0907,Giade,"5009",Bauchi,BA, , , ,0,0,0,0,0,0,0,0,0,0,0, , , , , ,0, , ,,, ,Host Communities,Uzum Sabuwa, ,0,0,IOM DTM RD16 May 2017,Uzum A
656,87411700-3353-44a2-834c-ef2446f12fc7,7576,1517529600000,adanna.alex,Gangai,BA1211,Katagum,"5012",Bauchi,BA, , , ,0,0,0,0,0,0,0,0,0,0,0, , , , , ,0, , ,,, ,Host Communities,Gangai, ,0,0,IOM DTM RD16 May 2017,Gangai
657,1c7dee85-a00b-4a68-940d-26593ec5b72f,7577,1517529600000,adanna.alex,Madara,BA1204,Katagum,"5012",Bauchi,BA, , , ,0,0,0,0,0,0,0,0,0,0,0, , , , , ,0, , ,,, ,Host Communities,Jimberi, ,0,0,IOM DTM RD16 May 2017,Jimberi
658,cebf23c0-0048-4f75-be95-b4b9fb07f371,7578,1517529600000,adanna.alex,Shongo,BA1308,Kirfi,"5013",Bauchi,BA, , , ,0,0,0,0,0,0,0,0,0,0,0, , , , , ,0, , ,,, ,Host Communities,Shongo A Unguwar Sarki, ,0,0,IOM DTM RD16 May 2017,K Maiyaki
659,fc2f413d-292e-403c-b49e-b557c3f9ebfa,7579,1517529600000,adanna.alex,Bashe,BA1510,Ningi,"5015",Bauchi,BA, , , ,0,0,0,0,0,0,0,0,0,0,0, , , , , ,0, , ,,, ,Host Communities,Bashe, ,0,0,IOM DTM RD16 May 2017,Ung Fada
660,fb7accb2-de46-4cbc-b960-c0c0ca1665ad,7580,1517529600000,adanna.alex,Dingis,BA1502,Ningi,"5015",Bauchi,BA, , , ,0,0,0,0,0,0,0,0,0,0,0, , , , , ,0, , ,,, ,Host Communities,Dingis, ,0,0,IOM DTM RD16 May 2017,Kofar Fada
661,6a321536-781b-4ca2-9b4f-97f083d2f38d,7581,1517529600000,adanna.alex,Andubun,BA1601,Shira,"5016",Bauchi,BA, , , ,0,0,0,0,0,0,0,0,0,0,0, , , , , ,0, , ,,, ,Host Communities,Andubul, ,0,0,IOM DTM RD16 May 2017,Andubun
662,afec02bc-abd3-4f35-8162-b33bfaaa0c15,7582,1517529600000,adanna.alex,Dajin,BA1709,Tafawa-Balewa,"5017",Bauchi,BA, , , ,0,0,0,0,0,0,0,0,0,0,0, , , , , ,0, , ,,, ,Host Communities,Filliri, ,0,0,IOM DTM RD16 May 2017,Piliri
663,dfd50eb8-4d57-420d-85e4-16fe4309f5e4,7583,1517529600000,adanna.alex,Kardam B,BA1702,Tafawa-Balewa,"5017",Bauchi,BA, , , ,0,0,0,0,0,0,0,0,0,0,0, , , , , ,0, , ,,, ,Host Communities,Sabon Fegi, ,0,0,IOM DTM RD16 May 2017,Sabon Pegi
664,ee26e90b-4c7f-48bc-8862-ed75eff1696f,7584,1517529600000,adanna.alex,Lere North,BA1703,Tafawa-Balewa,"5017",Bauchi,BA, , , ,0,0,0,0,0,0,0,0,0,0,0, , , , , ,0, , ,,, ,Host Communities,Kukangiye, ,0,0,IOM DTM RD16 May 2017,Kukange
665,6ecdd59a-6a87-4943-97be-18a2556f2ff5,7585,1517529600000,adanna.alex,Zurgwai,BA1913,Warji,"5019",Bauchi,BA, , , ,0,0,0,0,0,0,0,0,0,0,0, , , , , ,0, , ,,, ,Host Communities,Zurgwai Ta Mai Anguwa, ,0,0,IOM DTM RD16 May 2017,Zurgwai
666,95f31510-3b6e-402d-a22d-f9b48c75ac8a,7586,1517529600000,adanna.alex,Maiwa,BA2010,Zaki,"5020",Bauchi,BA, , , ,0,0,0,0,0,0,0,0,0,0,0, , , , , ,0, , ,,, ,Host Communities,Maiwa West, ,0,0,IOM DTM RD16 May 2017,Maiwa
667,bfebe98a-4f17-4488-b7dc-05af98e9f0ea,7587,1517529600000,adanna.alex,Unik,JI0110,Auyo,"18013",Jigawa,JI, , , ,0,0,0,0,0,0,0,0,0,0,0, , , , , ,0, , ,,, ,Host Communities,Dogon Marke, ,0,0,IOM DTM RD16 May 2017,Kizir
668,"055536b9-2a4c-4f37-b630-b0a8d2a2c107",7588,1517529600000,adanna.alex,Waziri South,GMSDKU08,Dukku,"16004",Gombe,GO, , , ,0,0,0,0,0,0,0,0,0,0,0, , , , , ,0, , ,,, ,Host Communities,Shabewa, ,0,0,IOM DTM RD16 May 2017,Shabewa
669,e19d428e-5f64-4eab-96c7-04e1a86822bf,7589,1517529600000,adanna.alex,Bangunji,GMSSHM01,Shomgom,"16010",Gombe,GO, , , ,0,0,0,0,0,0,0,0,0,0,0, , , , , ,0, ,None,,, ,Host Communities,Mar, ,0,0,IOM DTM RD16 May 2017,Unguwan Laban
670,80ca0ea4-cc3a-4691-a4b9-e507b0215576,7590,1517529600000,adanna.alex,Bangunji,GMSSHM01,Shomgom,"16010",Gombe,GO, , , ,0,0,0,0,0,0,0,0,0,0,0, , , , , ,0, , ,,, ,Host Communities,Mar, ,0,0,IOM DTM RD16 May 2017,Kalisen
671,9bf1506b-8b03-43d3-9426-8bdabef118bc,7591,1517529600000,adanna.alex,Abo,CRSBJE05,Boki,"9007",Cross River,CR, , , ,0,0,0,0,0,0,0,0,0,0,0, , , , , ,0, , ,,, ,Not identified,Bian Tambe Abo Ebam, ,0,0,GRID,Ambasona Refuges Camp
672,612d63a6-c923-42d7-9fd1-7b31691446f6,7592,1517529600000,adanna.alex,Pali West,BA0117,Alkaleri,"5001",Bauchi,BA, , , ,0,0,0,0,0,0,0,0,0,0,0, , , , , ,0, , ,,, ,Host Communities,Doka Pali, ,0,0,IOM DTM RD16 May 2017,Doka Pali
673,9f48be8a-9af0-46a4-8610-ccfd704f59fb,7593,1517529600000,adanna.alex,Jarawa Kogi B,PLSANW11,Jos East,"32004",Plateau,PL, , , ,0,0,0,0,0,0,0,0,0,0,0, , , , , ,0, , ,,, ,Host Communities,Liman Katagum, ,0,0,IOM DTM RD16 May 2017,Liman Katagum
674,ee55e4ed-5c44-4cac-9603-58358e60e4a4,7594,1517529600000,adanna.alex,Tetteba,"70802",Gulani,"708",Yobe,YO, , , ,0,0,0,0,0,0,0,0,0,0,0, , , , , ,0, , ,,, ,Host Communities,Tudun Yelwa, ,0,0,IOM DTM RD16 May 2017,Tudun Yelwa
675,68ece195-4055-4673-805e-0e28380b7f5c,7595,1517529600000,adanna.alex,Fagam,BA0411,Dambam,"5004",Bauchi,BA, , , ,0,0,0,0,0,0,0,0,0,0,0, , , , , ,0, , ,,, ,Host Communities,Fagam, ,0,0,IOM DTM RD16 May 2017,Fagam
676,5e7bb13b-2ac2-4f75-a22f-a3297885921b,7596,1517529600000,adanna.alex,Zaura,BA0408,Dambam,"5004",Bauchi,BA, , , ,0,0,0,0,0,0,0,0,0,0,0, , , , , ,0, , ,,, ,Host Communities,Zaura, ,0,0,IOM DTM RD16 May 2017,Zaura
677,66fdd85b-29b1-4524-88b2-8d02b8364de4,7597,1517529600000,adanna.alex,Darazo West,BA0512,Darazo,"5005",Bauchi,BA, , , ,0,0,0,0,0,0,0,0,0,0,0, , , , , ,0, , ,,, ,Host Communities,Bayan Gidanmai, ,0,0,IOM DTM RD16 May 2017,Bayan Gidanmai
678,7361f720-018f-4620-97fc-a1e4a75ed7b0,7598,1517529600000,adanna.alex,Darazo West,BA0512,Darazo,"5005",Bauchi,BA, , , ,0,0,0,0,0,0,0,0,0,0,0, , , , , ,0, , ,,, ,Host Communities,Darazo South, ,0,0,IOM DTM RD16 May 2017,Darazo South
679,dcf850a0-b49f-4cc6-ab4b-d8954be9617d,7599,1517529600000,adanna.alex,Darazo West,BA0512,Darazo,"5005",Bauchi,BA, , , ,0,0,0,0,0,0,0,0,0,0,0, , , , , ,0, , ,,, ,Host Communities,Bayan Banki, ,0,0,IOM DTM RD16 May 2017,Bayan Banki
680,5ff97227-05fe-4e7f-aa9a-566c981b33fa,7600,1517529600000,adanna.alex,Konkiyel,BA0504,Darazo,"5005",Bauchi,BA, , , ,0,0,0,0,0,0,0,0,0,0,0, , , , , ,0, , ,,, ,Host Communities,Ung Sarki, ,0,0,IOM DTM RD16 May 2017,Ung Sarki
681,94194e13-6f0d-4ac5-963d-0ffc0748147b,7601,1517529600000,adanna.alex,Wahu,BA0510,Darazo,"5005",Bauchi,BA, , , ,0,0,0,0,0,0,0,0,0,0,0, , , , , ,0, , ,,, ,Host Communities,Ung Sarki, ,0,0,IOM DTM RD16 May 2017,Ung Sarki
682,e0ccd367-8d4b-43a3-8018-7aaaf93e836c,7602,1517529600000,adanna.alex,Kafin Madaki A,BA0803,Ganjuwa,"5008",Bauchi,BA, , , ,0,0,0,0,0,0,0,0,0,0,0, , , , , ,0, , ,,, ,Host Communities,Sarki Yama, ,0,0,IOM DTM RD16 May 2017,Sarki Yama
683,6f70b501-17ec-425b-b48c-edf2db1d6bbb,7603,1517529600000,adanna.alex,Miya A,BA0807,Ganjuwa,"5008",Bauchi,BA, , , ,0,0,0,0,0,0,0,0,0,0,0, , , , , ,0, , ,,, ,Host Communities,Sarkin Miya, ,0,0,IOM DTM RD16 May 2017,Sarkin Miya
684,b5549d1c-8ec9-4d17-8fe8-45261bedcf0b,7604,1517529600000,adanna.alex,Bambal,BA1008,Itas/Gadau,"5010",Bauchi,BA, , , ,0,0,0,0,0,0,0,0,0,0,0, , , , , ,0, , ,,, ,Host Communities,Bambal, ,0,0,IOM DTM RD16 May 2017,Bambal
685,12063164-c0df-42e9-89a8-3f93e2f265bd,7605,1517529600000,adanna.alex,Gwaram,JI1105,Gwaram,"18008",Jigawa,JI, , , ,0,0,0,0,0,0,0,0,0,0,0, , , , , ,0, , ,,, ,Host Communities,Kalagana, ,0,0,IOM DTM RD16 May 2017,Kalagana
686,ce5bd25c-dcfa-4922-8791-96fb1fc94c78,7606,1517529600000,adanna.alex,Bataiya,KN0202,Albasu,"20009",Kano,KN, , , ,0,0,0,0,0,0,0,0,0,0,0, , , , , ,0, , ,,, ,Host Communities,Zuboki, ,0,0,IOM DTM RD16 May 2017,Zuboki
687,5c15aebd-11bd-41d7-a9d2-489bac983c01,7607,1517529600000,adanna.alex,Bakin Kasuwa,BA1202,Katagum,"5012",Bauchi,BA, , , ,0,0,0,0,0,0,0,0,0,0,0, , , , , ,0, , ,,, ,Host Communities,Nasarawa, ,0,0,IOM DTM RD16 May 2017,Nasarawa
688,21655351-8184-4de7-b62e-17523a617076,7608,1517529600000,adanna.alex,Bakin Kasuwa,BA1202,Katagum,"5012",Bauchi,BA, , , ,0,0,0,0,0,0,0,0,0,0,0, , , , , ,0, , ,,, ,Host Communities,Kasuwar Kaji, ,0,0,IOM DTM RD16 May 2017,Kasuwar Kaji
689,1780d3f2-4dd8-4ed4-88d0-00e7318e715b,7609,1517529600000,adanna.alex,Kafin Kuka,BA1214,Katagum,"5012",Bauchi,BA, , , ,0,0,0,0,0,0,0,0,0,0,0, , , , , ,0, , ,,, ,Host Communities,Kafin Kuka, ,0,0,IOM DTM RD16 May 2017,Kafin Kuka
690,"0933ab04-7402-42da-8a95-30af362e0945",7610,1517529600000,adanna.alex,Shongo,BA1308,Kirfi,"5013",Bauchi,BA, , , ,0,0,0,0,0,0,0,0,0,0,0, , , , , ,0, , ,,, ,Host Communities,K Galadima, ,0,0,IOM DTM RD16 May 2017,K Galadima
691,a9f16654-e4c8-4e16-8a3a-e025e8663f6a,7611,1517529600000,adanna.alex,Beti,BA1402,Misau,"5014",Bauchi,BA, , , ,0,0,0,0,0,0,0,0,0,0,0, , , , , ,0, , ,,, ,Host Communities,Beti, ,0,0,IOM DTM RD16 May 2017,Beti
692,744b6ecc-da99-4eec-830d-1a9df6f3bd6d,7612,1517529600000,adanna.alex,Beti,BA1402,Misau,"5014",Bauchi,BA, , , ,0,0,0,0,0,0,0,0,0,0,0, , , , , ,0, , ,,, ,Host Communities,Galadimawo, ,0,0,IOM DTM RD16 May 2017,Galadimawo
693,a3ecd0b6-6fdc-47b6-ab4d-524cc6ac668c,7613,1517529600000,adanna.alex,Beti,BA1402,Misau,"5014",Bauchi,BA, , , ,0,0,0,0,0,0,0,0,0,0,0, , , , , ,0, , ,,, ,Host Communities,Yelmare, ,0,0,IOM DTM RD16 May 2017,Yelmare
694,a67f2b68-322e-4a81-81e2-0963cdae0fb6,7614,1517529600000,adanna.alex,Gwaram,BA1410,Misau,"5014",Bauchi,BA, , , ,0,0,0,0,0,0,0,0,0,0,0, , , , , ,0, , ,,, ,Host Communities,Angwa Luguji, ,0,0,IOM DTM RD16 May 2017,Angwa Luguji
695,d81777bb-e551-4772-b967-f58dc2e4b665,7615,1517529600000,adanna.alex,Kukadi B,BA1415,Misau,"5014",Bauchi,BA, , , ,0,0,0,0,0,0,0,0,0,0,0, , , , , ,0, , ,,, ,Host Communities,Gundari, ,0,0,IOM DTM RD16 May 2017,Gundari
696,485cc79d-3c1f-4021-aa76-7cb57601eed2,7616,1517529600000,adanna.alex,Bashe,BA1510,Ningi,"5015",Bauchi,BA, , , ,0,0,0,0,0,0,0,0,0,0,0, , , , , ,0, , ,,, ,Host Communities,Unguwan Gabas, ,0,0,IOM DTM RD16 May 2017,Unguwan Gabas
697,7ed5a13a-e417-414a-983a-070e097d9084,7617,1517529600000,adanna.alex,Dingis,BA1502,Ningi,"5015",Bauchi,BA, , , ,0,0,0,0,0,0,0,0,0,0,0, , , , , ,0, , ,,, ,Host Communities,Kafin Dingis, ,0,0,IOM DTM RD16 May 2017,Kafin Dingis
698,d07f8a62-ce4e-4daf-9a3b-feec48bb178d,7618,1517529600000,adanna.alex,Dingis,BA1502,Ningi,"5015",Bauchi,BA, , , ,0,0,0,0,0,0,0,0,0,0,0, , , , , ,0, , ,,, ,Host Communities,Tuwash Gudduba, ,0,0,IOM DTM RD16 May 2017,Tuwash Gudduba
699,b257b61b-b7a1-4e9c-9d18-412ea8569b32,7619,1517529600000,adanna.alex,Kudu Yamma,BA1506,Ningi,"5015",Bauchi,BA, , , ,0,0,0,0,0,0,0,0,0,0,0, , , , , ,0, , ,,, ,Host Communities,Tabulu, ,0,0,IOM DTM RD16 May 2017,Tabulu
700,8c8e52cf-44cb-4a56-b6cd-4214f41d285f,7620,1517529600000,adanna.alex,Kudu Yamma,BA1506,Ningi,"5015",Bauchi,BA, , , ,0,0,0,0,0,0,0,0,0,0,0, , , , , ,0, , ,,, ,Host Communities,Jimi, ,0,0,IOM DTM RD16 May 2017,Jimi
701,eae1d5a8-387d-4bee-b437-0f80c7394ec8,7621,1517529600000,adanna.alex,Nasaru A,BA1503,Ningi,"5015",Bauchi,BA, , , ,0,0,0,0,0,0,0,0,0,0,0, , , , , ,0, , ,,, ,Host Communities,Zazika, ,0,0,IOM DTM RD16 May 2017,Zazika
702,8ce5f719-cfc7-4f36-b610-fb71fe9bae2f,7622,1517529600000,adanna.alex,Ningi West,BA1516,Ningi,"5015",Bauchi,BA, , , ,0,0,0,0,0,0,0,0,0,0,0, , , , , ,0, , ,,, ,Host Communities,Ningi West, ,0,0,IOM DTM RD16 May 2017,Ningi West
703,a1991170-2162-43dd-9df2-95321cefa52a,7623,1517529600000,adanna.alex,Tiffi,BA1517,Ningi,"5015",Bauchi,BA, , , ,0,0,0,0,0,0,0,0,0,0,0, , , , , ,0, , ,,, ,Host Communities,Ubale, ,0,0,IOM DTM RD16 May 2017,Ubale
704,7a99abe0-2d7d-4687-be5a-7fdf50f7c50d,7624,1517529600000,adanna.alex,Lariye,BA1111,Jama'Are,"5011",Bauchi,BA, , , ,0,0,0,0,0,0,0,0,0,0,0, , , , , ,0, , ,,, ,Host Communities,Tsoren Shira, ,0,0,IOM DTM RD16 May 2017,Tsoren Shira
705,41015f3a-bf7f-4843-ba9e-1f6139832298,7625,1517529600000,adanna.alex,Disina A,BA1604,Shira,"5016",Bauchi,BA, , , ,0,0,0,0,0,0,0,0,0,0,0, , , , , ,0, , ,,, ,Host Communities,Langa, ,0,0,IOM DTM RD16 May 2017,Langa
706,28f40108-4e1d-4560-af8d-2661ebaf4884,7626,1517529600000,adanna.alex,Yana,BA1618,Shira,"5016",Bauchi,BA, , , ,0,0,0,0,0,0,0,0,0,0,0, , , , , ,0, , ,,, ,Host Communities,Yana, ,0,0,IOM DTM RD16 May 2017,Yana
707,8dc28265-4e37-45b4-9b0d-9dd359e7cbc3,7627,1517529600000,adanna.alex,Zubo,BA1611,Shira,"5016",Bauchi,BA, , , ,0,0,0,0,0,0,0,0,0,0,0, , , , , ,0, , ,,, ,Host Communities,Sabon Zubo, ,0,0,IOM DTM RD16 May 2017,Sabon Zubo
708,cfd49a9b-f574-426b-9ee7-3d586fcaf538,7628,1517529600000,adanna.alex,Bula B,BA1712,Tafawa-Balewa,"5017",Bauchi,BA, , , ,0,0,0,0,0,0,0,0,0,0,0, , , , , ,0, ,Government,,, ,Host Communities,Gital, ,0,0,IOM DTM RD16 May 2017,Gital
709,"09eaaab0-8a10-4936-a2bf-b7c127c6497a",7629,1517529600000,adanna.alex,Bununu A,BA1711,Tafawa-Balewa,"5017",Bauchi,BA, , , ,0,0,0,0,0,0,0,0,0,0,0, , , , , ,0, , ,,, ,Host Communities,Barkin Kasuwa, ,0,0,IOM DTM RD16 May 2017,Barkin Kasuwa
710,36cd9bb3-de40-4ffa-85e5-9d327ebd3d9a,7630,1517529600000,adanna.alex,Mavo,PLSWAS14,Wase,"32017",Plateau,PL, , , ,0,0,0,0,0,0,0,0,0,0,0, , , , , ,0, ,None,,, ,Host Communities,Juwait, ,0,0,IOM DTM RD16 May 2017,Juwait
711,fb90d07d-7da9-4604-a3ac-0654c9478a0d,7631,1517529600000,adanna.alex,Gimbi / Pinau,PLSWAS05,Wase,"32017",Plateau,PL, , , ,0,0,0,0,0,0,0,0,0,0,0, , , , , ,0, ,None,,, ,Host Communities,Wuno, ,0,0,IOM DTM RD16 May 2017,Wuno
712,75d4de18-6ad4-4d1c-9c60-ce54381e59ba,7632,1517529600000,adanna.alex,Jabbo,JI1504,Kafin Hausa,"18027",Jigawa,JI, , , ,0,0,0,0,0,0,0,0,0,0,0, , , , , ,0, , ,,, ,Host Communities,Gumai, ,0,0,IOM DTM RD16 May 2017,Gumai
713,d5166ffe-dc1f-4a3f-a5da-2e7e8803104f,7633,1517529600000,adanna.alex,Mainako North,BA2011,Zaki,"5020",Bauchi,BA, , , ,0,0,0,0,0,0,0,0,0,0,0, , , , , ,0, , ,,, ,Host Communities,Bulturi, ,0,0,IOM DTM RD16 May 2017,Bulturi
714,16c2be9f-05cc-417f-b839-3efab9f3bbec,7634,1517529600000,adanna.alex,Akko,GMSAKK01,Akko,"16001",Gombe,GO, , , ,0,0,0,0,0,0,0,0,0,0,0, , , , , ,0, , ,,, ,Host Communities,Wuro Dole, ,0,0,IOM DTM RD16 May 2017,Wuro Dole
715,5d60283c-fdd8-4394-9fff-ce066ee35577,7635,1517529600000,adanna.alex,Akko,GMSAKK01,Akko,"16001",Gombe,GO, , , ,0,0,0,0,0,0,0,0,0,0,0, , , , , ,0, , ,,, ,Host Communities,Lawanti, ,0,0,IOM DTM RD16 May 2017,Lawanti
716,bb7f2c0c-e0ac-48be-ab88-1b580c1f7ba6,7636,1517529600000,adanna.alex,Kwami,GMSKWM08,Kwami,"16008",Gombe,GO, , , ,0,0,0,0,0,0,0,0,0,0,0, , , , , ,0, , ,,, ,Host Communities,Arawa Kundulu, ,0,0,IOM DTM RD16 May 2017,Arawa Kundulu
717,f4c4e478-05f7-4bc7-9017-70e10e709555,7637,1517529600000,adanna.alex,Garko,GMSAKK02,Akko,"16001",Gombe,GO, , , ,0,0,0,0,0,0,0,0,0,0,0, , , , , ,0, , ,,, ,Host Communities,Bomala, ,0,0,IOM DTM RD16 May 2017,Bomala
718,c28b606b-cd32-4037-a442-d27e80066489,7638,1517529600000,adanna.alex,Garko,GMSAKK02,Akko,"16001",Gombe,GO, , , ,0,0,0,0,0,0,0,0,0,0,0, , , , , ,0, , ,,, ,Host Communities,Afganistan, ,0,0,IOM DTM RD16 May 2017,Afganistan
719,ae1f8a6b-1ba0-4def-8888-88665322d5e7,7639,1517529600000,adanna.alex,Garko,GMSAKK02,Akko,"16001",Gombe,GO, , , ,0,0,0,0,0,0,0,0,0,0,0, , , , , ,0, , ,,, ,Host Communities,Gonna Dundado, ,0,0,IOM DTM RD16 May 2017,Gonna Dundado
720,d7302b84-7134-4de4-bd08-15b77b848ace,7640,1517529600000,adanna.alex,Garko,GMSAKK02,Akko,"16001",Gombe,GO, , , ,0,0,0,0,0,0,0,0,0,0,0, , , , , ,0, , ,,, ,Host Communities,Maisau, ,0,0,IOM DTM RD16 May 2017,Maisau
721,ef85711a-24c9-4fed-b7e7-05b0a29c6418,7641,1517529600000,adanna.alex,Garubula,"10504",Biu,"105",Borno,BR, , , ,0,0,0,0,0,0,0,0,0,0,0, , , , , ,0, , ,,, ,Host Communities,Tumfure, ,0,0,IOM DTM RD16 May 2017,Tumfure
722,1994bd4b-1d75-40ef-a541-284e0e92d0a0,7643,1517529600000,adanna.alex,Kumo Central,GMSAKK05,Akko,"16001",Gombe,GO, , , ,0,0,0,0,0,0,0,0,0,0,0, , , , , ,0, , ,,, ,Host Communities,Kumo Central, ,0,0,IOM DTM RD16 May 2017,Kumo Central
723,4130f73d-882e-4129-b4a1-83efe3834868,7644,1517529600000,adanna.alex,Barwo Nasarawo,GMSNFD01,Nafada,"16009",Gombe,GO, , , ,0,0,0,0,0,0,0,0,0,0,0, , , , , ,0, , ,,, ,Host Communities,Kumo West, ,0,0,IOM DTM RD16 May 2017,Kumo West
724,a652c2dc-b5af-479b-b691-06f417caae39,7645,1517529600000,adanna.alex,Pindiga,GMSAKK09,Akko,"16001",Gombe,GO, , , ,0,0,0,0,0,0,0,0,0,0,0, , , , , ,0, , ,,, ,Host Communities,Sabon Kaura, ,0,0,IOM DTM RD16 May 2017,Sabon Kaura
725,"06fa3f8a-58a2-455e-b360-13a15f990b12",7646,1517529600000,adanna.alex,Bangu,GMSBLG02,Balanga,"16002",Gombe,GO, , , ,0,0,0,0,0,0,0,0,0,0,0, , , , , ,0, , ,,, ,Host Communities,Boka Bindi, ,0,0,IOM DTM RD16 May 2017,Boka Bindi
726,c7aa29e9-8eb6-4da8-b7a4-fa2831074034,7647,1517529600000,adanna.alex,Bangu,GMSBLG02,Balanga,"16002",Gombe,GO, , , ,0,0,0,0,0,0,0,0,0,0,0, , , , , ,0, , ,,, ,Host Communities,Anguwan Solar, ,0,0,IOM DTM RD16 May 2017,Anguwan Solar
727,b0badd6d-027c-4655-a826-fbcd331394c0,7648,1517529600000,adanna.alex,Dadiya,GMSBLG03,Balanga,"16002",Gombe,GO, , , ,0,0,0,0,0,0,0,0,0,0,0, , , , , ,0, , ,,, ,Host Communities,Yemfiyo, ,0,0,IOM DTM RD16 May 2017,Yemfiyo
728,a4d4bbe4-442a-4c90-90c9-c56cf7f10a24,7649,1517529600000,adanna.alex,Degri,GMSBLG04,Balanga,"16002",Gombe,GO, , , ,0,0,0,0,0,0,0,0,0,0,0, , , , , ,0, , ,,, ,Host Communities,Gurma, ,0,0,IOM DTM RD16 May 2017,Gurma
729,"072ccd97-1af3-4bd7-bca0-6752a665c1d3",7650,1517529600000,adanna.alex,Mona,GMSBLG07,Balanga,"16002",Gombe,GO, , , ,0,0,0,0,0,0,0,0,0,0,0, , , , , ,0, , ,,, ,Host Communities,Lojah, ,0,0,IOM DTM RD16 May 2017,Lojah
730,af1db1a5-e870-4569-8f50-16acd6a25bdb,7651,1517529600000,adanna.alex,Gelengu,GMSBLG05,Balanga,"16002",Gombe,GO, , , ,0,0,0,0,0,0,0,0,0,0,0, , , , , ,0, , ,,, ,Host Communities,Wasa Maibuzu, ,0,0,IOM DTM RD16 May 2017,Wasa Maibuzu
731,a3f91f97-f5f2-473c-868f-3a981f8f9e73,7652,1517529600000,adanna.alex,Bangu,GMSBLG02,Balanga,"16002",Gombe,GO, , , ,0,0,0,0,0,0,0,0,0,0,0, , , , , ,0, , ,,, ,Host Communities,Kwakwari, ,0,0,IOM DTM RD16 May 2017,Kwakwari
732,806f1b82-adb2-4dd7-b77e-757d167dfbca,7653,1517529600000,adanna.alex,Gelengu,GMSBLG05,Balanga,"16002",Gombe,GO, , , ,0,0,0,0,0,0,0,0,0,0,0, , , , , ,0, , ,,, ,Host Communities,Nassarawo, ,0,0,IOM DTM RD16 May 2017,Nassarawo
733,6f202c34-a121-40b5-915f-b1a28a2415ce,7654,1517529600000,adanna.alex,Degri,GMSBLG04,Balanga,"16002",Gombe,GO, , , ,0,0,0,0,0,0,0,0,0,0,0, , , , , ,0, , ,,, ,Host Communities,Guka, ,0,0,IOM DTM RD16 May 2017,Guka
734,62bfd5db-ec43-4625-990c-55092c1744a1,7655,1517529600000,adanna.alex,Banganje South,GMSBLR02,Billiri,"16003",Gombe,GO, , , ,0,0,0,0,0,0,0,0,0,0,0, , , , , ,0, , ,,, ,Host Communities,Lafikarmai, ,0,0,IOM DTM RD16 May 2017,Lafikarmai
735,d70370d2-35a4-4252-8bf5-12ec31809163,7656,1517529600000,adanna.alex,Bare,GMSBLR03,Billiri,"16003",Gombe,GO, , , ,0,0,0,0,0,0,0,0,0,0,0, , , , , ,0, , ,,, ,Host Communities,Golo 2, ,0,0,IOM DTM RD16 May 2017,Golo 2
736,"0595ca78-b117-4804-8c0f-fb0950dc36c2",7657,1517529600000,adanna.alex,Tal,GMSBLR07,Billiri,"16003",Gombe,GO, , , ,0,0,0,0,0,0,0,0,0,0,0, , , , , ,0, , ,,, ,Host Communities,Kalbore, ,0,0,IOM DTM RD16 May 2017,Kalbore
737,a7f5f4f7-747b-4249-92cf-030e1d69246e,7658,1517529600000,adanna.alex,Tanglang,GMSBLR08,Billiri,"16003",Gombe,GO, , , ,0,0,0,0,0,0,0,0,0,0,0, , , , , ,0, , ,,, ,Host Communities,Kalkulong, ,0,0,IOM DTM RD16 May 2017,Kalkulong
738,34f82ac0-f321-4632-8966-db5f5813a284,7659,1517529600000,adanna.alex,Jamari,GMSDKU03,Dukku,"16004",Gombe,GO, , , ,0,0,0,0,0,0,0,0,0,0,0, , , , , ,0, ,None,,, ,Host Communities,Dige, ,0,0,IOM DTM RD16 May 2017,Dige
739,61269314-958e-49a0-af9d-6e4faebdec8e,7660,1517529600000,adanna.alex,Jamari,GMSDKU03,Dukku,"16004",Gombe,GO, , , ,0,0,0,0,0,0,0,0,0,0,0, , , , , ,0, , ,,, ,Host Communities,Anguwa Yamma, ,0,0,IOM DTM RD16 May 2017,Anguwa Yamma
740,f54b6b6f-c105-4f51-9ce3-40d5a3bbe64d,7661,1517529600000,adanna.alex,Jamari,GMSDKU03,Dukku,"16004",Gombe,GO, , , ,0,0,0,0,0,0,0,0,0,0,0, , , , , ,0, , ,,, ,Host Communities,Anguwa Fada, ,0,0,IOM DTM RD16 May 2017,Anguwa Fada
741,cc4a6028-9002-49b8-b47a-b6586cf779cc,7662,1517529600000,adanna.alex,Gombe Abba,GMSDKU01,Dukku,"16004",Gombe,GO, , , ,0,0,0,0,0,0,0,0,0,0,0, , , , , ,0, , ,,, ,Host Communities,Anguwa Hakimi, ,0,0,IOM DTM RD16 May 2017,Anguwa Hakimi
742,de8a167c-d486-4be0-8802-39060a9cb6a7,7663,1517529600000,adanna.alex,Zaune,GMSDKU11,Dukku,"16004",Gombe,GO, , , ,0,0,0,0,0,0,0,0,0,0,0, , , , , ,0, ,None,,, ,Host Communities,Dukkuyel, ,0,0,IOM DTM RD16 May 2017,Dukkuyel
743,"0083a890-c0f5-4896-83ac-4b7224504612",7664,1517529600000,adanna.alex,Ashaka / Magaba,GMSFKY01,Funakaye,"16005",Gombe,GO, , , ,0,0,0,0,0,0,0,0,0,0,0, , , , , ,0, , ,,, ,Host Communities,Ashaka, ,0,0,IOM DTM RD16 May 2017,Ashaka
744,653bbe65-c1c2-410e-9bc1-bf279aefbe3f,7665,1517529600000,adanna.alex,Bage,GMSFKY02,Funakaye,"16005",Gombe,GO, , , ,0,0,0,0,0,0,0,0,0,0,0, , , , , ,0, , ,,, ,Host Communities,Bage, ,0,0,IOM DTM RD16 May 2017,Bage
745,37b3d2fc-b96c-4ed7-93b8-b64cb329ce44,7666,1517529600000,adanna.alex,Bajoga East,GMSFKY03,Funakaye,"16005",Gombe,GO, , , ,0,0,0,0,0,0,0,0,0,0,0, , , , , ,0, , ,,, ,Host Communities,Bajoga West, ,0,0,IOM DTM RD16 May 2017,Bajoga West
746,fce8d1e7-33a4-4cdb-9fbc-f41f7f08e926,7667,1517529600000,adanna.alex,Gunda,"10505",Biu,"105",Borno,BR, , , ,0,0,0,0,0,0,0,0,0,0,0, , , , , ,0, , ,,, ,Host Communities,Bajoga East, ,0,0,IOM DTM RD16 May 2017,Bajoga East
747,"0b1eb7e4-7eae-4508-a66b-2271ff75c4d7",7668,1517529600000,adanna.alex,Kupto,GMSFKY06,Funakaye,"16005",Gombe,GO, , , ,0,0,0,0,0,0,0,0,0,0,0, , , , , ,0, , ,,, ,Host Communities,Kupto, ,0,0,IOM DTM RD16 May 2017,Kupto
748,77531683-dc6e-4aa6-bfd8-b4fd256b0afd,7669,1517529600000,adanna.alex,Garko,GMSAKK02,Akko,"16001",Gombe,GO, , , ,0,0,0,0,0,0,0,0,0,0,0, , , , , ,0, , ,,, ,Host Communities,Sabon Gari, ,0,0,IOM DTM RD16 May 2017,Sabon Gari
749,7bbccbb1-a665-40fc-bcba-c2c10d48197e,7670,1517529600000,adanna.alex,Kwadon / Liji / Kurba,GMSYDB07,Yamaltu/Deba,"16011",Gombe,GO, , , ,0,0,0,0,0,0,0,0,0,0,0, , , , , ,0, ,Government,,, ,Host Communities,Nassarawo, ,0,0,IOM DTM RD16 May 2017,Nassarawo
750,ad1d5e55-c186-4def-a231-e9b2eb933a96,7671,1517529600000,adanna.alex,Kaltungo East,GMSKLT04,Kaltungo,"16007",Gombe,GO, , , ,0,0,0,0,0,0,0,0,0,0,0, , , , , ,0, , ,,, ,Host Communities,Kaleh, ,0,0,IOM DTM RD16 May 2017,Kaleh
751,"00fb8c2a-4fb5-4cd7-999d-a2887b787d02",7673,1517529600000,adanna.alex,Kaltungo West,GMSKLT05,Kaltungo,"16007",Gombe,GO, , , ,0,0,0,0,0,0,0,0,0,0,0, , , , , ,0, , ,,, ,Host Communities,Millionaira Quarters, ,0,0,IOM DTM RD16 May 2017,Millionaira Quarters
752,c1f7c73d-5390-4dd4-bd47-639ef7c1f768,7674,1517529600000,adanna.alex,Dukul,GMSKWM04,Kwami,"16008",Gombe,GO, , , ,0,0,0,0,0,0,0,0,0,0,0, , , , , ,0, , ,,, ,Host Communities,Buri Butu, ,0,0,IOM DTM RD16 May 2017,Buri Butu
753,351957c1-54e8-473d-9684-74bbd9e238f5,7675,1517529600000,adanna.alex,Gadam,GMSKWM05,Kwami,"16008",Gombe,GO, , , ,0,0,0,0,0,0,0,0,0,0,0, , , , , ,0, , ,,, ,Host Communities,Mamman Madaki, ,0,0,IOM DTM RD16 May 2017,Mamman Madaki
754,fd2b12db-b44c-4a46-be8e-28f11aa1e2bb,7676,1517529600000,adanna.alex,Bila Gusi,"11801",Kwaya Kusar,"118",Borno,BR, , , ,0,0,0,0,0,0,0,0,0,0,0, , , , , ,0, ,None,,, ,Host Communities,Bomala Ang Sarki, ,0,0,IOM DTM RD16 May 2017,Bomala Ang Sarki
755,c0a18d97-7fce-4a3b-b602-4f27345b9a90,7677,1517529600000,adanna.alex,Kwami,GMSKWM08,Kwami,"16008",Gombe,GO, , , ,0,0,0,0,0,0,0,0,0,0,0, , , , , ,0, , ,,, ,Host Communities,Gerkwami, ,0,0,IOM DTM RD16 May 2017,Gerkwami
756,ad759a41-a7e5-47cb-97bb-0ed38a5679c5,7678,1517529600000,adanna.alex,Birin Bolawa,GMSNFD03,Nafada,"16009",Gombe,GO, , , ,0,0,0,0,0,0,0,0,0,0,0, , , , , ,0, , ,,, ,Host Communities,Dange, ,0,0,IOM DTM RD16 May 2017,Dange
757,bdce8a12-6b81-4568-b6f6-bec049a046a9,7679,1517529600000,adanna.alex,Birin Fulani West,GMSNFD05,Nafada,"16009",Gombe,GO, , , ,0,0,0,0,0,0,0,0,0,0,0, , , , , ,0, , ,,, ,Host Communities,Fada, ,0,0,IOM DTM RD16 May 2017,Fada
758,abaca91c-60ca-48b2-ae66-2b4c25c4aea1,7703,1517529600000,adanna.alex,Ake 2,OGSABS02,Abeokuta South,"28002",Ogun,OG, , , ,0,0,0,0,0,0,0,0,0,0,0, , , , , ,0, , ,,, ,Not identified,Gideon Home Asero Estate, ,0,0,GRID,Gideon Home Asero Estate
759,dc9c0175-5baf-4313-b572-929d4a5f83aa,7704,1517529600000,adanna.alex,Sango,OGSADO16,Ado Odo/Ota,"28003",Ogun,OG, , , ,0,0,0,0,0,0,0,0,0,0,0, , , , , ,0, , ,,, ,Not identified,Ogba Bola, ,0,0,GRID,Ogba Bola
760,c919fef8-ddd0-4c5c-a687-c2db81c5ad20,7680,1517529600000,adanna.alex,Birin Fulani West,GMSNFD05,Nafada,"16009",Gombe,GO, , , ,0,0,0,0,0,0,0,0,0,0,0, , , , , ,0, , ,,, ,Host Communities,Gadi, ,0,0,IOM DTM RD16 May 2017,Gadi
761,3ba92ae1-1f6f-4f1b-a880-b105107159ba,7681,1517529600000,adanna.alex,Gadam,GMSKWM05,Kwami,"16008",Gombe,GO, , , ,0,0,0,0,0,0,0,0,0,0,0, , , , , ,0, , ,,, ,Host Communities,Wahi, ,0,0,IOM DTM RD16 May 2017,Wahi
762,92f2ed43-ad6f-4b57-b105-8f79b694ac47,7705,1517529600000,adanna.alex,Kanje-Abuni,NASAWE05,Awe,"26002",Nasarawa,NA, , , ,0,0,0,0,0,0,0,0,0,0,0, , , , , ,0, , ,,, ,Camp,Abuni Primary School Camp, ,0,0,GRID,Abuni Primary School Camp
763,76aa3b5e-9a39-4d6f-a534-3735331048ab,7682,1517529600000,adanna.alex,Gudukku,GMSNFD06,Nafada,"16009",Gombe,GO, , , ,0,0,0,0,0,0,0,0,0,0,0, , , , , ,0, , ,,, ,Host Communities,Magaji, ,0,0,IOM DTM RD16 May 2017,Magaji
764,a3171984-e3fd-4f77-b78f-c4d4f6a31a0b,7683,1517529600000,adanna.alex,Gudukku,GMSNFD06,Nafada,"16009",Gombe,GO, , , ,0,0,0,0,0,0,0,0,0,0,0, , , , , ,0, , ,,, ,Host Communities,Kiyay, ,0,0,IOM DTM RD16 May 2017,Kiyay
765,e3d7688e-af5f-462d-83ac-4130ca1c3b4c,7707,1517529600000,adanna.alex,Mbiabo-Obomitiat,CRSDUK09,Odukpani,"9015",Cross River,CR, , , ,0,0,0,0,0,0,0,0,0,0,0, , , , , ,0, , ,,, ,Not identified,Presbyterian Primary School Refugees Camp Ibom Itiat, ,0,0,GRID,Presbyterian Primary School Refugees Camp Ibom Itiat
766,39479591-e26b-4d25-baff-698d24179e14,7684,1517529600000,adanna.alex,Nafada Central,GMSNFD08,Nafada,"16009",Gombe,GO, , , ,0,0,0,0,0,0,0,0,0,0,0, , , , , ,0, , ,,, ,Host Communities,Wuro Jada, ,0,0,IOM DTM RD16 May 2017,Wuro Jada
767,bb0bb484-073e-4f12-92e1-1f9f2994aa16,7685,1517529600000,adanna.alex,Nafada East,GMSNFD09,Nafada,"16009",Gombe,GO, , , ,0,0,0,0,0,0,0,0,0,0,0, , , , , ,0, , ,,, ,Host Communities,Ubandoma, ,0,0,IOM DTM RD16 May 2017,Ubandoma
768,5778dda3-75cb-4526-93a2-bf6ebfe295a8,7686,1517529600000,adanna.alex,Boh,GMSSHM02,Shomgom,"16010",Gombe,GO, , , ,0,0,0,0,0,0,0,0,0,0,0, , , , , ,0, , ,,, ,Host Communities,Kikwaka, ,0,0,IOM DTM RD16 May 2017,Kikwaka
769,9fb3b3c3-6ceb-4f43-9d60-7e770126003c,7687,1517529600000,adanna.alex,Filiya,GMSSHM04,Shomgom,"16010",Gombe,GO, , , ,0,0,0,0,0,0,0,0,0,0,0, , , , , ,0, , ,,, ,Host Communities,Bakin Kasuwa, ,0,0,IOM DTM RD16 May 2017,Bakin Kasuwa
770,71abe7d3-db99-4736-bd94-15d2adb529fe,7688,1517529600000,adanna.alex,Gundale,GMSSHM05,Shomgom,"16010",Gombe,GO, , , ,0,0,0,0,0,0,0,0,0,0,0, , , , , ,0, ,None,,, ,Host Communities,Fada Hakimi, ,0,0,IOM DTM RD16 May 2017,Fada Hakimi
771,4101b0ae-1b16-4fb0-8a50-dd79e616e5a3,7689,1517529600000,adanna.alex,Gwandum,GMSSHM06,Shomgom,"16010",Gombe,GO, , , ,0,0,0,0,0,0,0,0,0,0,0, , , , , ,0, , ,,, ,Host Communities,Majidadi, ,0,0,IOM DTM RD16 May 2017,Majidadi
772,b0d7e606-4df0-4c56-b8e6-bed47dfd24eb,7690,1517529600000,adanna.alex,Kushi,GMSSHM08,Shomgom,"16010",Gombe,GO, , , ,0,0,0,0,0,0,0,0,0,0,0, , , , , ,0, , ,,, ,Host Communities,Unguwan Kauri, ,0,0,IOM DTM RD16 May 2017,Unguwan Kauri
773,d407bd4b-a9df-464d-86f7-c7a1f871287d,7691,1517529600000,adanna.alex,Boh,GMSSHM02,Shomgom,"16010",Gombe,GO, , , ,0,0,0,0,0,0,0,0,0,0,0, , , , , ,0, ,None,,, ,Host Communities,Magol, ,0,0,IOM DTM RD16 May 2017,Magol
774,8560e5ad-6b1f-4d89-bb72-7e3079bbf356,7692,1517529600000,adanna.alex,Lubo / Difa / Kinafa,GMSYDB09,Yamaltu/Deba,"16011",Gombe,GO, , , ,0,0,0,0,0,0,0,0,0,0,0, , , , , ,0, , ,,, ,Host Communities,Difa, ,0,0,IOM DTM RD16 May 2017,Difa
775,3fe1216c-37a4-4c45-9a2c-2c59f761e821,7697,1517529600000,adanna.alex,Tanchol,PLSBUU15,Jos South,"32006",Plateau,PL, , , ,0,0,0,0,0,0,0,0,0,0,0, , , , , ,0, , ,,, ,Not identified,City ministries Gidan Bege Gero Care Center, ,0,0,GRID,City ministries Gidan Bege Gero Care Center
776,8e59be03-b41e-431f-9844-87909a6592c8,7698,1517529600000,adanna.alex,Turu B,PLSBUU17,Jos South,"32006",Plateau,PL, , , ,0,0,0,0,0,0,0,0,0,0,0, , , , , ,0, , ,,, ,Not identified,Internal Displace People, ,0,0,GRID,Internal Displace People
777,3164e4af-8e3e-47e5-8022-de936e155bc7,7699,1517529600000,adanna.alex,Aningo,PLSQAP01,Qua'An Pan,"32014",Plateau,PL, , , ,0,0,0,0,0,0,0,0,0,0,0, , , , , ,0, , ,,, ,Not identified,IDP Camp, ,0,0,GRID,IDP Camp
778,36f269a7-8741-4730-818f-96d2d8e60379,7700,1517529600000,adanna.alex,Ikpai,CRSKAM07,Akamkpa,"9002",Cross River,CR, , , ,0,0,0,0,0,0,0,0,0,0,0, , , , , ,0, , ,,, ,Not identified,Health Centre Ojok, ,0,0,GRID,Health Centre Ojok
779,29914001-1d23-48d6-b488-81ea2584b96c,7701,1517529600000,adanna.alex,Ikpai,CRSKAM07,Akamkpa,"9002",Cross River,CR, , , ,0,0,0,0,0,0,0,0,0,0,0, , , , , ,0, , ,,, ,Not identified,Ekang Idp Camp, ,0,0,GRID,Ekang Idp Camp
780,e365b670-fcce-4c8f-a103-4a06e454cd61,7702,1517529600000,adanna.alex,Adiabo Efut,CRSDUK07,Odukpani,"9015",Cross River,CR, , , ,0,0,0,0,0,0,0,0,0,0,0, , , , , ,0, , ,,, ,Not identified,Idp Camp Mechanic Village, ,0,0,GRID,Idp Camp Mechanic Village
781,bd82fb0a-b8b3-4ca5-a0ce-1222848d2197,7709,1517529600000,adanna.alex,Gelengu,GMSBLG05,Balanga,"16002",Gombe,GO, , , ,0,0,0,0,0,0,0,0,0,0,0, , , , , ,0, , ,,, ,Host Communities,Kembu Matinja, ,0,0,IOM DTM RD16 May 2017,Kembu Matinja
782,9e1e9ced-6cb1-4aa5-8c12-afa7d74832ef,7710,1517529600000,adanna.alex,Lano / Kuri / Lambam,GMSYDB08,Yamaltu/Deba,"16011",Gombe,GO, , , ,0,0,0,0,0,0,0,0,0,0,0, , , , , ,0, , ,,, ,Host Communities,Lano, ,0,0,IOM DTM RD16 May 2017,Lano
783,19c8f5cb-687c-44fc-bd7d-4085103a89fb,7711,1517529600000,adanna.alex,Bukuru,PLSBUU01,Jos South,"32006",Plateau,PL, , , ,0,0,0,0,0,0,0,0,0,0,0, , , , , ,0, , ,,, ,Not identified,Bwandang Gyel, ,0,0,GRID,Zang Secondary Commercial School IDP Camp
784,"0b15b24f-91d4-431c-adc1-12741ec9542e",7712,1517529600000,adanna.alex,Dawaki,BA0212,Bauchi,"5002",Bauchi,BA, , , ,0,0,0,0,0,0,0,0,0,0,0, , , , , ,0, , ,,, ,Host Communities,Fadaman Mada Bayan Fariya, ,0,0,IOM DTM RD16 May 2017,Inkil
785,a6f3d5d8-0d3a-4c67-a5b7-11a46d40334a,7713,1517529600000,adanna.alex,Dawaki,BA0212,Bauchi,"5002",Bauchi,BA, , , ,0,0,0,0,0,0,0,0,0,0,0, , , , , ,0, , ,,, ,Host Communities,Fadaman Mada Bayan Fariya, ,0,0,IOM DTM RD16 May 2017,Kofar Gombe
786,1cbf50d1-c369-4231-8d48-b6d44ea3287f,7714,1517529600000,adanna.alex,Dan Iya,BA0211,Bauchi,"5002",Bauchi,BA, , , ,0,0,0,0,0,0,0,0,0,0,0, , , , , ,0, , ,,, ,Host Communities,Unguwan Duhu, ,0,0,IOM DTM RD16 May 2017,Railway
787,3737e3c6-5b0b-4d89-a34e-c38a548fe814,7715,1517529600000,adanna.alex,Lanzai East,BA0507,Darazo,"5005",Bauchi,BA, , , ,0,0,0,0,0,0,0,0,0,0,0, , , , , ,0, , ,,, ,Host Communities,Garin Liman, ,0,0,IOM DTM RD16 May 2017,Ung Madaki
788,77e16ed9-e031-4f74-8682-32cc2fad54b3,7716,1517529600000,adanna.alex,Bambam,GMSBLG01,Balanga,"16002",Gombe,GO, , , ,0,0,0,0,0,0,0,0,0,0,0, , , , , ,0, , ,,, ,Host Communities,Garin Liman, ,0,0,IOM DTM RD16 May 2017,Anguwan Yawlambu
789,72731507-9a26-4816-944d-26fe5aed6b30,7717,1517529600000,adanna.alex,Ikom 1,CRSKMM03,Ikom,"9011",Cross River,CR, , , ,0,0,0,0,0,0,0,0,0,0,0, , , , , ,0, , ,,, ,Not identified,Adeh Etayip Ikom Urban, ,0,0,GRID,Ikom Council Idp
790,d081c9e7-bfa9-4367-a06e-3543d74a6998,7726,1517529600000,adanna.alex,Ajili,BA1405,Misau,"5014",Bauchi,BA, , , ,0,0,0,0,0,0,0,0,0,0,0, , , , , ,0, , ,,, ,Host Communities,Ajili, ,0,0,IOM DTM RD16 May 2017,Angwan Abuja
791,1b2ca8b2-49bb-4825-8ae6-5d7e74fe87b2,7718,1517529600000,adanna.alex,Ikom 1,CRSKMM03,Ikom,"9011",Cross River,CR, , , ,0,0,0,0,0,0,0,0,0,0,0, , , , , ,0, , ,,, ,Not identified,Adeh Etayip Ikom Urban, ,0,0,GRID,Ikom Idp Site
792,48e71cfe-aed7-4349-8000-46197ab9fa21,7727,1517529600000,adanna.alex,Becheve,CRSBNS03,Obanliku,"9012",Cross River,CR, , , ,0,0,0,0,0,0,0,0,0,0,0, , , , , ,0, , ,,, ,Not identified,Ranch Internally Desplace People, ,0,0,GRID,Ranch Internally Desplace People
793,8297ef5f-a67f-426e-9b1b-3c187ad35946,7728,1517529600000,adanna.alex,Becheve,CRSBNS03,Obanliku,"9012",Cross River,CR, , , ,0,0,0,0,0,0,0,0,0,0,0, , , , , ,0, , ,,, ,Not identified,Becheve Idp, ,0,0,GRID,Becheve Idp
794,9a6397d7-553c-4ffb-bf69-1d5e08725a39,7719,1517529600000,adanna.alex,Bogoro,BA0303,Bogoro,"5003",Bauchi,BA, , , ,0,0,0,0,0,0,0,0,0,0,0, , , , , ,0, , ,,, ,Host Communities,Bamshi Migana, ,0,0,IOM DTM RD16 May 2017,Bugun
795,3135ca86-1efe-4259-b962-5fd1cf0102fc,7720,1517529600000,adanna.alex,Bogoro,BA0303,Bogoro,"5003",Bauchi,BA, , , ,0,0,0,0,0,0,0,0,0,0,0, , , , , ,0, , ,,, ,Host Communities,Bamshi Migana, ,0,0,IOM DTM RD16 May 2017,Bogoro
796,22ed238f-94e7-422c-af0d-bc874f4a9ef8,7721,1517529600000,adanna.alex,Lusa,BA0312,Bogoro,"5003",Bauchi,BA, , , ,0,0,0,0,0,0,0,0,0,0,0, , , , , ,0, , ,,, ,Host Communities,Bakin Kasuwa, ,0,0,IOM DTM RD16 May 2017,Banram
797,f52b9017-011e-4a41-87ce-dc2e5aa13bd9,7722,1517529600000,adanna.alex,Lusa,BA0312,Bogoro,"5003",Bauchi,BA, , , ,0,0,0,0,0,0,0,0,0,0,0, , , , , ,0, , ,,, ,Host Communities,Bakin Kasuwa, ,0,0,IOM DTM RD16 May 2017,Gizaki
798,ff59ffeb-80e7-4ce5-8e21-38b7b4a1542e,7723,1517529600000,adanna.alex,Gurbana,BA0402,Dambam,"5004",Bauchi,BA, , , ,0,0,0,0,0,0,0,0,0,0,0, , , , , ,0, , ,,, ,Host Communities,Garin Busa, ,0,0,IOM DTM RD16 May 2017,Gargawa
799,ded3ae08-c1c1-4d1e-8b85-aaf2f6d7be24,7724,1517529600000,adanna.alex,Gurbana,BA0402,Dambam,"5004",Bauchi,BA, , , ,0,0,0,0,0,0,0,0,0,0,0, , , , , ,0, , ,,, ,Host Communities,Garin Busa, ,0,0,IOM DTM RD16 May 2017,Zaure
800,e6e236f0-15d3-4078-9672-6ea5a3f4d41c,7725,1517529600000,adanna.alex,Ajili,BA1405,Misau,"5014",Bauchi,BA, , , ,0,0,0,0,0,0,0,0,0,0,0, , , , , ,0, , ,,, ,Host Communities,Ajili, ,0,0,IOM DTM RD16 May 2017,Gugulin
801,851a94f0-ca4e-4108-a887-438503182d23,7732,1517529600000,adanna.alex,Saghev,BNSYGJ09,Guma,"7006",Benue,BE, , , ,0,0,0,0,0,0,0,0,0,0,0, , , , , ,0, , ,,, ,Not identified,Ginde, ,0,0,GRID,Ginde IDP Camp
802,a9d84ac8-70ae-4851-ad99-1d255e8e0d77,7733,1517529600000,adanna.alex,Mbavuur,BNSGBG04,Logo,"7012",Benue,BE, , , ,0,0,0,0,0,0,0,0,0,0,0, , , , , ,0, , ,,, ,Not identified,Abeda, ,0,0,GRID,NKST Abeda IDP Camp
803,661165cf-8ba5-41a3-a536-8a0ab9d9d3d8,7734,1517529600000,adanna.alex,Mbawa,BNSYGJ05,Guma,"7006",Benue,BE, , , ,0,0,0,0,0,0,0,0,0,0,0, , , , , ,0, , ,,, ,Not identified,Ugondo Mbabun Mbaberanyi, ,0,0,GRID,UN Agency for Refugees Ugondo Mbabun Mbaberanyi
804,"0f226a56-bded-47ce-80bd-7777ca65cb58",7735,1517529600000,adanna.alex,Mbawa,BNSYGJ05,Guma,"7006",Benue,BE, , , ,0,0,0,0,0,0,0,0,0,0,0, , , , , ,0, , ,,, ,Not identified,Daudu, ,0,0,GRID,Daudu Internally Displaced People Camp
805,b941b88c-64a0-499e-818a-5d8794edcce7,7736,1517529600000,adanna.alex,Mbayam,BNSGBG05,Logo,"7012",Benue,BE, , , ,0,0,0,0,0,0,0,0,0,0,0, , , , , ,0, , ,,, ,Not identified,Tsenge Ugba, ,0,0,GRID,Internal Displaced Camp Tsenge Ugba
806,b58f7501-a5d2-4684-aac6-47b219f3d05d,7737,1517529600000,adanna.alex,Ikate / Lekki,LASEOA10,Eti Osa,"25008",Lagos,LA, , , ,0,0,0,0,0,0,0,0,0,0,0, , , , , ,0, , ,,, ,Not identified,IDP Site End Of Utom Street, ,0,0,GRID,IDP Site End Of Utom Street
807,5ee362d8-55d0-4432-9c3d-b7c2a0c03b29,7739,1517529600000,adanna.alex,Gawu,FCTABJ04,Abaji,"15001",Fct,FC, , , ,0,0,0,0,0,0,0,0,0,0,0, , , , , ,0, , ,,, ,Not identified,BHC Boku Madaki, ,0,0,GRID,BHC Boku Madaki
808,27dd8ee6-687d-4db5-b21a-fcd590f646a4,7740,1517529600000,adanna.alex,Akwento Boko,TRSKRM02,Kurmi,"35009",Taraba,TA, , , ,0,0,0,0,0,0,0,0,0,0,0, , , , , ,0, , ,,, ,Not identified,CLTC, ,0,0,GRID,CLTC
809,684080ef-a53b-4ba1-9fe6-bacf15796bf4,7741,1517529600000,adanna.alex,Amoto,CRSBKS05,Bakassi,"9004",Cross River,CR, , , ,0,0,0,0,0,0,0,0,0,0,0, , , , , ,0, , ,,, ,Not identified,Bakassi Resettlement Camp, ,0,0,GRID,Bakassi Resettlement Camp
810,5a5202d6-baf0-418a-9089-51f9b3dd6339,7742,1517529600000,adanna.alex,Bulkchuwa,BA1220,Katagum,"5012",Bauchi,BA, , , ,0,0,0,0,0,0,0,0,0,0,0, , , , , ,0, , ,,, ,Host Communities,Dagaro, ,0,0,IOM DTM RD16 May 2017,Bulkachuwa
811,59bc8642-fa0f-4a1b-b10c-28338c4497d0,6892,1517529600000,dennis.irorere,Yerimaram,"71409",Potiskum,"714",Yobe,YO,Local Clinic,Yes,Yes,8,1,2,10,6,13,12,10,4,3,1,YB_S007,Yes,Yes,Yes,Yes,0, , ,,,Informal,Camp,Garin Daye, ,0,62,IOM DTM RD24 August 2018,Fillin Allah
812,34f91bfc-9bd9-449e-95f4-f58d20e13388,6893,1517529600000,dennis.irorere,Mamudo,"71403",Potiskum,"714",Yobe,YO,Local Clinic,Yes,Yes,9,2,0,12,9,8,2,7,3,7,3,YB_S008,Yes,Yes,Yes,Yes,0, , ,,,Informal,Camp,Mamudo, ,0,53,IOM DTM RD24 August 2018,Adaya
813,8a286e6a-082d-43d7-9a30-c2a4b02f0294,6898,1517529600000,dennis.irorere,Banki,"10305",Bama,"103",Borno,BR,INGO,Yes,Yes,10373,1190,1200,8621,4299,6680,7129,2460,2616,2145,2052,BO_S110,Yes,Yes,Yes,Yes,0,SEMA,Government,,, ,Not identified,Banki, ,0,38392,IOM DTM RD24 August 2018,Banki
814,"0e9f8a8a-20ce-4aa7-8b54-4d058c381ce1",7768,1517529600000,dennis.irorere,Karu,NASKRV07,Karu,"26004",Nasarawa,NA, , , ,0,0,0,0,0,0,0,0,0,0,0,NW_S008, , , , ,0, , ,,,Informal,Camp,Ado Nkasa, ,0,0,IOM DTM RD24 August 2018,Ado Nkasa
815,"0531fe74-fcaa-4653-bf7e-d7b164ac0657",7769,1517529600000,adanna.alex,Ndufu Echara,EBSCHR21,Ikwo,"11007",Ebonyi,EB, , , ,0,0,0,0,0,0,0,0,0,0,0, , , , , ,0, , ,,, ,Not identified,Egu Inyima, ,0,0,GRID,Nkumoro Elegu Enyim
816,8fb4a04c-f26b-4225-81a6-abdbad8c0e2d,7770,1517529600000,adanna.alex,Iyonu,EBSZLL11,Ishielu,"11008",Ebonyi,EB, , , ,0,0,0,0,0,0,0,0,0,0,0, , , , , ,0, , ,,, ,Not identified,Efia Ukpa Ezillo, ,0,0,GRID,Effiukpa Village
817,b244f934-656f-4caa-9953-a9552d252585,7763,1517529600000,adanna.alex,Uhuobia,EBSNCA22,Onicha,"11013",Ebonyi,EB, , , ,0,0,0,0,0,0,0,0,0,0,0, , , , , ,0, , ,,, ,Not identified,Umuchima Idp Site, ,0,0,GRID,Umuchima Idp Site
818,fdd4ef0c-b303-4c40-afdb-03fd77030de2,6899,1517529600000,dennis.irorere,Mayo Inne,ADSFUR06,Fufore,"2002",Adamawa,AD,Local Clinic,Yes,No,44,1,0,39,18,28,25,20,15,3,2,AD_S038,Yes,Yes,Yes,No,0, , ,,,Informal,Collective Settlement/Centre,Lowcost Quarters, ,0,151,IOM DTM RD24 August 2018,Lowcost Quarters
819,2fb40ccf-bbed-493c-a59b-ec0878d1131f,6925,1517529600000,dennis.irorere,Dalori,"11603",Konduga,"116",Borno,BR,Government,Yes,Yes,581,73,51,1033,845,620,507,414,338,136,111,BO_S077,Yes,Yes,No,Yes,0, ,INGO,,, ,Collective Settlement/Centre,Kalari Abdul, ,0,4128,IOM DTM RD24 August 2018,Kalari Abule
820,9eea49b8-b9e1-4c1b-a40b-229f207d60d3,6926,1517529600000,dennis.irorere,Lamisula,"12410",Maiduguri,"124",Borno,BR,Government,Yes,Yes,61,5,2,90,75,61,52,49,39,10,8,BO_S086,Yes,Yes,Yes,Yes,0, , ,,, ,Collective Settlement/Centre,Lamisula, ,0,391,IOM DTM RD24 August 2018,Grema Mohammed Company
821,942e39b6-1b3c-4b90-81e6-551fc66c44fe,7708,1517529600000,adanna.alex,Gelengu,GMSBLG05,Balanga,"16002",Gombe,GO, , , ,0,0,0,0,0,0,0,0,0,0,0, , , , , ,0, , ,,, ,Not identified,Garin Kuka IDP camp, ,0,0,GRID,Garin Kuka IDP camp
822,5fb1e2ca-229c-43c5-99a1-1df84912a4a0,6927,1517529600000,dennis.irorere,Maisandari,"12413",Maiduguri,"124",Borno,BR,INGO,Yes,Yes,18,3,3,31,23,22,16,8,6,5,3,BO_S123,Yes,Yes,Yes,Yes,0, , ,,, ,Collective Settlement/Centre,Kaigama, ,0,120,IOM DTM RD24 August 2018,Kusheri Bulamani
823,d9965de5-0a78-4776-8974-c991f106a885,7130,1517529600000,dennis.irorere,Galtimari,"11306",Jere,"113",Borno,BR, , , ,0,0,0,0,0,0,0,0,0,0,0,BO_S061, , ,Yes, ,0, , ,,, ,Collective Settlement/Centre,Mufa A, ,0,0,IOM DTM RD24 August 2018,Mufa A
824,9c225577-2e89-48ae-92aa-8234cd6f0185,6947,1517529600000,dennis.irorere,Bole Yolde Pate,ADSYLA03,Yola South,"2021",Adamawa,AD,INGO,Yes,Yes,228,21,51,154,135,150,148,101,83,35,37,AD_S003,Yes,Yes,Yes,Yes,0, ,Government,,,Formal,Camp,Malkohi Village, ,0,915,IOM DTM RD24 August 2018,Malkohi Camp
825,3a6dde85-8080-4a7e-af94-3918b9417819,6949,1517529600000,dennis.irorere,Pariya,ADSFUR07,Fufore,"2002",Adamawa,AD,NGO,Yes,Yes,343,23,31,231,396,438,636,48,33,20,17,AD_S006,Yes,Yes,Yes,No,0, , ,,,Informal,Camp,Daware, ,0,1873,IOM DTM RD24 August 2018,Daware Camp
826,75db320a-604f-4100-83d0-ae6d4e368bdb,6995,1517529600000,dennis.irorere,Bolori 2,"12402",Maiduguri,"124",Borno,BR,Government,Yes,Yes,12,3,3,15,10,12,9,8,6,4,3,BO_S188,Yes,Yes,Yes,Yes,0, , ,,,Informal,Collective Settlement/Centre,Bolori Gana, ,0,73,IOM DTM RD24 August 2018,Karantina Camp
827,cadd4d80-244c-4415-934f-f90ad951d83b,7169,1517529600000,adanna.alex,Damboa,"10703",Damboa,"107",Borno,BR, , , ,0,0,0,0,0,0,0,0,0,0,0, , , , , ,0, , ,,, ,Not identified,Damboa Town, ,5497,0,eHA_Polio,Damboa
828,5f384802-9b8c-49ce-806f-4ad4838dc715,7693,1517529600000,adanna.alex,Hinna,GMSYDB03,Yamaltu/Deba,"16011",Gombe,GO, , , ,0,0,0,0,0,0,0,0,0,0,0, , , , , ,0, , ,,, ,Host Communities,Tashan Hinna, ,0,0,IOM DTM RD16 May 2017,Tashan Hinna
829,1088b934-c36b-4018-a8b6-edcfe765b22b,7694,1517529600000,adanna.alex,Kanawa / Wajari,GMSYDB06,Yamaltu/Deba,"16011",Gombe,GO, , , ,0,0,0,0,0,0,0,0,0,0,0, , , , , ,0, , ,,, ,Host Communities,Kanawa, ,0,0,IOM DTM RD16 May 2017,Kanawa
830,2bbeabc6-13a4-471b-942e-d32293e588fa,7695,1517529600000,adanna.alex,Zambuk / Kwali,GMSYDB11,Yamaltu/Deba,"16011",Gombe,GO, , , ,0,0,0,0,0,0,0,0,0,0,0, , , , , ,0, , ,,, ,Host Communities,Zambuk, ,0,0,IOM DTM RD16 May 2017,Zambuk
831,cd4c1310-7224-46ca-924c-4238f97f8667,6894,1517529600000,dennis.irorere,Dogo Tebo,"71410",Potiskum,"714",Yobe,YO,Government,Yes,Yes,6,1,0,11,6,9,2,2,2,0,1,YB_S013,Yes,Yes,Yes,Yes,0, , ,,,Informal,Camp,Dogo Tebo, ,0,34,IOM DTM RD24 August 2018,Race Course
832,1beb4b52-00d8-42ce-8a7d-4cda4d905c36,6895,1517529600000,dennis.irorere,Damaturu Central,"70303",Damaturu,"703",Yobe,YO,Local Clinic,Yes,No,99,8,7,194,132,62,49,45,38,37,22,YB_S018,Yes,Yes, ,No,0, , ,,, ,Not identified,YBC Quarters, ,0,594,IOM DTM RD24 August 2018,YBC
833,94ad6670-50ae-4979-bcfc-c123d558e6d1,7747,1517529600000,adanna.alex,Maroko / Okun Alfa,LASEOA15,Eti Osa,"25008",Lagos,LA, , , ,0,0,0,0,0,0,0,0,0,0,0, , , , , ,0, , ,,, ,Not identified,IDP Site 2, ,0,0,GRID,IDP Site 2
834,d414eae3-56ed-40c1-abbd-640e06e2e53a,7748,1517529600000,adanna.alex,Apese / 6 Extension,LASEOA05,Eti Osa,"25008",Lagos,LA, , , ,0,0,0,0,0,0,0,0,0,0,0, , , , , ,0, , ,,, ,Not identified,IDP Shop Rite, ,0,0,GRID,IDP Shop Rite
835,5883668e-ca21-48db-87e3-6894af52adde,7749,1517529600000,adanna.alex,Agbelekale,LASAMO06,Alimosho,"25003",Lagos,LA, , , ,0,0,0,0,0,0,0,0,0,0,0, , , , , ,0, , ,,, ,Not identified,IDP Sunrise Estate, ,0,0,GRID,IDP Sunrise Estate
836,8f92112a-0bf6-4f60-858b-1dfd34b69789,7750,1517529600000,adanna.alex,Apese / 6 Extension,LASEOA05,Eti Osa,"25008",Lagos,LA, , , ,0,0,0,0,0,0,0,0,0,0,0, , , , , ,0, , ,,, ,Not identified,IDP Dideolu Estate, ,0,0,GRID,IDP Dideolu Estate
837,47aa5626-5211-4477-8ae2-b2c90ebd4a66,7751,1517529600000,dennis.irorere,Hospital,TRSWKR05,Wukari,"35014",Taraba,TA,Government,Yes,Yes,51,3,3,56,52,69,63,21,14,17,13,TR_S022,No,Yes,Yes,Yes,0, , ,,,Informal,Collective Settlement/Centre,Vertinary, ,0,311,IOM DTM RD24 August 2018,Vertinary
838,f407d8af-cf03-4fbe-a69a-344f2d28f306,7752,1517529600000,dennis.irorere,Rafin Kada,TRSWKR09,Wukari,"35014",Taraba,TA,Local Clinic,Yes,Yes,135,9,8,170,167,182,172,34,25,26,17,TR_S026,No,Yes,Yes,Yes,0, , ,,, ,Collective Settlement/Centre,Old Concord, ,0,810,IOM DTM RD24 August 2018,Old Concord
839,e9ae4c95-ae19-46de-aa11-d2965e74f905,7753,1517529600000,dennis.irorere,Puje,TRSWKR08,Wukari,"35014",Taraba,TA, , , ,0,0,0,0,0,0,0,0,0,0,0,TR_S009, , ,Yes,Yes,0, , ,,,Informal,Collective Settlement/Centre,East Primary School, ,0,0,IOM DTM RD24 August 2018,East Primary School
840,b345a6ef-33f0-4879-bdad-64c3618e2d21,7760,1517529600000,adanna.alex,Gyata Aure,TRSDGA05,Donga,"35003",Taraba,TA, , , ,0,0,0,0,0,0,0,0,0,0,0, , , , , ,0, , ,,, ,Not identified,Domzonga Primary School, ,0,0,GRID,Domzonga Primary School
841,c724b94d-48a9-45b9-9c51-cd51f8b1c194,7761,1517529600000,adanna.alex,Puje,TRSWKR08,Wukari,"35014",Taraba,TA, , , ,0,0,0,0,0,0,0,0,0,0,0, , , , , ,0, , ,,, ,Not identified,Wukari North Primary School, ,0,0,GRID,Wukari North Primary School
842,f16252e9-372f-4e95-8432-85cbfacd550d,7095,1517529600000,dennis.irorere,Bali A,TRSBAL01,Bali,"35002",Taraba,TA, , , ,0,0,0,0,0,0,0,0,0,0,0,TR_S014, , ,Yes, ,0, , ,,,Informal,Collective Settlement/Centre,Nkst Church, ,0,0,IOM DTM RD24 August 2018,Nkst Church
843,1d951e08-20f1-4897-88fc-900e6841701e,7202,1517529600000,adanna.alex,Monguno,"12307",Monguno,"123",Borno,BR, , , ,0,0,0,0,0,0,0,0,0,0,0, , , , , ,0, , ,1474588800000,1474588800000, ,Formal,Kerinari, ,250,0,eHA_Polio,Kerinari
844,84005b7e-7f4d-4af8-9c20-d7c089aa67ba,7203,1517529600000,adanna.alex,Monguno,"12307",Monguno,"123",Borno,BR, , , ,0,0,0,0,0,0,0,0,0,0,0, , , , , ,0, , ,1474675200000,1474675200000, ,Formal,GG Camp Mng, ,5600,0,eHA_Polio,GGSS Monguno
845,ef732b3f-4652-48ba-8fe4-01c44959b3f2,7096,1517529600000,dennis.irorere,Bali A,TRSBAL01,Bali,"35002",Taraba,TA, , , ,0,0,0,0,0,0,0,0,0,0,0,TR_S012, , ,Yes, ,0, , ,,,Informal,Collective Settlement/Centre,Catholic Church, ,0,0,IOM DTM RD24 August 2018,Catholic Church
846,5c75e577-0c6f-4d0d-a777-a80d2ad609ba,6896,1517529600000,dennis.irorere,Dusuman,"11307",Jere,"113",Borno,BR,INGO,Yes,No,95,16,13,132,108,60,50,48,40,10,8,BO_S194,Yes,Yes,Yes,No,0, , ,,,Informal,Collective Settlement/Centre,Muna Ethiopia Gulumba Camp, ,0,485,IOM DTM RD24 August 2018,Muna Ethiopia Gulumba Camp
847,684eb61d-6932-47ed-9141-feb5fb5243b8,6897,1517529600000,dennis.irorere,Dogon Nini,"71401",Potiskum,"714",Yobe,YO,Government,Yes,Yes,5,1,2,6,5,0,1,6,4,1,2,YB_S012,Yes,Yes,Yes,Yes,0, , ,,,Informal,Camp,Garin Liman, ,0,28,IOM DTM RD24 August 2018,Ramin Kasa
848,c763d9c7-bc5e-4f9b-b913-3e3c8a7ffa9c,7111,1517529600000,dennis.irorere,Hausawa Asibiti,"71402",Potiskum,"714",Yobe,YO, , , ,0,0,0,0,0,0,0,0,0,0,0,YB_S010, , , , ,0, , ,,,Informal,Camp,Garin Liman, ,0,0,IOM DTM RD24 August 2018,Kara
849,d41fdb7c-6b2a-440d-b607-e4520209c245,7133,1517529600000,dennis.irorere,Gangare,PLSJJN05,Jos North,"32005",Plateau,PL, , , ,0,0,0,0,0,0,0,0,0,0,0,PL_S001, , , , ,0, ,Local NGO,,,Informal,Collective Settlement/Centre,House of Recab, ,0,0,IOM DTM RD24 August 2018,House Of Recab
850,518f8b66-c125-4ecb-a02b-b84e78c7dbd8,7134,1517529600000,dennis.irorere,Turu B,PLSBUU17,Jos South,"32006",Plateau,PL, , , ,0,0,0,0,0,0,0,0,0,0,0,PL_S004, , , , ,0, , ,,,Informal,Collective Settlement/Centre,Kwallack Lock Up Shops, ,0,0,IOM DTM RD24 August 2018,Kwallack Lock Up Shops
851,efeca03e-1771-43b6-a064-0a59d9c9ecc6,7204,1517529600000,adanna.alex,Monguno,"12307",Monguno,"123",Borno,BR, , , ,0,0,0,0,0,0,0,0,0,0,0, , , , , ,0, , ,,, ,Formal,Govt Logde,Govt Lodgde,100,0,eHA_Polio,Govt Lodge
852,66784f4e-7329-4446-b81b-e0b8282ec807,7530,1517529600000,adanna.alex,Tofu,BA1406,Misau,"5014",Bauchi,BA, , , ,0,0,0,0,0,0,0,0,0,0,0, , , , , ,0, , ,,, ,Host Communities,Sebore Jauro K, ,0,0,IOM DTM RD16 May 2017,Tofu
853,3aef3059-4ec4-4e6d-ba4c-0838654aed74,7531,1517529600000,adanna.alex,Jarkasa,BA1403,Misau,"5014",Bauchi,BA, , , ,0,0,0,0,0,0,0,0,0,0,0, , , , , ,0, , ,,, ,Host Communities,Kewel, ,0,0,IOM DTM RD16 May 2017,Rigar Sarki
854,3a103c2d-2524-4605-aa89-e4326d69e4ab,7672,1517529600000,adanna.alex,Kulishin,GMSSHM07,Shomgom,"16010",Gombe,GO, , , ,0,0,0,0,0,0,0,0,0,0,0, , , , , ,0, , ,,, ,Host Communities,Kalorgu, ,0,0,IOM DTM RD16 May 2017,Kalorgu
855,f9e30a52-724f-45a1-b990-588b65dcd3b5,7746,1517529600000,adanna.alex,Ajah,LASEOA03,Eti Osa,"25008",Lagos,LA, , , ,0,0,0,0,0,0,0,0,0,0,0, , , , , ,0, , ,,, ,Not identified,IDP Site 1, ,0,0,GRID,IDP Site 1
856,7298f925-8c96-4487-a1e2-c0e75204672f,7754,1517529600000,dennis.irorere,Puje,TRSWKR08,Wukari,"35014",Taraba,TA,Local Clinic,Yes,Yes,47,3,3,59,41,57,50,14,12,4,3,TR_S021,No,Yes,Yes,Yes,0, , ,,,Informal,Collective Settlement/Centre,Melo, ,0,246,IOM DTM RD24 August 2018,Melo
857,1f53c047-1e3d-4e57-8291-9143d50bb2ec,7755,1517529600000,dennis.irorere,Avyi,TRSWKR02,Wukari,"35014",Taraba,TA,Government,Yes,Yes,168,9,7,181,147,210,188,109,94,21,17,TR_S006,No,No, ,Yes,0, , ,,,Informal,Collective Settlement/Centre,Ebenezer Primary School Wukari, ,0,983,IOM DTM RD24 August 2018,Ebenezer Primary School Wukari
858,99e2a8de-9eef-4148-a5f0-369b9474c6a8,7756,1517529600000,dennis.irorere,Asibiti,TRSDGA02,Donga,"35003",Taraba,TA, , , ,0,0,0,0,0,0,0,0,0,0,0,TR_S031, , ,Yes, ,0, , ,,,Informal,Camp,Kapye Pri Sch, ,0,0,IOM DTM RD24 August 2018,Kapye Pri Sch
859,acb3287c-3741-4738-b1ea-c900f48a5cab,7757,1517529600000,dennis.irorere,Hospital,TRSWKR05,Wukari,"35014",Taraba,TA, , , ,0,0,0,0,0,0,0,0,0,0,0,TR_S007, , , , ,0, ,Religious Entity,,,Informal,Collective Settlement/Centre,Izala Mosque, ,0,0,IOM DTM RD24 August 2018,Izala Mosque
860,5c74b19c-f624-46eb-87c4-019e2de85446,7758,1517529600000,adanna.alex,Asibiti,TRSDGA02,Donga,"35003",Taraba,TA, , , ,0,0,0,0,0,0,0,0,0,0,0, , , , , ,0, , ,,, ,Not identified,Wisdom Secondary Nursery and Primary School, ,0,0,GRID,Wisdom Secondary Nursery and Primary School
861,98af31f3-4fd9-44c7-b1a8-46e71498bfd0,7759,1517529600000,adanna.alex,Akate,TRSDGA01,Donga,"35003",Taraba,TA, , , ,0,0,0,0,0,0,0,0,0,0,0, , , , , ,0, , ,,, ,Not identified,Universal Basic Education Authority Tor Damisa, ,0,0,GRID,Universal Basic Education Authority Tor Damisa
862,340f8d86-16d2-474e-80f5-390c569d4866,7772,1517529600000,adanna.alex,Abakpa,EBSAKL01,Abakaliki,"11001",Ebonyi,EB, , , ,0,0,0,0,0,0,0,0,0,0,0, , , , , ,0, , ,,, ,Not identified,Ibeme, ,0,0,GRID,St Theresa Idp Site
863,714afc22-ed9a-4c67-9865-dedb58d66617,7773,1517529600000,adanna.alex,Agalegu 2,EBSUGB04,Ebonyi,"11004",Ebonyi,EB, , , ,0,0,0,0,0,0,0,0,0,0,0, , , , , ,0, , ,,, ,Not identified,Azuda Okwerike, ,0,0,GRID,Sister Mary Ministry Center
864,5ea21542-ffd0-4f82-8e69-a02d58abbf3c,7775,1517529600000,adanna.alex,Oji River 3 / Okwe Central,ENSJRV15,Oji-River,"14014",Enugu,EN, , , ,0,0,0,0,0,0,0,0,0,0,0, , , , , ,0, , ,,, ,Not identified,Disabled Veterans Of Biafra, ,0,0,GRID,Disabled Veterans Of Biafra
865,d5968a65-22e8-4b02-9d95-8c56b753a06c,7776,1517529600000,adanna.alex,Oji River 3 / Okwe Central,ENSJRV15,Oji-River,"14014",Enugu,EN, , , ,0,0,0,0,0,0,0,0,0,0,0, , , , , ,0, , ,,, ,Not identified,Leprosy Settlement, ,0,0,GRID,Leprosy Settlement
866,f0bc5716-c38e-42d8-acf3-39746c75e4d7,7789,1517529600000,adanna.alex,Pategi 4,KWSPTG10,Pategi,"24016",Kwara,KW, , , ,0,0,0,0,0,0,0,0,0,0,0, , , , , ,0, , ,,, ,Camp,Gbaradogi IDP Camp, ,0,0,GRID,Gbaradogi IDP Camp
867,3939bfcc-a48d-4c9b-8a58-cbfc40a287f7,7790,1589328000000,tosin.williams,Bishiri South,CRSBNS05,Obanliku,"9012",Cross River,CR, , , ,0,0,0,0,0,0,0,0,0,0,0, , , , , ,0, , ,,, ,Not identified,Bebi Village, ,0,0,GRID,Obanliku Local Government Council Headquarters Refugee Camp
868,41d8ee7a-6d59-4bcf-a4f3-2be7a81ca613,7791,1589328000000,tosin.williams,Akurba,NASLFA03,Lafia,"26008",Nasarawa,NA, , , ,0,0,0,0,0,0,0,0,0,0,0,NW_S001, , , , ,0, , ,,,Informal,Camp,Shinge, ,0,0,IOM DTM RD24 August 2018,Shinge Camp
869,f86aa7d3-f565-4fff-964d-3530a2486b15,7792,1589328000000,tosin.williams,Akurba,NASLFA03,Lafia,"26008",Nasarawa,NA, , , ,0,0,0,0,0,0,0,0,0,0,0,NW_S002, , , , ,0, , ,,,Informal,Camp,Almajiri, ,0,0,IOM DTM RD24 August 2018,Almajiri Camp
870,ac0c9ea8-1c52-44ee-9afe-d3e6de87208b,7793,1589328000000,tosin.williams,Uwani East,ENSUWN02,Enugu South,"14005",Enugu,EN, , , ,0,0,0,0,0,0,0,0,0,0,0, , , , , ,0, , ,,, ,Not identified,Akwuke, ,0,0,GRID,Mbanugo Bus Stop Idp Camp
